cohorte,A_varones_65,n_edades_obs_varones,A_mujeres_60,A_mujeres_65,n_edades_obs_mujeres
1950,18.444201,0,10.504608,11.094633,0
1951,18.479793,0,10.51153,11.103105,0
1952,18.518566,0,10.52542,11.120115,0
1953,18.547256,1,10.537733,11.135202,1
1954,18.561585,2,10.536595,11.133807,2
1955,18.428337,3,9.766034,10.312292,3
1956,19.383047,4,10.383331,10.972208,4
1957,18.432935,5,10.278255,10.861032,5
1958,18.164638,6,10.667735,11.27635,6
1959,18.623296,7,11.688622,12.364519,7
1960,18.806861,8,10.403868,10.995479,8
1961,18.993005,9,11.364273,12.025252,9
1962,18.468496,9,10.450453,11.049123,9
1963,18.992852,9,10.535496,11.14047,9
1964,18.93218,9,11.07056,11.709758,9
1965,19.128535,9,10.862153,11.49159,9
1966,18.65326,9,11.033731,11.677014,9
1967,19.875479,9,10.936649,11.574268,9
1968,19.387501,9,11.032137,11.677315,9
1969,18.829281,9,10.865352,11.497188,9
1970,18.256526,9,12.185998,12.916114,9
1971,18.19728,9,11.802064,12.506045,9
1972,18.945825,9,12.446885,13.19993,9
1973,18.888793,9,12.434299,13.187851,9
1974,18.988915,9,12.965027,13.758057,9
1975,18.034707,9,13.125169,13.933544,9
1976,18.82716,9,12.913346,13.70744,9
1977,18.597377,9,13.206346,14.024029,9
1978,18.615908,9,12.721062,13.503057,9
1979,18.707745,9,13.44411,14.282004,9
1980,18.105336,9,13.425826,14.264762,9
1981,18.362673,9,14.148341,15.046814,9
1982,18.051513,9,13.299828,14.132308,9
1983,18.220231,9,13.016387,13.828238,9
1984,17.378878,9,13.982233,14.870594,9
1985,18.000139,9,13.709726,14.578005,9
1986,17.961423,9,13.754782,14.627867,9
1987,17.455016,9,13.37787,14.221871,9
1988,17.185556,9,13.560811,14.420404,9
1989,16.70418,9,13.533083,14.390782,9
1990,16.711802,9,12.955341,13.768438,9
1991,16.103977,9,12.349344,13.116645,9
1992,16.311787,9,12.141309,12.893684,9
1993,14.80837,9,11.567534,12.277689,9
1994,14.892593,9,12.315515,13.082641,9
1995,14.367619,9,12.865621,13.676241,9
1996,14.089008,9,12.130635,12.885484,9
1997,13.327505,9,12.124799,12.880356,9
1998,14.309267,9,12.218047,12.981674,9
1999,14.206344,9,11.510966,12.221537,9
2000,13.599055,8,12.162307,12.923107,8
2001,13.48487,7,12.482878,13.269312,7
2002,13.329337,6,14.020402,14.930681,6
2003,14.363762,5,13.688948,14.573235,5
2004,15.088847,4,15.116,16.120311,4
2005,15.298902,3,14.027393,14.940823,3
2006,14.327732,2,13.8708,14.77235,2
2007,14.335407,1,13.875081,14.777733,1
2008,14.344129,0,13.880935,14.785093,0
2009,14.351381,0,13.884252,14.789263,0
2010,14.359004,0,13.887518,14.793372,0
2011,14.367473,0,13.893042,14.800319,0
2012,14.374859,0,13.897838,14.806353,0
2013,14.382749,0,13.902201,14.811842,0
2014,14.389348,0,13.906016,14.816643,0
2015,14.395964,0,13.909259,14.820725,0
2016,14.403349,0,13.913829,14.826477,0
2017,14.409722,0,13.917436,14.831018,0
2018,14.416265,0,13.921235,14.8358,0
2019,14.422625,0,13.924929,14.840452,0
2020,14.428879,0,13.928511,14.844963,0
2021,14.434868,0,13.931864,14.849186,0
2022,14.440797,0,13.93535,14.853577,0
2023,14.446594,0,13.938797,14.85792,0
2024,14.453149,0,13.940645,14.860249,0
2025,14.458636,0,13.943927,14.864385,0
2026,14.463789,0,13.947108,14.868393,0
2027,14.468863,0,13.950175,14.872258,0
2028,14.473974,0,13.953362,14.876276,0
2029,14.478997,0,13.956404,14.88011,0
2030,14.483969,0,13.959437,14.883934,0
2031,14.488708,0,13.962378,14.887642,0
2032,14.493413,0,13.965276,14.891297,0
2033,14.498073,0,13.968217,14.895005,0
2034,14.502743,0,13.971057,14.898587,0
2035,14.507252,0,13.973831,14.902086,0
