cohorte,A_bar_solo_asalariados,A_bar_pp07i,A_bar_indep50,n_edades_obs,S65,meseta_densidad,edad_ingreso_umbral50,edad_ingreso_media,edad_ingreso_observada
1950,14.127258992912886,13.959205161673184,16.458939269998208,0,0.7197909064311493,0.4056124417636981,23.0,23.777519565831426,
1951,14.146498893104779,13.978985994119776,16.484257932228854,0,0.7245188010793745,0.4056124417636981,23.0,23.777519565831426,
1952,14.172134072156766,14.005343456851646,16.51799949897747,0,0.7308466563760583,0.4056124417636981,23.0,23.777519565831426,
1953,14.192939021478995,14.026735891648956,16.54538933371138,1,0.7360060911208408,0.4056124417636981,23.0,23.777519565831426,
1954,14.19736971837671,14.03129185120141,16.55122305511026,2,0.7371076282925119,0.4056124417636981,23.0,23.777519565831426,
1955,13.517657690725427,13.349611930829314,15.788337793626486,3,0.740432731709538,0.3873245036039901,23.0,23.848443311424298,
1956,14.384066602191853,14.161099099792143,16.815674644696564,4,0.7454440761758478,0.40962993978448453,23.0,23.761713460802582,
1957,14.04999962093531,13.736756325874543,16.56674505033176,5,0.7488829568081967,0.4005089788484033,23.0,23.797479586046315,
1958,14.180643388557105,14.166126454643974,16.616472520888415,6,0.7457549504160155,0.4042644018817113,23.0,23.782804684111507,
1959,14.992253684661941,14.886899368972323,17.135658420691662,7,0.7349316562106539,0.42665141127381656,23.0,23.693810033877156,
1960,14.505095768307156,14.547209897888415,17.470763190227217,8,0.7527587501201144,0.41202117348626677,23.0,23.752266115426877,
1961,15.167224395499064,15.062373171035086,17.861218014262395,9,0.7610797140354573,0.4283215114473051,23.0,23.68706417958508,
1962,14.43344509601399,14.270525224795705,17.17972726515682,9,0.7643565642365403,0.4089414345584767,23.0,23.76442814476006,
1963,14.678797829162729,14.580175929431311,17.3559850269628,9,0.7644667486991453,0.41531133134442394,23.0,23.73921867857935,
1964,14.983457736871555,15.090373306099996,17.910843701990764,9,0.7547584278624409,0.42425052719783174,23.0,23.70348119477658,
1965,15.037261658635954,15.193400592031052,18.19922488881305,9,0.7709174531541616,0.4239106881613141,23.0,23.70484761145084,
1966,14.875158886449972,15.051094030835753,18.019140767064062,9,0.7760043466689177,0.4191886460555613,23.0,23.723769897333536,
1967,15.427586721661426,15.50524677090753,18.662054951825542,9,0.7800856737467333,0.4329708666364184,23.0,23.668204291779464,
1968,15.237486867838713,15.535002175342044,18.516236081876002,9,0.7806276245832233,0.4280355188107353,23.0,23.688220434569253,
1969,14.81443664096431,15.018436643319111,18.19434089198756,9,0.7745851064499973,0.41776736586872126,23.0,23.72944205885426,
1970,15.394686727155268,15.638046278801738,18.749049127874873,9,0.7861008419639796,0.431485832125565,23.0,23.67424115972568,
1971,15.229896094736292,15.651131491393418,18.982704541891923,9,0.7922173345147892,0.4266203032587562,23.0,23.693935541453815,
1972,15.973199155079701,16.276357648701016,19.537136260407756,9,0.7958767888748147,0.4451778173347164,23.0,23.618114947611872,
1973,15.951018435811111,16.49409906282266,19.900969560813756,9,0.7991601748396915,0.44426090343872404,23.0,23.62190662149318,
1974,16.263088266143694,16.732406613494998,20.156722640504444,9,0.7974829638415384,0.4523384218042373,23.0,23.58833732427408,
1975,15.94112915338238,16.549826080727616,20.162447058040062,9,0.8057959409957917,0.44329870624054835,23.0,23.625880390148176,
1976,16.23947882860711,16.833020352889157,20.7553151688747,9,0.8105049279247849,0.450326848983562,23.0,23.596732553592872,
1977,16.263998903574645,17.016578485423096,20.810236543404617,9,0.8136589941639623,0.45060450174903605,23.0,23.595575183092762,
1978,16.039933627460684,16.997832360935867,20.712053123660983,9,0.8170190948874042,0.44460152617264065,23.0,23.620498620516795,
1979,16.549891075098962,17.30070665195956,21.10004566474589,9,0.8166441495255715,0.4574599182568474,23.0,23.56685567287012,
1980,16.164768074714683,17.033271802304938,20.88439494126624,9,0.822487296020122,0.4471661869828355,23.0,23.60987596863363,
1981,16.689946459514605,17.662563465186054,21.559874326341234,9,0.8272645715204292,0.4598102156997224,23.0,23.556945498338834,
1982,16.083091889291815,17.064282448669566,21.073036854876335,9,0.831023063367386,0.4442156504638295,23.0,23.622093629684983,
1983,16.070094449437274,17.20568078292537,21.25661062907631,9,0.8343585212358734,0.44354178023600055,23.0,23.624877019619852,
1984,16.214639720698404,17.56334697478535,21.855061264294335,9,0.8344796464986378,0.44715588652094096,23.0,23.60991870805736,
1985,16.35721285164539,17.880627352428323,22.184570383939633,9,0.8389247886406326,0.4502590548098176,23.0,23.597015079350946,
1986,16.304216055613555,17.8035214561882,22.19631711244799,9,0.8418341997616289,0.4486300515679577,23.0,23.603795769153187,
1987,15.834091518109911,17.376335027692175,21.917197472649136,9,0.844288592381884,0.4365924438943753,23.0,23.653430915652716,
1988,15.903962066756323,17.667059783509,22.2508153665643,9,0.8470091550251337,0.4380714599485159,23.0,23.64737660670481,
1989,15.587351286463365,17.371562088705502,21.934284832812217,9,0.8479018260847163,0.4300192047910945,23.0,23.680191299757624,
1990,15.398088621387268,17.113850287785894,21.90554895360923,9,0.8503514036603518,0.42500313374080445,23.0,23.700452918901068,
1991,14.68833919436515,16.396632423122632,21.159483371109133,9,0.8531521790949738,0.40674091094969456,23.0,23.773088168345097,
1992,14.631897392385069,16.557258032954493,21.496570683209573,9,0.8556689115225068,0.40506756718338377,23.0,23.779656912598348,
1993,13.577571745065573,15.478551595841374,20.639033270111387,9,0.858451748262312,0.3778055253031082,23.0,23.884712646637546,
1994,14.002375649999678,16.28965819911949,21.334183061862255,9,0.8599919950263211,0.3885886021880528,23.0,23.843594035339894,
1995,14.025390337345799,16.2188007377491,21.514654735670504,9,0.862322112331222,0.3889693193223014,23.0,23.842132024138163,
1996,13.523356453444114,16.155478963110713,21.455127444348168,9,0.8650978617365831,0.37582992924753167,23.0,23.89218608978985,
1997,13.093335379272357,15.658528298990683,21.243065670410004,9,0.8679660662798698,0.36448453091969335,23.0,23.93475231823451,24.0
1998,13.669186189061975,16.398769598399994,22.012863677005363,9,0.8708621503290292,0.37908043744797526,23.0,23.879880026095464,23.0
1999,13.294534154817276,16.014524746920255,21.728132901324916,9,0.872966619701836,0.36925994841273685,23.0,23.91690819702358,24.0
2000,13.240153547599043,16.089297620771188,21.65930639545772,8,0.8755989930706942,0.36763592578503923,23.0,23.922988365330486,23.0
2001,13.319509912005852,16.33851082663642,22.348964185790727,7,0.8775921837071393,0.36951308430917085,23.0,23.91595938778182,23.0
2002,13.966196047748845,17.27605472531442,23.063627836585805,6,0.8802667084981177,0.3858660058668533,23.0,23.8540287094647,23.0
2003,14.360609720549064,17.623571968567525,23.400196427778216,5,0.8829654746700717,0.3956715352213271,23.0,23.816278243858708,
2004,15.485414380782554,18.45662581865139,24.07326679129546,4,0.8847686776997429,0.4238693448717128,23.0,23.705013801180865,
2005,15.11710225189431,18.658912042721827,24.08501420704439,3,0.8869419965544194,0.41442477098901354,23.0,23.74273998446415,
2006,14.4620682632994,17.693452270794513,23.43697626900387,2,0.889006180284378,0.3977054357725274,23.0,23.80838859321902,
2007,14.468697173489632,17.7019360206649,23.44907769764124,1,0.8908877630718394,0.3977054357725274,23.0,23.80838859321902,
2008,14.47682833458568,17.712342687798373,23.4639228210337,0,0.8931988928601509,0.3977054357725274,23.0,23.80838859321902,
2009,14.482711539043672,17.71987252751528,23.474664694752132,0,0.8948732409889898,0.3977054357725274,23.0,23.80838859321902,
2010,14.488785148686036,17.727646258128452,23.485754979373695,0,0.8966036787976187,0.3977054357725274,23.0,23.80838859321902,
2011,14.496628243489567,17.737685077977243,23.500077446742566,0,0.898841119388241,0.3977054357725274,23.0,23.80838859321902,
2012,14.50345481289411,17.746423056283717,23.512544657160053,0,0.9007911920805434,0.3977054357725274,23.0,23.80838859321902,
2013,14.51031939690853,17.755209943234075,23.525082272791494,0,0.9027545846076708,0.3977054357725274,23.0,23.80838859321902,
2014,14.516168161646958,17.762696746788386,23.535765350302945,0,0.904429381778684,0.3977054357725274,23.0,23.80838859321902,
2015,14.521710845634017,17.769791914653226,23.54589001270174,0,0.9060181858921604,0.3977054357725274,23.0,23.80838859321902,
2016,14.528446899909632,17.778414930784926,23.558195431324933,0,0.9079512342551606,0.3977054357725274,23.0,23.80838859321902,
2017,14.534066664897178,17.785609137313116,23.568462335814107,0,0.9095657591520172,0.3977054357725274,23.0,23.80838859321902,
2018,14.539883032548332,17.79305520343624,23.579089110625045,0,0.911238509030919,0.3977054357725274,23.0,23.80838859321902,
2019,14.545532802448193,17.800288164220834,23.589412176617497,0,0.9128650433478902,0.3977054357725274,23.0,23.80838859321902,
2020,14.551049659302741,17.807351129992536,23.599493028124435,0,0.9144549266067894,0.3977054357725274,23.0,23.80838859321902,
2021,14.556280609604856,17.814048212261167,23.609052031283507,0,0.9159638883568118,0.3977054357725274,23.0,23.80838859321902,
2022,14.561553518039743,17.820799159270702,23.618688282935157,0,0.917486404780264,0.3977054357725274,23.0,23.80838859321902,
2023,14.566728821260977,17.827425284559983,23.62814672141787,0,0.9189821551473698,0.3977054357725274,23.0,23.80838859321902,
2024,14.57139652131793,17.833401628869076,23.63667793509481,0,0.920332403479255,0.3977054357725274,23.0,23.80838859321902,
2025,14.576304321018847,17.83968551172964,23.6456484685997,0,0.921753338091757,0.3977054357725274,23.0,23.80838859321902,
2026,14.580970034210969,17.845659548133455,23.65417697594974,0,0.9231053529845342,0.3977054357725274,23.0,23.80838859321902,
2027,14.58552966102637,17.85149786126768,23.662512002106453,0,0.9244277289343836,0.3977054357725274,23.0,23.80838859321902,
2028,14.590181415125755,17.85745425059485,23.671015880664903,0,0.925777946550447,0.3977054357725274,23.0,23.80838859321902,
2029,14.59470025287182,17.863240555001983,23.679277203030985,0,0.9270906700757072,0.3977054357725274,23.0,23.80838859321902,
2030,14.59918579129173,17.868984326571415,23.68747806502937,0,0.9283947788465008,0.3977054357725274,23.0,23.80838859321902,
2031,14.603491118886392,17.874497436294096,23.6953498403988,0,0.9296474859242996,0.3977054357725274,23.0,23.80838859321902,
2032,14.607752313762786,17.87995412878125,23.70314130123844,0,0.9308883088033384,0.3977054357725274,23.0,23.80838859321902,
2033,14.612013724812604,17.885411193681236,23.710933532126514,0,0.9321301467760577,0.3977054357725274,23.0,23.80838859321902,
2034,14.616223011596741,17.89080160325095,23.718630818637248,0,0.933357729789023,0.3977054357725274,23.0,23.80838859321902,
2035,14.620305367449758,17.89602955417672,23.726096342689374,0,0.9345491825789513,0.3977054357725274,23.0,23.80838859321902,
