cohorte,regla,A_punto,se,ic95_lo,ic95_hi,sesgo_boot,n_edades_obs,alpha_extrapolado,frac_edades_obs,TBP_C_punto,TBP_C_p4_punto,TBP_C_se,TBP_C_ic95_lo,TBP_C_ic95_hi,TBP_C_p4_se,TBP_C_p4_ic95_lo,TBP_C_p4_ic95_hi,se_ingenuo,ic95_semiancho_rel_pct,B,semilla,unidad_remuestreo
1950,solo_asalariados,14.127258992912886,0.5672515668904771,13.008376269754052,15.198243935249472,-0.020946062663567133,0,True,0.0,0.508494534425183,0.44414483768317203,0.020417571558122516,0.4682216301289957,0.547043412866714,0.017833739384864798,0.40896844672770183,0.477815377284225,0.345454350509838,7.750504420546103,1000,20260507,vivienda (CODUSU)
1951,solo_asalariados,14.146498893104779,0.5677770982408987,13.026565983685472,15.218250763423736,-0.020964529100842455,0,True,0.0,0.5069764056717687,0.43193562077766556,0.020347761991429545,0.4668407109460814,0.5453854081459526,0.017335961020826112,0.3977406641233978,0.4646594638234867,0.3457795206059018,7.74638585949533,1000,20260507,vivienda (CODUSU)
1952,solo_asalariados,14.172134072156766,0.5684767784997843,13.050803347660354,15.244906389408259,-0.020989099436890868,0,True,0.0,0.5007947985594214,0.40028290198095506,0.020088027133035945,0.46117080181810277,0.5387029070900604,0.016056264599820333,0.3686116297366668,0.4305826729348515,0.3462124807902701,7.740905605947314,1000,20260507,vivienda (CODUSU)
1953,solo_asalariados,14.192939021478995,0.5690441749158128,13.070475075061271,15.26653833450243,-0.021009011452029824,1,True,0.010210013910574115,0.5046296999938474,0.4025549468869414,0.020232355739459067,0.4647205139064925,0.5428015048909673,0.016139824687676822,0.37071845314530844,0.4330054909059045,0.3465636145126949,7.7364640830124385,1000,20260507,vivienda (CODUSU)
1954,solo_asalariados,14.19736971837671,0.569164957893865,13.074664577147479,15.271145015571411,-0.02101324866723253,2,True,0.020966875001007163,0.49970792444121387,0.3815430821797674,0.020033023399092943,0.46019182624754895,0.5375018282220589,0.01529585807872956,0.3513712694806015,0.4103999440201595,0.3466383646706982,7.73551890946696,1000,20260507,vivienda (CODUSU)
1955,solo_asalariados,13.517657690725427,0.8283603609290082,11.931811233962467,15.213448066919359,-0.0030212467111763175,3,False,0.03188433839779494,0.47176635610372797,0.363053285977631,0.028909782889706772,0.41642030271458347,0.5309494531162879,0.022247859643259957,0.320461086917967,0.40859832658247336,0.6022818930782753,12.138333829863324,1000,20260507,vivienda (CODUSU)
1956,solo_asalariados,14.384066602191853,0.8110839555351558,12.71278198561387,15.959791051559495,-0.048124610259318246,4,False,0.045980703107420785,0.5111802377400055,0.38437779016887885,0.028824260946788614,0.451786208828643,0.5671782542201121,0.02167416677718454,0.3397169369185472,0.4264850397050229,0.538750442891966,11.286825748744953,1000,20260507,vivienda (CODUSU)
1957,solo_asalariados,14.04999962093531,0.7168223450182313,12.685278086078666,15.390738266322778,-0.006777505542858719,5,False,0.06142364058102279,0.5008619963966369,0.3919621635669429,0.025553671208117055,0.4522116639471419,0.5486573738124682,0.019997668670952713,0.3538896212252514,0.4293656393251081,0.46551004106705135,9.627972431446974,1000,20260507,vivienda (CODUSU)
1958,solo_asalariados,14.180643388557105,0.6623620107807322,12.802779595825255,15.441275289635392,-0.013039843482346214,6,False,0.08021896985439675,0.49113431946103886,0.4246616963557521,0.02294033539156228,0.4434131986620044,0.5347952150820773,0.019835473426172465,0.3833993953771634,0.4624133037351514,0.44008291781013903,9.303159319058961,1000,20260507,vivienda (CODUSU)
1959,solo_asalariados,14.992253684661941,0.6456647122721021,13.721232383629104,16.2446418687959,-0.01573295165067634,7,False,0.0986559196701134,0.50489852162157,0.4377067060582731,0.021744239761825476,0.46209396472579506,0.5470755655781081,0.018850519766472125,0.40059857283783873,0.47427083566237654,0.429489577100743,8.415711000636309,1000,20260507,vivienda (CODUSU)
1960,solo_asalariados,14.505095768307156,0.5977340803613939,13.351733749733205,15.701923759835227,-0.0082922937719907,8,False,0.11912962728691359,0.4866463920136559,0.41791506249142346,0.02005399607405841,0.4479510621799181,0.5268000065255068,0.01722167709456213,0.3846848537587982,0.4523975955860196,0.4025378726614539,8.101256439950777,1000,20260507,vivienda (CODUSU)
1961,solo_asalariados,15.167224395499064,0.566963833846512,14.056121973211374,16.217389610909336,-0.03733492666623661,9,False,0.14128693038456122,0.5074285128219232,0.43451964483309047,0.018968112261721785,0.47025592045877534,0.5425624146867288,0.016242716352854986,0.40268812330243353,0.4646054011005029,0.37805320714304047,7.12479614378003,1000,20260507,vivienda (CODUSU)
1962,solo_asalariados,14.43344509601399,0.533663079849164,13.444199961747197,15.456750655081759,-0.03105005600618682,9,False,0.15238003451551607,0.48953592081227165,0.4198562491794209,0.01810013101235412,0.4559839154184871,0.5242431459964308,0.015523790580870103,0.39107997651344795,0.4496233097070073,0.3611298590862055,6.971830633458251,1000,20260507,vivienda (CODUSU)
1963,solo_asalariados,14.678797829162729,0.5432082453130799,13.533627259521825,15.712613755906878,-0.024001890069792253,9,False,0.1640042191776525,0.4889037132575506,0.42144583853355866,0.018092525784233895,0.450761751611456,0.5233368086167527,0.01559615828957651,0.3885666220879574,0.45112793002407736,0.35162100734262464,7.422223950983255,1000,20260507,vivienda (CODUSU)
1964,solo_asalariados,14.983457736871555,0.5095125733875304,13.95519454827826,15.938809246348836,-0.028424679148917775,9,False,0.17541771982753962,0.48843896347130455,0.41993478894003095,0.016609369985980543,0.45491907675141363,0.519582035333251,0.014279885105643073,0.3911161081882483,0.44671000608557926,0.3523722080756073,6.619348927681963,1000,20260507,vivienda (CODUSU)
1965,solo_asalariados,15.037261658635954,0.4950548707088522,14.051837751105058,15.99887503660396,-0.009978091987687066,9,False,0.1865165463365608,0.47730549636632386,0.4092884526936756,0.01571379258779815,0.4460266466666411,0.5078285637374313,0.013474543878441339,0.38246690529252053,0.4354619183480443,0.3280650398413108,6.474042048675504,1000,20260507,vivienda (CODUSU)
1966,solo_asalariados,14.875158886449972,0.48829776300228844,13.961099487976501,15.759399438060546,-0.02965065236375075,9,False,0.19602320686336488,0.46429199886831746,0.3986425557667347,0.015241030106493643,0.43576185216929936,0.49189142260029994,0.01308599590124225,0.37414648298448083,0.4223395069117555,0.33021817076837523,6.044641149084284,1000,20260507,vivienda (CODUSU)
1967,solo_asalariados,15.427586721661426,0.4511839549212547,14.5659589114958,16.279898528498176,0.004824015053264574,9,False,0.20229753869106865,0.4765040281705192,0.40815301741330084,0.013935489447874646,0.4498913680225003,0.5028289496596832,0.011936545613515443,0.38535774833129094,0.43070182183836125,0.3212772080782484,5.554788470564497,1000,20260507,vivienda (CODUSU)
1968,solo_asalariados,15.237486867838713,0.4552260452594514,14.365497619544074,16.12788056919199,-0.010524040025156722,9,False,0.20958574564996021,0.477622187702545,0.4083006480951462,0.014269154849603926,0.45028950377402677,0.5055317630311726,0.012198145988334365,0.3849349987397942,0.43215945949072543,0.32240681679238326,5.783049937741777,1000,20260507,vivienda (CODUSU)
1969,solo_asalariados,14.81443664096431,0.43498492709285896,13.94299279481091,15.654581958383105,0.0031361972858086062,9,False,0.21584701842127954,0.5333585380187715,0.4567215053909407,0.01566059718618821,0.5019842760731902,0.5636059709169448,0.013410362846662213,0.42985533727906683,0.48262275586830516,0.3015190345551937,5.776760888899998,1000,20260507,vivienda (CODUSU)
1970,solo_asalariados,15.394686727155268,0.4121555083985356,14.60644380947502,16.244941245590457,0.014178782819568525,9,False,0.22141760024244322,0.4911694212183782,0.4161916543767641,0.013149873466082736,0.46602043153653133,0.518296898841646,0.011142525076415135,0.3948816966118275,0.4391780808588735,0.29905774009803654,5.321632928149259,1000,20260507,vivienda (CODUSU)
1971,solo_asalariados,15.229896094736292,0.39609246580916746,14.484783250618511,15.999574664572856,0.0035721673154025524,9,False,0.22533387777514313,0.5328323847867886,0.448839026354392,0.013857671243477556,0.5067639040041941,0.5597603208235317,0.011673208772681081,0.4268798664627127,0.47152216074627284,0.309404327164367,4.973085188932715,1000,20260507,vivienda (CODUSU)
1972,solo_asalariados,15.973199155079701,0.4044294422398536,15.210933541515368,16.747293920588984,0.00844723849513862,9,False,0.22829105483667364,0.5655551814872128,0.4748147394482122,0.014319433720451311,0.5385660190010154,0.5929631729199547,0.01202195367239467,0.4521558503189309,0.49782525855744325,0.28657120702598904,4.809181818111343,1000,20260507,vivienda (CODUSU)
1973,solo_asalariados,15.951018435811111,0.40378543608918127,15.200166007775067,16.75241302469195,0.014751152632824116,9,False,0.23153975031927038,0.572024810891002,0.47924798250478495,0.01448028466952929,0.5450982406608468,0.6007638904675421,0.012131724152239984,0.4566886385517231,0.5033258645194617,0.284117476753996,4.865667427955522,1000,20260507,vivienda (CODUSU)
1974,solo_asalariados,16.263088266143694,0.3950576724598162,15.482453721778533,17.034486186934252,0.0043109000871695,9,False,0.23384471919055141,0.5882662730441934,0.4930850045868357,0.014289973762194694,0.5600292637807532,0.6161691763840339,0.011977861218550922,0.46941673312511967,0.5164732283415531,0.2884664662972124,4.77164127672701,1000,20260507,vivienda (CODUSU)
1975,solo_asalariados,15.94112915338238,0.36135906159891074,15.257424965279899,16.635063341245683,0.007724625990157108,9,False,0.23529083493090908,0.6021331848729765,0.5029809862342591,0.013649364518014389,0.5763081020741342,0.6283446783380875,0.011401747984027936,0.48140847380333684,0.5248762797755636,0.27259669227422406,4.321018802088676,1000,20260507,vivienda (CODUSU)
1976,solo_asalariados,16.23947882860711,0.381139329998286,15.492160267934194,16.98180593615711,-0.007202870517737381,9,False,0.23610999331300767,0.6008281391740078,0.5017604669128289,0.014101390618860147,0.5731788516002995,0.6282927529953581,0.011776279903878285,0.4786701378515713,0.5246965721916635,0.26891190364439704,4.586494689715003,1000,20260507,vivienda (CODUSU)
1977,solo_asalariados,16.263998903574645,0.37800544325415636,15.505606858686981,16.9763951413038,-0.0006982311456447121,9,False,0.23689558957616605,0.5835983389597234,0.488875081662571,0.013563905784104146,0.5563850846856204,0.6091611334166581,0.011362361928046835,0.4660787832199283,0.5102888047549529,0.2725863627857304,4.521607174646196,1000,20260507,vivienda (CODUSU)
1978,solo_asalariados,16.039933627460684,0.3646452278895398,15.303977508906671,16.733723342487913,0.003195383255366835,9,False,0.2379149557155239,0.5773255670573185,0.48416845487182997,0.013124681052648558,0.5508362876536878,0.6022971504783928,0.011006885730587324,0.46195347910885504,0.5051106297044997,0.2700736284150033,4.456832137801022,1000,20260507,vivienda (CODUSU)
1979,solo_asalariados,16.549891075098962,0.3756173002595605,15.836167246084997,17.29788300538031,0.013105097228709894,9,False,0.23709843276451562,0.6125220666455647,0.5126122374346204,0.013901836814441867,0.5861066906906384,0.6402057269724588,0.011634277460285555,0.4905055318834441,0.535780354688363,0.2659901452338201,4.416088760531532,1000,20260507,vivienda (CODUSU)
1980,solo_asalariados,16.164768074714683,0.35064226521123887,15.449833520338768,16.866417071198068,0.0018190935359960747,9,False,0.2375096871862565,0.5843871631784331,0.49280291979506186,0.012676385934530177,0.5585409169372941,0.6097531111899797,0.010689762531758622,0.47100725689223666,0.5141935560565964,0.2666173926388298,4.381700820920389,1000,20260507,vivienda (CODUSU)
1981,solo_asalariados,16.689946459514605,0.36985560488019775,15.987131265788033,17.407306577470834,-0.019539336945726404,9,False,0.23729875635697356,0.578257379793031,0.4887837962091217,0.012814404977187074,0.5539069078853531,0.6031117903918685,0.010831636101475046,0.46820106520657334,0.5097924916267023,0.2624703670615661,4.25458318613475,1000,20260507,vivienda (CODUSU)
1982,solo_asalariados,16.083091889291815,0.380366940742379,15.391598571440865,16.910003220140723,-0.012692350184114076,9,False,0.23792527812695774,0.5338021863818724,0.4523557559881579,0.01262448203326198,0.51085133542124,0.5612475979600393,0.0106982647501368,0.43290669826279043,0.4756136035945862,0.26273917846800876,4.720499824137728,1000,20260507,vivienda (CODUSU)
1983,solo_asalariados,16.070094449437274,0.3815529710701108,15.344532705850476,16.813790232678496,0.012787873016058882,9,False,0.23805620105039985,0.5181955516616414,0.43871142259961476,0.012303540153663374,0.4947991199128716,0.5421767328474568,0.010416344923295677,0.41890368433682146,0.459014217712217,0.25863008410627103,4.571402898255738,1000,20260507,vivienda (CODUSU)
1984,solo_asalariados,16.214639720698404,0.37758667936189433,15.466321313702402,16.910812109327853,-0.009518100759986936,9,False,0.2379095428101875,0.49632434076226734,0.41951201512428526,0.011557793632360387,0.4734185811259031,0.5176339293683175,0.009769082228881796,0.40015120487620126,0.43752368153553545,0.26731911147982,4.454279652546095,1000,20260507,vivienda (CODUSU)
1985,solo_asalariados,16.35721285164539,0.377120997105196,15.616587732358779,17.091347708840757,-0.010492727326294471,9,False,0.2375279591528645,0.5055149179163203,0.4285551613004063,0.011654815011897171,0.4826261134617598,0.5282031427037904,0.009880482158543903,0.40915095593010825,0.4477893233178042,0.2711727418283713,4.507980637831068,1000,20260507,vivienda (CODUSU)
1986,solo_asalariados,16.304216055613555,0.38419322750491863,15.57934296913218,17.08785240509851,0.005100764815562542,9,False,0.23621730187293535,0.51480782690031,0.43828457168011714,0.012130953115867584,0.491919861164508,0.5395512506124573,0.010327755936564618,0.4187987718632318,0.45935002619908694,0.28298347480023883,4.626132991677784,1000,20260507,vivienda (CODUSU)
1987,solo_asalariados,15.834091518109911,0.39763181745579224,15.070104918498949,16.59851115922153,-0.00766369977413639,9,False,0.23429182945520907,0.48680242511755784,0.4151413211450349,0.012224770383573457,0.4633144637765129,0.5103036998623087,0.010425189082625907,0.3951109704339221,0.43518302542325876,0.27221109653740855,4.826314913534822,1000,20260507,vivienda (CODUSU)
1988,solo_asalariados,15.903962066756323,0.41742572656151045,15.111253733170715,16.740645697997614,0.002992811572147147,9,False,0.23261696118041517,0.4905347411061239,0.41575165753029775,0.012874893680606483,0.4660847974030457,0.5163410393553239,0.010912088257333984,0.39502916069316124,0.4376237297257001,0.28161034731754137,5.122597620604173,1000,20260507,vivienda (CODUSU)
1989,solo_asalariados,15.587351286463365,0.4086838010785796,14.814835379570404,16.411300928179465,-0.00039892050089740394,9,False,0.23130169317939886,0.4629658105546812,0.3941762257738307,0.012138472005261521,0.44002102369331886,0.4874382502093009,0.010334882128688345,0.37464068064283973,0.41501243803533305,0.2700328505428922,5.121028965310773,1000,20260507,vivienda (CODUSU)
1990,solo_asalariados,15.398088621387268,0.4002381170911918,14.642162184787917,16.184910729559878,-0.010555284173168644,9,False,0.2275974978241633,0.4581678951318514,0.38758452538241983,0.011909027163573099,0.4356754135747448,0.48157967291860454,0.010074373804894175,0.3685571385191932,0.4073895856632718,0.2765236146268952,5.009545608891842,1000,20260507,vivienda (CODUSU)
1991,solo_asalariados,14.68833919436515,0.42001676125204335,13.877577242797926,15.534676906188064,0.004009114734726538,9,False,0.22323510439290953,0.4406378360756118,0.3753351771161052,0.012600149979147214,0.41631565865421394,0.4660272564172866,0.010732803987583995,0.35461755365550157,0.3969618777773315,0.29830426326366843,5.6408680432225005,1000,20260507,vivienda (CODUSU)
1992,solo_asalariados,14.631897392385069,0.40524570293325674,13.901410954472956,15.483634211844631,0.02163212648459023,9,False,0.21659731984142241,0.42231603460029543,0.3617417614575067,0.011696484311778336,0.4012322251998215,0.4468994571374458,0.01001881645769703,0.3436820769419038,0.382799097297619,0.2936099599521865,5.406760363816921,1000,20260507,vivienda (CODUSU)
1993,solo_asalariados,13.577571745065573,0.4316000538962379,12.786989281690186,14.465787373269125,0.023374322726724017,9,False,0.20812086512302952,0.3798069513176565,0.3259322620492642,0.012073197161962385,0.3576918985808567,0.4046531076256347,0.0103606436046349,0.3069541755797108,0.3472540517126554,0.3041036385493205,6.182247176079389,1000,20260507,vivienda (CODUSU)
1994,solo_asalariados,14.002375649999678,0.4379120091937551,13.19023506821038,14.910518387133456,0.016561786127462952,9,False,0.1970848605055983,0.38918747694066724,0.3350983596163835,0.012171496768845774,0.366614525618103,0.4144287495219449,0.010479907096132316,0.3156625878917837,0.3568316103959445,0.30657953104989333,6.142826624291837,1000,20260507,vivienda (CODUSU)
1995,solo_asalariados,14.025390337345799,0.4601185874282402,13.175344185253893,14.996991167458331,0.012248663497672396,9,False,0.1840663287432776,0.37566854288089085,0.32419484189731945,0.012324225931261444,0.35290014986956975,0.4016927646195432,0.010635573707215998,0.30454614968594734,0.3466532526744448,0.33061689886058304,6.49410440062366,1000,20260507,vivienda (CODUSU)
1996,solo_asalariados,13.523356453444114,0.45827291838211676,12.692068746958753,14.404568705217418,0.006267039249570061,9,False,0.16862569700290983,0.3667165470474273,0.31654328068764165,0.01242711177605889,0.3441742914783486,0.39061262013392,0.010726864557210614,0.29708520171796654,0.3371699511535691,0.3396653062652907,6.331638022535917,1000,20260507,vivienda (CODUSU)
1997,solo_asalariados,13.093335379272357,0.4679225784114453,12.170181634971074,13.998336676111142,0.01383730018833873,9,False,0.149426513903779,0.35988542107563337,0.31214626961561476,0.012861391638144808,0.33451147590721153,0.38476042529361293,0.011155315516570058,0.29013820297573417,0.33372158030785637,0.3261367113645473,6.981242701665467,1000,20260507,vivienda (CODUSU)
1998,solo_asalariados,13.669186189061975,0.5204114798364963,12.736793257779132,14.708893122118292,0.022681263617849723,9,False,0.12946027541798916,0.3671006327953147,0.3181785831508257,0.013976207575166108,0.34206022217001336,0.39502307585575575,0.012113653660105993,0.2964752090280259,0.3423799126430426,0.37385061461294117,7.21366962547202,1000,20260507,vivienda (CODUSU)
1999,solo_asalariados,13.294534154817276,0.5465311254182096,12.323191089096898,14.447962643726294,0.029904968118348307,9,False,0.1075883190934874,0.3551619675349102,0.307190082508421,0.01460051684114598,0.3292126480359915,0.3859756783999357,0.012628418533176313,0.2847457491434565,0.33384177173268287,0.39367797063719356,7.991147075505029,1000,20260507,vivienda (CODUSU)
2000,solo_asalariados,13.240153547599043,0.5736529567596401,12.130903316246789,14.352514332790957,0.03539524082495582,8,False,0.08552662629562424,0.35805122035639747,0.3121612168574874,0.015513199336430004,0.32805395502345025,0.3881326038677533,0.013524934162750524,0.2860085819372405,0.33838718886315383,0.43020607184380455,8.389672402806207,1000,20260507,vivienda (CODUSU)
2001,solo_asalariados,13.319509912005852,0.6322174603554945,12.13201501812845,14.537802569598178,0.015277171573824688,7,False,0.06559133525866818,0.3474300859087786,0.3038935282081494,0.016490949593149173,0.3164551134269322,0.3792083964836902,0.01442446425517872,0.27680003787602503,0.3316896901203905,0.46697176008546054,9.031066335636021,1000,20260507,vivienda (CODUSU)
2002,solo_asalariados,13.966196047748845,0.6641547932880019,12.75493637395588,15.300972525917512,0.017280597598707814,6,False,0.048459969852027295,0.367382082990327,0.32323398703354855,0.017470653465836556,0.33551978487573264,0.4024935021054223,0.015371214975643,0.295200563161043,0.35412608688392977,0.5190530119468442,9.114995032494969,1000,20260507,vivienda (CODUSU)
2003,solo_asalariados,14.360609720549064,0.7679190826451122,12.875915048536786,15.848761493855362,0.024014373291525004,5,False,0.03350806313055644,0.3768115229302018,0.3307357067522585,0.02014961513817986,0.33785425918347056,0.4158594983966214,0.017685757462216345,0.29654206517193993,0.36500896799093707,0.5853934533106775,10.350697161084438,1000,20260507,vivienda (CODUSU)
2004,solo_asalariados,15.485414380782554,0.9408300203518619,13.714129138878924,17.339343947300513,0.01554754056597396,4,False,0.021754846109855997,0.4254365169475876,0.3727639593509425,0.025847771138430252,0.3767733423430173,0.4763702096503394,0.022647603405293235,0.3301256880282656,0.4173916398623947,0.7199023426473555,11.705256053465677,1000,20260507,vivienda (CODUSU)
2005,solo_asalariados,15.11710225189431,1.087117925328299,13.036947838642918,17.204279919044716,-0.018938698981067148,3,False,0.011443085254997494,0.3990212058254942,0.3474855376734052,0.02869485819510485,0.3441148019097051,0.45411299098650515,0.0249887677216554,0.299670581957154,0.39546193168098026,0.9691115460378525,13.783501662428698,1000,20260507,vivienda (CODUSU)
2006,solo_asalariados,14.4620682632994,0.5935687955586191,13.328560229409362,15.661860807756884,0.005511791479772654,2,True,0.005141684338075055,0.3706313077988897,0.3243105994839388,0.015211875297587118,0.34158196593764695,0.40137937728270673,0.013310727650974167,0.298891782251301,0.35121584099332964,0.4475777355360002,8.06696710272338,1000,20260507,vivienda (CODUSU)
2007,solo_asalariados,14.468697173489632,0.5939146685388894,13.334810888987402,15.669156480911186,0.005522891223463944,1,True,0.0012955644538701421,0.37047809808032217,0.3240028052964422,0.015207476815911837,0.3414443828062584,0.4012164483065777,0.013299747475943308,0.29861127676690596,0.3508851277740643,0.4478297473335054,8.066882470250688,1000,20260507,vivienda (CODUSU)
2008,solo_asalariados,14.47682833458568,0.5943389973380482,13.342478138533782,15.678103162324165,0.0055365146732189174,0,True,0.0,0.39238343224976185,0.34317794671225943,0.016109106933197587,0.3616377320858197,0.4249430737050088,0.014089000162433146,0.31628780460815464,0.3716545590815264,0.44813891490613866,8.066770461767819,1000,20260507,vivienda (CODUSU)
2009,solo_asalariados,14.482711539043672,0.5946460659753822,13.347737729225889,15.684575221711736,0.005546377434990646,0,True,0.0,0.3886411612023051,0.3400977592129732,0.01595722851774174,0.3581843273288525,0.420892973715436,0.013964083591517252,0.313445150104256,0.36832114433342633,0.44836264001955467,8.067679474889804,1000,20260507,vivienda (CODUSU)
2010,solo_asalariados,14.488785148686036,0.5949631171899287,13.353051518470135,15.691256800072457,0.005556564394540331,0,True,0.0,0.3913303783964415,0.3423779170768282,0.016069473002225856,0.36065513083710704,0.4238081659762178,0.014059303848500923,0.31553991025451783,0.3707929798388675,0.44859363276170466,8.06901771821211,1000,20260507,vivienda (CODUSU)
2011,solo_asalariados,14.496628243489567,0.5953726050096838,13.359913215101544,15.699885073238834,0.005569726728730018,0,True,0.0,0.3894363248495874,0.34084461394581433,0.015994044636912345,0.35889969828916407,0.42176052532966557,0.013998396199445557,0.3141181787700125,0.36913557945344816,0.4488919633940446,8.070745206521282,1000,20260507,vivienda (CODUSU)
2012,solo_asalariados,14.50345481289411,0.5957290814205106,13.365885389006317,15.707395132922127,0.005581190005436554,0,True,0.0,0.37644850538442937,0.3299151679969903,0.015462613922540275,0.3469220018776326,0.40769771737519356,0.013551258132152695,0.3040384777578809,0.3573016202640231,0.44915166519459304,8.072248213005496,1000,20260507,vivienda (CODUSU)
2013,solo_asalariados,14.51031939690853,0.5960876004679716,13.371890637751033,15.714947085588866,0.005592723571242075,0,True,0.0,0.3824911096830108,0.33559329965083295,0.015712831780936083,0.35248219895717414,0.41424502004120656,0.013786257852092062,0.30926382658737545,0.3634538153181256,0.4494128479845913,8.073759039160189,1000,20260507,vivienda (CODUSU)
2014,solo_asalariados,14.516168161646958,0.5963931114737313,13.377007087585762,15.721381559491627,0.00560255550638189,0,True,0.0,0.39107941869869356,0.34401337612929417,0.016067399382110055,0.3603893326038597,0.42354901741016887,0.014133702881756584,0.31701681321551745,0.37257528897928716,0.4496354085388294,8.075045858520422,1000,20260507,vivienda (CODUSU)
2015,solo_asalariados,14.521710845634017,0.596682672934579,13.38185565854112,15.727479349476374,0.005611877242078123,0,True,0.0,0.3843518238217663,0.33979990258088655,0.015792634629837866,0.354182828948578,0.41626537233440497,0.013962040443453049,0.3131279294471608,0.3680142104194094,0.4498463452900673,8.07626496584757,1000,20260507,vivienda (CODUSU)
2016,solo_asalariados,14.528446899909632,0.597034629138078,13.387747993714253,15.734890090589884,0.005623211668424943,0,True,0.0,0.36079982052376997,0.3213279346305369,0.014826773193549957,0.33247167482021833,0.3907606614635037,0.01320470836322088,0.29609891833662366,0.3480110275571987,0.45010272846279986,8.077746069644341,1000,20260507,vivienda (CODUSU)
2017,solo_asalariados,14.534066664897178,0.597328302096384,13.392663725541052,15.741072787527296,0.005632672526941107,0,True,0.0,0.34730782025255036,0.3112752119802572,0.014273829572923573,0.32003271714221004,0.3761505849891819,0.01279294351290733,0.2868298554193803,0.33712558788300295,0.4503166498422053,8.078981320686195,1000,20260507,vivienda (CODUSU)
2018,solo_asalariados,14.539883032548332,0.5976322895804159,13.397751301793345,15.747471831797352,0.005642468919829113,0,True,0.0,0.33655871672770266,0.3036080114314589,0.013833560834427912,0.310121475879451,0.3645111105468409,0.012479189179208873,0.2797591026891362,0.32882373243458995,0.45053807964508324,8.080259396667866,1000,20260507,vivienda (CODUSU)
2019,solo_asalariados,14.545532802448193,0.5979276095252757,13.40269303021064,15.753687638372124,0.005651989148438119,0,True,0.0,0.30657905387042905,0.2780060526323803,0.012602637751462267,0.2824911953604188,0.33204357081574165,0.011428078760790323,0.2561631694471336,0.3010972904347798,0.4507531909659442,8.081500485722264,1000,20260507,vivienda (CODUSU)
2020,solo_asalariados,14.551049659302741,0.5982160195459413,13.407518383949295,15.75975726282088,0.0056612896232799415,0,True,0.0,0.26193203444846264,0.2382685060666555,0.010768428581312262,0.24134743880609397,0.2836898628564239,0.00979558455367011,0.21954356903472327,0.2580606833806511,0.45096326443887064,8.082712017162823,1000,20260507,vivienda (CODUSU)
2021,solo_asalariados,14.556280609604856,0.59848951724755,13.412093559571664,15.765512376999682,0.005670111951751267,0,True,0.0,0.2622279132682317,0.23854688555031145,0.010781645492405541,0.2416156572554725,0.2840119343053343,0.009807986957857086,0.21979606144952313,0.2583636560397589,0.4511624717610135,8.083860432984274,1000,20260507,vivienda (CODUSU)
2022,solo_asalariados,14.561553518039743,0.5987652424774175,13.416705326815615,15.771313696040643,0.00567900882924377,0,True,0.0,0.24712684696853962,0.22477593988980993,0.01016175686642787,0.22769741429129453,0.2676579131083637,0.009242696528531491,0.2071037644660304,0.24345011368002667,0.4513632973667211,8.085017736287531,1000,20260507,vivienda (CODUSU)
2023,solo_asalariados,14.566728821260977,0.5990358967935382,13.421231623172018,15.777007669933932,0.005687744711700304,0,True,0.0,0.2323108244257316,0.21102060813464482,0.009553450520860842,0.21404238531831807,0.2516124041125772,0.008677920814407809,0.19442638726849848,0.22855328700807195,0.45156042547271347,8.086153300676278,1000,20260507,vivienda (CODUSU)
2024,solo_asalariados,14.57139652131793,0.5992800328287106,13.425313883954209,15.78214320358364,0.005695626898649664,0,True,0.0,0.21023160440962985,0.1907519181712588,0.008646227052288078,0.19369627841760867,0.22769988325126106,0.00784508304448174,0.17574872605167932,0.20660161739012153,0.45173823581499123,8.087177217987975,1000,20260507,vivienda (CODUSU)
2025,solo_asalariados,14.576304321018847,0.5995367554788077,13.429606040102328,15.787542937418472,0.005703917739650066,0,True,0.0,0.26101301455657805,0.1895836166082701,0.010735704499482869,0.24047947131425734,0.28270226003685534,0.007797747898921182,0.1746693281530573,0.2053373352749086,0.4519252097595881,8.088253529106236,1000,20260507,vivienda (CODUSU)
2026,solo_asalariados,14.580970034210969,0.599780841985785,13.4336863919044,15.792676353235544,0.005711802664931653,0,True,0.0,0.2645598822050017,0.19348955448888414,0.010882537206528363,0.24374335048233872,0.2865453111768777,0.007959095151729205,0.17826509409280358,0.2095689041679069,0.4521029772959358,8.089276487765575,1000,20260507,vivienda (CODUSU)
2027,solo_asalariados,14.58552966102637,0.6000194041832565,13.437673886370884,15.797693080386024,0.005719511174085312,0,True,0.0,0.267901849678708,0.1974149840762498,0.011020944179582104,0.24681844082477464,0.2901664386039255,0.008121256058241978,0.18187876874901715,0.21382160266961664,0.45227671832456035,8.090275940822663,1000,20260507,vivienda (CODUSU)
2028,solo_asalariados,14.590181415125755,0.6002628125916865,13.441741866153793,15.802811203187774,0.005727378352771595,0,True,0.0,0.27101976869080974,0.20111773731514276,0.011150175860982709,0.24968694135563457,0.29354496116905016,0.008274297298161665,0.18528712102869863,0.21783318123163448,0.45245398554486466,8.091295337103357,1000,20260507,vivienda (CODUSU)
2029,solo_asalariados,14.59470025287182,0.6004992911924733,13.445693530706809,15.8077874562443,0.005735023561374675,0,True,0.0,0.2745577066701568,0.20493010866673794,0.01129668341180341,0.252942418577882,0.297378486458582,0.00843185422558835,0.18879643902280296,0.22196355835066922,0.4526262028700741,8.092300234370004,1000,20260507,vivienda (CODUSU)
2030,solo_asalariados,14.59918579129173,0.600734051727759,13.4496159982092,15.812753454251043,0.005742615181453914,0,True,0.0,0.2782581700129516,0.20899658931388804,0.011449895924876908,0.2563475517429851,0.30138857755138976,0.008599888356150968,0.19253976977838827,0.22636957888234818,0.45279716596230024,8.093387843078999,1000,20260507,vivienda (CODUSU)
2031,solo_asalariados,14.603491118886392,0.6009594035250428,13.453380804481702,15.817519983432819,0.005749904375784709,0,True,0.0,0.2815996751704394,0.21207928292427253,0.011588323055465241,0.25942205419543307,0.3050098399810769,0.008727436359471595,0.19537679933476243,0.22971002402215931,0.4529612743452935,8.094431529093837,1000,20260507,vivienda (CODUSU)
2032,solo_asalariados,14.607752313762786,0.6011824674716577,13.457106949058677,15.82223769555948,0.005757121333028081,0,True,0.0,0.28497411485699303,0.21494773949978835,0.011728117909958473,0.2625268459495158,0.30866680140112296,0.00884618041395662,0.19801641325625424,0.2328184482758939,0.453123713897715,8.095464297654063,1000,20260507,vivienda (CODUSU)
2033,solo_asalariados,14.612013724812604,0.6014055647821255,13.460833213348733,15.826955690093282,0.0057643411251593335,0,True,0.0,0.2883344515609885,0.2177623751787497,0.011867354284832127,0.26561855437722165,0.3123085342463048,0.008962727978436294,0.20060636867909967,0.23586861659396238,0.4532861750166153,8.096496900788717,1000,20260507,vivienda (CODUSU)
2034,solo_asalariados,14.616223011596741,0.6016259548727692,13.46451383111079,15.831616017843322,0.005771475029733963,0,True,0.0,0.29129740757106476,0.22033161029836,0.011990244048880227,0.268344152254341,0.3155198644683583,0.009069183969704945,0.2029702209619672,0.23865299866245412,0.4534466620388894,8.097516659585846,1000,20260507,vivienda (CODUSU)
2035,solo_asalariados,14.620305367449758,0.601839719640509,13.46808339541181,15.836135853646104,0.0057783961106459,0,True,0.0,0.29376904909014434,0.22230753301399045,0.012092899409413034,0.2706171966110602,0.31819900159851733,0.009151211276406534,0.20478754162868387,0.24079471704718255,0.4536023219898432,8.098505464552266,1000,20260507,vivienda (CODUSU)
1950,pp07i,13.959205161673184,0.5440838964533918,12.912859045876669,15.03645340465244,-0.016611724635616554,0,True,0.0,0.5024456289214707,0.44414483768317203,0.019583677750517548,0.4647835968693605,0.5412199477082136,0.017311304696617447,0.410852882992454,0.4784200159960578,0.3376191852494641,7.6064300731333025,1000,20260507,vivienda (CODUSU)
1951,pp07i,13.978985994119776,0.5446004965514389,12.93155196169994,15.057196231763351,-0.016626246911227938,0,True,0.0,0.5009731473339429,0.43193562077766556,0.019517168477868697,0.46343563752695277,0.539613602118517,0.01682756915649823,0.3995710365934317,0.46525115657699423,0.33794167709614537,7.602998783164808,1000,20260507,vivienda (CODUSU)
1952,pp07i,14.005343456851646,0.5452883056118979,12.956461152921605,15.084834718359561,-0.016645564172128147,0,True,0.0,0.4949009880600252,0.40028290198095506,0.019268625725339383,0.4578370709791696,0.5330465211251976,0.01558473635859514,0.3703050828901858,0.4311355473409715,0.3383710717473227,7.598434026252745,1000,20260507,vivienda (CODUSU)
1953,pp07i,14.026735891648956,0.545846091720214,12.976679262903785,15.107266189516421,-0.016661214673398206,1,True,0.011084014604855398,0.4987203506041796,0.4025549468869414,0.01940754829501706,0.46138560543700075,0.5371385865468505,0.015665301332984882,0.3724192479133507,0.4335652132830412,0.33871931423794066,7.5947353078812725,1000,20260507,vivienda (CODUSU)
1954,pp07i,14.03129185120141,0.5459648308349744,12.9809852565881,15.112043355097482,-0.016664544545035298,2,True,0.02281042294160458,0.4938624454582743,0.3815430821797674,0.019216443457220702,0.4568945747306572,0.5319018923108548,0.01484603887707569,0.3529828313067742,0.4109312001264139,0.3387934489548034,7.593948301798429,1000,20260507,vivienda (CODUSU)
1955,pp07i,13.349611930829314,0.7938200350745386,11.784689519948614,14.974159865090769,-0.00554273872722888,3,False,0.03480405190809339,0.4659015578066632,0.363053285977631,0.027704325254973308,0.4112857537777754,0.5225982930545312,0.021588565547971388,0.32049397964617127,0.40723415571510463,0.5735587672601286,11.945929071452852,1000,20260507,vivienda (CODUSU)
1956,pp07i,14.161099099792143,0.7799365133243549,12.64150099263928,15.66055126924046,-0.03804805384667098,4,False,0.04991132357123956,0.5032564298185649,0.38437779016887885,0.0277173447071291,0.44925302847410115,0.5565438858389339,0.02116998626667588,0.34313100852741696,0.4250777462453768,0.5224573378490638,10.659660861512837,1000,20260507,vivienda (CODUSU)
1957,pp07i,13.736756325874543,0.6876000960803044,12.412740428053368,15.06814541352118,-0.004031140244375564,5,False,0.06628076397689833,0.489695329752161,0.3919621635669429,0.024511940650314003,0.44249609389912453,0.5371574090696407,0.01961985893429725,0.3541829292560383,0.4299517831658893,0.4498799848465637,9.665327543395716,1000,20260507,vivienda (CODUSU)
1958,pp07i,14.166126454643974,0.6331356487211954,12.884926374737312,15.398557850832175,-0.010731749711437644,6,False,0.0862260702870469,0.4906315380101042,0.4246616963557521,0.02192810561840436,0.4462582813039842,0.5333157335338236,0.018979673764037402,0.3862548247916537,0.4616066162689722,0.42903372087139946,8.871978815602194,1000,20260507,vivienda (CODUSU)
1959,pp07i,14.886899368972323,0.6213200504754341,13.682154023470462,16.191140735065815,-0.007363253755311661,7,False,0.1056626663298553,0.5013504734523638,0.4377067060582731,0.0209243774509916,0.4607779113367253,0.5452737922161064,0.01826813938625663,0.4022846142076544,0.47605419388018705,0.43077608677906803,8.42682767381585,1000,20260507,vivienda (CODUSU)
1960,pp07i,14.547209897888415,0.5765374063545735,13.441147249053094,15.685312403386732,-0.007215788282408653,8,False,0.12768211167165347,0.4880593223066288,0.41791506249142346,0.019342847034239788,0.4509508877264967,0.5262426950253803,0.01656287823552259,0.3861398805663631,0.45061069162206624,0.39202802328340075,7.7133868627941755,1000,20260507,vivienda (CODUSU)
1961,pp07i,15.062373171035086,0.5553635873012449,13.98092157044806,16.105062572178454,-0.03629780887523282,9,False,0.15070501056948157,0.5039206527474653,0.43451964483309047,0.018580019114330933,0.4677400462590686,0.5388044467997489,0.016021139960296492,0.40332190726177,0.46459916969357495,0.3701916727366428,7.051149834128106,1000,20260507,vivienda (CODUSU)
1962,pp07i,14.270525224795705,0.5189226456741652,13.270607014807068,15.256981454914996,-0.02739747616680077,9,False,0.16192541947094913,0.4840102040727881,0.4198562491794209,0.017600183011788163,0.45009620236304193,0.5174676188299766,0.015267336849554232,0.39043743645047035,0.44887899404923953,0.3538225716072253,6.959710342883912,1000,20260507,vivienda (CODUSU)
1963,pp07i,14.580175929431311,0.5228650980674909,13.503234042395396,15.594404454839623,-0.019477962583403396,9,False,0.17359479823463697,0.48561893383975585,0.42144583853355866,0.01741496074495296,0.44974945095278535,0.5193996356339257,0.015113625566765026,0.3903164009444289,0.45076252122821203,0.34759335284372306,7.171279765640629,1000,20260507,vivienda (CODUSU)
1964,pp07i,15.090373306099996,0.48918231722252525,14.051693358682012,16.0081884991514,-0.023714630756517252,9,False,0.1849368088132555,0.49192425576697907,0.41993478894003095,0.015946633158291892,0.4580647978364629,0.521843698223113,0.013612961652379893,0.3910304115831834,0.4454757428688642,0.34643403123641997,6.482593574005599,1000,20260507,vivienda (CODUSU)
1965,pp07i,15.193400592031052,0.48444485865894277,14.248422827109211,16.1328140666012,-0.0067746326437951865,9,False,0.1960641546191919,0.48226158297292054,0.4092884526936756,0.01537701471009019,0.45226655519589687,0.5120799917332287,0.013050250693707228,0.3838321050582655,0.43459490631591935,0.32368868237574683,6.2013478420372605,1000,20260507,vivienda (CODUSU)
1966,pp07i,15.051094030835753,0.47737070659831404,14.138096576908266,15.94648802962137,-0.02787730492606677,9,False,0.20548067636763742,0.46978338759778293,0.3986425557667347,0.014899968548881,0.44128638692158767,0.49773093912609373,0.012643617675675168,0.3744609489216431,0.4223579183418947,0.3268388485191691,6.007508321349212,1000,20260507,vivienda (CODUSU)
1967,pp07i,15.50524677090753,0.4430415081721555,14.673148228654746,16.33575471478053,0.007747570629597078,9,False,0.2113892991712471,0.47890267463164926,0.40815301741330084,0.013683997834499884,0.4532020699699003,0.5045541512898523,0.011662421828660832,0.3862492363368902,0.43001492830616705,0.3093226817674361,5.361431877515587,1000,20260507,vivienda (CODUSU)
1968,pp07i,15.535002175342044,0.45097817939065754,14.684432062689767,16.40784521117784,-0.007609010235464453,9,False,0.2179825554405023,0.48694786675167095,0.4083006480951462,0.014136004612500027,0.46028657007440577,0.5143073128278305,0.011852890707298558,0.3859454321559093,0.43124125493862375,0.31653893338109595,5.546871281497348,1000,20260507,vivienda (CODUSU)
1969,pp07i,15.018436643319111,0.42561409818508283,14.218312489507865,15.85573565210778,0.00518394917634879,9,False,0.2238105226353492,0.5407030726540555,0.4567215053909407,0.015323222790697852,0.5118965065150346,0.5708480309832317,0.012943232125640119,0.4323891519837778,0.4821843729875102,0.2944700643629406,5.4513768692706,1000,20260507,vivienda (CODUSU)
1970,pp07i,15.638046278801738,0.4059327685072001,14.862056229344335,16.45463255885122,0.013265141079759957,9,False,0.2285656537418035,0.4989338384000099,0.4161916543767641,0.012951336165195126,0.4741757780238346,0.5249871266321952,0.010803512630587831,0.39553942092600525,0.4379243177015847,0.29469199596695284,5.091992634865497,1000,20260507,vivienda (CODUSU)
1971,pp07i,15.651131491393418,0.3902457042922485,14.89213576697015,16.41633964509212,0.006350839548858289,9,False,0.23181816031787475,0.5475697053542611,0.448839026354392,0.013653116736804574,0.5210155188140654,0.5743412396350821,0.011191363515783901,0.42707274689117114,0.47078346422800094,0.30673977510290906,4.869308902554846,1000,20260507,vivienda (CODUSU)
1972,pp07i,16.276357648701016,0.3987321591570329,15.53649483612798,17.05841492806054,0.007211458360874445,9,False,0.23414826848702672,0.5762889646958738,0.4748147394482122,0.014117712829313232,0.5500930071310853,0.6039788809278963,0.011631834980898152,0.4532314235638181,0.4976289544800565,0.28398487814432316,4.675247757455184,1000,20260507,vivienda (CODUSU)
1973,pp07i,16.49409906282266,0.40012031365789036,15.780678983801234,17.27940118245595,0.009491198561647707,9,False,0.2362790008206315,0.5915004070239364,0.47924798250478495,0.01434884848731382,0.5659162107903043,0.6196623891746825,0.011625785218662926,0.4585190459167861,0.502065503792703,0.2879245267111766,4.543207218976883,1000,20260507,vivienda (CODUSU)
1974,pp07i,16.732406613494998,0.39575916726988114,15.976629097761153,17.56166992961853,0.011556965829310428,9,False,0.23794671302459813,0.6052423940950987,0.4930850045868357,0.014315348139479225,0.5779045099764404,0.6352383968447004,0.011662572833436,0.4708131002266051,0.51752245195945,0.2886180459851058,4.736440096366692,1000,20260507,vivienda (CODUSU)
1975,pp07i,16.549826080727616,0.36221473299348855,15.889375643578733,17.276530937666877,0.011075762415146073,9,False,0.23853736241284432,0.6251250705768203,0.5029809862342591,0.013681685198504736,0.6001783355403736,0.6525743877337956,0.011008401099864236,0.4829086295450952,0.5250669419332248,0.2721956391671299,4.190845533124652,1000,20260507,vivienda (CODUSU)
1976,pp07i,16.833020352889157,0.37806320849386577,16.054020349636456,17.58459907251376,-0.003975863866042317,9,False,0.23888943060441492,0.62278798488831,0.5017604669128289,0.013987580294102795,0.5939665474942498,0.6505948897970659,0.011269348461512752,0.4785399516896009,0.5241636055875742,0.2706340604325972,4.546357964257443,1000,20260507,vivienda (CODUSU)
1977,pp07i,17.016578485423096,0.3794241188927483,16.254900649992585,17.7322830413364,0.000290731804835076,9,False,0.23895793819312713,0.6106030255995649,0.488875081662571,0.013614811883588875,0.5832718678556976,0.6362845318818304,0.010900604799451218,0.4669925795887469,0.5094368017238698,0.27196233773971124,4.341008953737044,1000,20260507,vivienda (CODUSU)
1978,pp07i,16.997832360935867,0.37366501736331514,16.236204868330475,17.70287990588514,0.00020450871720356645,9,False,0.23893272404394536,0.6118032302653673,0.48416845487182997,0.013449330467891141,0.5843899607177886,0.6371800169244684,0.010643522671292593,0.46247415889029486,0.504251120308264,0.26725318299025547,4.314300219024849,1000,20260507,vivienda (CODUSU)
1979,pp07i,17.30070665195956,0.3738105684885071,16.595706260825075,18.018797532949552,0.012287174411454771,9,False,0.23795739318586717,0.6403102319405187,0.5126122374346204,0.013834968514629007,0.6142177160076885,0.6668872352855812,0.011075840758671972,0.4917233896458049,0.533888950611188,0.2647899888565021,4.11281255948956,1000,20260507,vivienda (CODUSU)
1980,pp07i,17.033271802304938,0.3469011043335257,16.308428338891634,17.70669682814468,-0.0004404088725635802,9,False,0.23779139687031403,0.6157852276127922,0.49280291979506186,0.012541135841103796,0.5895807554313992,0.6401308253129804,0.010036467396273183,0.47183190616301823,0.5122863063604064,0.2687485224849577,4.104521155659101,1000,20260507,vivienda (CODUSU)
1981,pp07i,17.662563465186054,0.3724959149568728,16.980340853593447,18.40537808521992,-0.02461173875540723,9,False,0.23690415969197573,0.6119556880893462,0.4887837962091217,0.01290588392773271,0.5883186883678639,0.6376920220491156,0.010308241368467324,0.46990435333486374,0.5093400280706764,0.26959972493879175,4.034061178139018,1000,20260507,vivienda (CODUSU)
1982,pp07i,17.064282448669566,0.3828885031922161,16.348700112157108,17.89100902617838,-0.01912274339757758,9,False,0.23712033906975488,0.5663681674418836,0.4523557559881579,0.01270817337557892,0.542617795411682,0.593807447006532,0.010149961994692194,0.4333864386565579,0.4742713874885999,0.2661569974435597,4.519114468072816,1000,20260507,vivienda (CODUSU)
1983,pp07i,17.20568078292537,0.3909403653150342,16.453458880839854,17.960626702258335,0.012863653558415677,9,False,0.23645575480818404,0.5548136181199808,0.43871142259961476,0.01260624565142625,0.5305575040847068,0.5791575706943944,0.009968219565550432,0.41953122595769987,0.457961076387509,0.2624351046666859,4.379855236283846,1000,20260507,vivienda (CODUSU)
1984,pp07i,17.56334697478535,0.38193276272010934,16.84428513050274,18.269406891901795,-0.00789896604105067,9,False,0.23548480622506726,0.5376077889483833,0.41951201512428526,0.011690825694424051,0.5155975622656844,0.5592200312761695,0.009122713521558539,0.40233675327202834,0.436376717453132,0.2757737145332114,4.057090494895469,1000,20260507,vivienda (CODUSU)
1985,pp07i,17.880627352428323,0.3822863261965441,17.12491925972697,18.593437053733293,-0.012860264560941914,9,False,0.23423982411043862,0.5525956011170864,0.4285551613004063,0.01181444800899184,0.5292406617447473,0.5746247781482389,0.009162473718454304,0.41044267580533395,0.44563947666016684,0.28100139255312034,4.106449301419193,1000,20260507,vivienda (CODUSU)
1986,pp07i,17.8035214561882,0.3893403616754396,17.0608048830163,18.567145532313376,0.004914840472029169,9,False,0.2325672426247472,0.5621485976860346,0.43828457168011714,0.01229347457338826,0.5386972214448675,0.5862601311604335,0.009584725924847286,0.4200004801899347,0.457083361119204,0.28902857818943917,4.230457027852482,1000,20260507,vivienda (CODUSU)
1987,pp07i,17.376335027692175,0.406515679258186,16.58752795787018,18.164752130382187,-0.008797852937327377,9,False,0.23013387301364036,0.5342170734242058,0.4151413211450349,0.012497895334560903,0.5099660329335002,0.5584561247871899,0.009712143319317003,0.39629578158950873,0.4339775439217284,0.2784464119118379,4.538425882093174,1000,20260507,vivienda (CODUSU)
1988,pp07i,17.667059783509,0.42376815114571825,16.852603475846145,18.539825802233167,0.00528627602202647,9,False,0.22760559848840947,0.5449149438758394,0.41575165753029775,0.013070516607040814,0.5197942153212389,0.5718341512559912,0.009972361751548286,0.396585391946428,0.43629010158194415,0.2949091113617317,4.775051273562593,1000,20260507,vivienda (CODUSU)
1989,pp07i,17.371562088705502,0.4247641760595956,16.56402844844321,18.172782901930535,-0.0051897021690798795,9,False,0.22547241242764626,0.5159593297921544,0.3941762257738307,0.01261608129886707,0.49197446799983185,0.5397566919232142,0.009638277715506186,0.37585256778161424,0.41235664009441864,0.283751421607075,4.63042541963826,1000,20260507,vivienda (CODUSU)
1990,pp07i,17.113850287785894,0.41385838438542066,16.33526549582734,17.939775917084148,-0.01376331212952664,9,False,0.22103354277710027,0.5092201348332068,0.38758452538241983,0.012314296242792608,0.48605345719648707,0.5337954322233928,0.009372823928583681,0.3699515899537047,0.4062896085548025,0.2880942512764291,4.687754053808519,1000,20260507,vivienda (CODUSU)
1991,pp07i,16.396632423122632,0.4366520051793301,15.568155430685113,17.23639322383525,0.001515974937039033,9,False,0.2155772485749011,0.4918851977917062,0.3753351771161052,0.013099193321604995,0.4670315840267037,0.5170773163253717,0.009995397437279039,0.35637051713783785,0.3945581346562247,0.32021215697512734,5.0871354254352195,1000,20260507,vivienda (CODUSU)
1992,pp07i,16.557258032954493,0.42510861353159796,15.771574586173784,17.43681952646308,0.022896941613911537,9,False,0.20805665015202676,0.4778871371781426,0.3617417614575067,0.01226978150041754,0.4552101931839751,0.5032736548774107,0.009287741869070705,0.3445762070268892,0.38095835658084887,0.3136168804502284,5.028746115373993,1000,20260507,vivienda (CODUSU)
1993,pp07i,15.478551595841374,0.4600742286429469,14.646661067071829,16.41895283823591,0.023680943156520584,9,False,0.19857455992816395,0.43298327586198054,0.3259322620492642,0.012869708475243723,0.4097127079361052,0.4592892262627958,0.009687794954435787,0.3084151216281886,0.34573431537897875,0.3196099391392113,5.72499229075233,1000,20260507,vivienda (CODUSU)
1994,pp07i,16.28965819911949,0.4613763192619686,15.40487142971505,17.215613378075613,0.0163287270261101,9,False,0.18744632310699097,0.4527610980599077,0.3350983596163835,0.012823672932509954,0.42816899033317307,0.47849745657976256,0.009491079914671722,0.3168972045391251,0.35414639965219363,0.32243919625627987,5.5579494861913075,1000,20260507,vivienda (CODUSU)
1995,pp07i,16.2188007377491,0.481136087834378,15.303042973291141,17.240539608256295,0.014763761811632747,9,False,0.17355000210588512,0.43441880003881284,0.32419484189731945,0.012887177375938778,0.409890328692832,0.46178596369387037,0.009617347203946762,0.30588991612227767,0.3446182059265391,0.35337295204997515,5.972995988709725,1000,20260507,vivienda (CODUSU)
1996,pp07i,16.155478963110713,0.49284272474220137,15.215529621537069,17.07486456386062,0.0024418226470253046,9,False,0.15807712488359915,0.4380925313656486,0.31654328068764165,0.01336455064814007,0.41260366858753234,0.46302376157264824,0.009656541493394018,0.29812633068935945,0.3345573138799028,0.3659149054143591,5.754502687816125,1000,20260507,vivienda (CODUSU)
1997,pp07i,15.658528298990683,0.502437649575419,14.666244389436491,16.629730999237445,0.011773630144285008,9,False,0.1389156071643124,0.43039270644728234,0.31214626961561476,0.013810078169077651,0.40311863897156386,0.457087332576039,0.010015886233670742,0.2923655012794931,0.3315067927844607,0.3520846668856634,6.269703551666208,1000,20260507,vivienda (CODUSU)
1998,pp07i,16.398769598399994,0.5425365638953558,15.401924366384023,17.45962764921219,0.021235082119495985,9,False,0.1198804405153784,0.44040651823547355,0.3181785831508257,0.014570400400277829,0.41363517205504907,0.4688969972129851,0.01052661385184559,0.29883720502850336,0.3387619756734272,0.3921361184633732,6.273956318737888,1000,20260507,vivienda (CODUSU)
1999,pp07i,16.014524746920255,0.585239081316974,14.980545687793354,17.171370568905118,0.031616419183833955,9,False,0.09879547867037068,0.4278262067717319,0.307190082508421,0.01563459547949212,0.40020357383454547,0.4587312113011163,0.011226036645982086,0.28735633049237974,0.32938066069422656,0.42035304709359944,6.840118316758293,1000,20260507,vivienda (CODUSU)
2000,pp07i,16.089297620771188,0.6104374434813147,14.935864621717586,17.310955063954683,0.03893919335498097,8,False,0.07816315454769818,0.4351001389133483,0.3121612168574874,0.016507955954133097,0.4039080465085459,0.46813721335638964,0.011843580724524334,0.2897825489358174,0.3358635613000963,0.4585384159784824,7.380963725759131,1000,20260507,vivienda (CODUSU)
2001,pp07i,16.33851082663642,0.651893781904044,15.127061327842526,17.638580980697604,0.017354645117851675,7,False,0.059714117834650686,0.4261786099954896,0.3038935282081494,0.017004192657732158,0.3945787984242901,0.46009002928170384,0.01212511369621301,0.28136077315226765,0.32807461241024627,0.4845653934489955,7.685889122650599,1000,20260507,vivienda (CODUSU)
2002,pp07i,17.27605472531442,0.6975592102641108,15.929081762811599,18.618543802502828,0.021837060811535025,6,False,0.04411929676643771,0.4544482226328139,0.32323398703354855,0.01834935975406301,0.4190159738655698,0.48976252238079265,0.013051292572907635,0.2980322006292598,0.3483518802023374,0.5518783524638087,7.7837853678200855,1000,20260507,vivienda (CODUSU)
2003,pp07i,17.623571968567525,0.8095634159868286,16.06072510545474,19.22311190082903,0.022314513710064432,5,False,0.030165415979022912,0.4624291810843837,0.3307357067522585,0.021242330905355874,0.4214212630324403,0.5043998974809634,0.015192807055500662,0.30140628007649417,0.360753740038502,0.6038690341441957,8.972036999691536,1000,20260507,vivienda (CODUSU)
2004,pp07i,18.45662581865139,0.9578743149897297,16.671172334179925,20.312686357777306,0.008024798030209723,4,False,0.019423978903080397,0.5070657077563563,0.3727639593509425,0.026316035349271242,0.4580132837832442,0.5580579454577596,0.0193459533570494,0.33670359183588217,0.4102503602867218,0.7429148086509597,9.865058920784534,1000,20260507,vivienda (CODUSU)
2005,pp07i,18.658912042721827,1.101872753470885,16.473764815488035,20.820600738920135,-0.023515521924924343,3,False,0.010402278034672637,0.4925085150988996,0.3474855376734052,0.02908431704899762,0.4348307891043028,0.5495670449549309,0.020520212824351437,0.3067914684043953,0.3877427379410912,0.9661723367349161,11.648149456622912,1000,20260507,vivienda (CODUSU)
2006,pp07i,17.693452270794513,0.6208317036263309,16.497187443573413,18.889741964272876,0.006863370957979953,2,True,0.004575295965074296,0.45344464119585826,0.3243105994839388,0.015910564246330312,0.4227869794206111,0.48410294023911454,0.011379480889325012,0.3023837670421994,0.346237887709585,0.46009908493927876,6.76112972211959,1000,20260507,vivienda (CODUSU)
2007,pp07i,17.7019360206649,0.6212129529079674,16.50495276702315,18.89873127698476,0.006875017233426206,1,True,0.001155102059624642,0.4532667669133161,0.3240028052964422,0.015906462795965536,0.42261742275151293,0.4839112973113488,0.011370210534808387,0.3020941320518858,0.3459080375806647,0.4603732525357424,6.761346632275585,1000,20260507,vivienda (CODUSU)
2008,pp07i,17.712342687798373,0.6216807053096245,16.51447808011468,18.909758058469034,0.006889311790043706,0,True,0.0,0.4800795903905567,0.34317794671225943,0.016850183153036925,0.4476123803587474,0.5125346241944664,0.012045109544191244,0.31996923153832824,0.3663779578859104,0.46070961784656345,6.761612567501887,1000,20260507,vivienda (CODUSU)
2009,pp07i,17.71987252751528,0.6220192133705594,16.52137014630224,18.917736560995156,0.006899660617420977,0,True,0.0,0.4755098392234571,0.3400977592129732,0.016691782386383244,0.4433482266771699,0.5076543218142382,0.011938423390250377,0.3170948863859233,0.3630883802231258,0.4609530359558281,6.7618048915754265,1000,20260507,vivienda (CODUSU)
2010,pp07i,17.727646258128452,0.6223687398275088,16.52848539164369,18.92597346313021,0.006910349809018612,0,True,0.0,0.4788093996204235,0.3423779170768282,0.016809676723027595,0.446421033665377,0.5111752490525007,0.012019943860182191,0.31921826047442703,0.36552147299231685,0.4612043717168021,6.762003360675208,1000,20260507,vivienda (CODUSU)
2011,pp07i,17.737685077977243,0.6228201917279408,16.537673776942032,18.936610377002136,0.00692416134978302,0,True,0.0,0.4765038305517057,0.34084461394581433,0.01673139453083328,0.4442668177095642,0.5087116691179692,0.011968016506885488,0.31778538232489734,0.36388297712001333,0.4615289911437058,6.762259532498341,1000,20260507,vivienda (CODUSU)
2012,pp07i,17.746423056283717,0.623213218572461,16.545671446182823,18.945868915366265,0.006936190291170874,0,True,0.0,0.46062228080432727,0.3299151679969903,0.016175986183571082,0.42945583427197653,0.4917548355484384,0.011585855529938821,0.307592575556097,0.35221348585222684,0.46181159197048927,6.76248239313097,1000,20260507,vivienda (CODUSU)
2013,pp07i,17.755209943234075,0.6236085152463348,16.553713810250294,18.95517924581862,0.0069482932349203,0,True,0.0,0.4680262210692149,0.33559329965083295,0.016438281369269087,0.4363548583228701,0.49965733666194934,0.011786897479160676,0.3128836807234941,0.35827405977822935,0.46209581768194397,6.762706392225583,1000,20260507,vivienda (CODUSU)
2014,pp07i,17.762696746788386,0.6239453802432401,16.560566193021987,18.963112021705346,0.006958610737274995,0,True,0.0,0.4785439959705616,0.34401337612929417,0.016809683787624072,0.44615745201958806,0.5108843286729552,0.012084063576470312,0.3207314952164688,0.36726203692490356,0.4623380242249515,6.7628971628921,1000,20260507,vivienda (CODUSU)
2015,pp07i,17.769791914653226,0.624264670739479,16.56706007969755,18.970629812731982,0.006968393007625195,0,True,0.0,0.4703200610404423,0.33979990258088655,0.016522658197560162,0.438486885235768,0.5021031092740208,0.01193739776587045,0.3168008622819476,0.3627627263855997,0.46256758983393315,6.763077881211463,1000,20260507,vivienda (CODUSU)
2016,pp07i,17.778414930784926,0.6246527775939785,16.574952275300753,18.979766431625713,0.00698028761993541,0,True,0.0,0.44150960941765993,0.3213279346305369,0.015512642996064753,0.41162278716493517,0.47134400320217473,0.011290004630161896,0.2995764921652081,0.34304121998434106,0.4628466271546846,6.763297419053956,1000,20260507,vivienda (CODUSU)
2017,pp07i,17.785609137313116,0.6249766278160066,16.581536704549137,18.987389116086344,0.006990216247316994,0,True,0.0,0.42500707364051166,0.3112752119802572,0.014934517318529326,0.39623441271282756,0.45372495380951927,0.010938041582056435,0.2902021130014942,0.3323081895273382,0.4630794605486782,6.763480499776296,1000,20260507,vivienda (CODUSU)
2018,pp07i,17.79305520343624,0.6253118649953572,16.58835159644343,18.99527863924522,0.007000497172150233,0,True,0.0,0.4118607978157934,0.3036080114314589,0.014474267665450307,0.38397518834430694,0.43968899807504436,0.010669875953572775,0.283051807772137,0.32412189521752,0.4633204755533132,6.7636699130145965,1000,20260507,vivienda (CODUSU)
2019,pp07i,17.800288164220834,0.6256375558162304,16.59497139897792,19.002942344621225,0.007010488442503515,0,True,0.0,0.3751801723680625,0.2780060526323803,0.013186685735957649,0.34977547399632986,0.4005287509157256,0.009771247839720248,0.25918133738140225,0.296789183460958,0.46355462235864203,6.763853830421149,1000,20260507,vivienda (CODUSU)
2020,pp07i,17.807351129992536,0.6259556376855924,16.60143557170337,19.010425911533076,0.007020249246760812,0,True,0.0,0.3205484015811255,0.2382685060666555,0.011267766758575444,0.29884083250869126,0.34220483410667113,0.008375502541989202,0.2221329395571509,0.2543660620024918,0.4637832942023952,6.764033354102555,1000,20260507,vivienda (CODUSU)
2021,pp07i,17.814048212261167,0.6262572836196807,16.60756483853624,19.017521788499977,0.0070295083853189055,0,True,0.0,0.3209158173605535,0.23854688555031145,0.01128187516145156,0.2991813079779887,0.34259610596136014,0.008386174932312612,0.22239093672604462,0.25466253035115277,0.46400014581449883,6.764203513003279,1000,20260507,vivienda (CODUSU)
2022,pp07i,17.820799159270702,0.6265613967505588,16.613743362081962,19.02467471999855,0.007038845908457603,0,True,0.0,0.30244011404650123,0.22477593988980993,0.010633490596957553,0.2819549444590116,0.32287131124648283,0.007902896250307245,0.2095511961009547,0.23996057096356296,0.4642187668528533,6.764374976591267,1000,20260507,vivienda (CODUSU)
2023,pp07i,17.827425284559983,0.6268599270412828,16.619807607656558,19.03169537998901,0.0070480146038605085,0,True,0.0,0.28431255335786165,0.21102060813464482,0.009997189364702416,0.2650534141540719,0.3035183051867856,0.007420048655823355,0.19672621550605737,0.22527537593422683,0.46443337036961146,6.764543207541432,1000,20260507,vivienda (CODUSU)
2024,pp07i,17.833401628869076,0.6271292164364973,16.625277138100348,19.03802755486639,0.007056287427939623,0,True,0.0,0.25729480568547153,0.1907519181712588,0.009048026464087616,0.23986435901213476,0.2746747761478322,0.006707979972976508,0.17782942201490298,0.20363699253031076,0.464626950072971,6.764694888215358,1000,20260507,vivienda (CODUSU)
2025,pp07i,17.83968551172964,0.6274123980693488,16.63102809200789,19.044685564080993,0.007064989281392542,0,True,0.0,0.3194492919198597,0.1895836166082701,0.011234864323881367,0.2978062670666507,0.3410268255167349,0.0066675565246173615,0.17673912757730553,0.20238923853404447,0.46483051268120074,6.764854320122725,1000,20260507,vivienda (CODUSU)
2026,pp07i,17.845659548133455,0.6276816496036355,16.63649544412874,19.051015265113044,0.0070732652127496465,0,True,0.0,0.3237950271379345,0.19348955448888414,0.011388774744873485,0.3018557245969212,0.34566522958338536,0.006805567618001444,0.18037932882550745,0.20655848814470995,0.4650240583574204,6.76500583929622,1000,20260507,vivienda (CODUSU)
2027,pp07i,17.85149786126768,0.6279448151686473,16.64183855315462,19.05720114916239,0.007081356089472024,0,True,0.0,0.32788999835557386,0.1974149840762498,0.011533868250897441,0.30567140405998966,0.35003592987109494,0.006944275301191952,0.1840376823559857,0.2107485372172921,0.46521322606108945,6.7651538676997225,1000,20260507,vivienda (CODUSU)
2028,pp07i,17.85745425059485,0.6282133347771885,16.64728969150684,19.063512125143923,0.0070896136181310965,0,True,0.0,0.33171096250972965,0.20111773731514276,0.011669370505790136,0.3092315628675956,0.35411407847435744,0.007075187911366469,0.18748838374170995,0.21470083977737306,0.4654062390757198,6.765304840572665,1000,20260507,vivienda (CODUSU)
2029,pp07i,17.863240555001983,0.6284742174316051,16.65258514178011,19.069642877763737,0.007097638271314821,0,True,0.0,0.3360459807671363,0.20493010866673794,0.011822951951712032,0.3132709481825101,0.3587410035713108,0.007209962228070529,0.19104126556318018,0.21877015959916202,0.46559375946143944,6.765451454738463,1000,20260507,vivienda (CODUSU)
2030,pp07i,17.868984326571415,0.6287332122862261,16.657841637462873,19.075728552778454,0.00710560678176364,0,True,0.0,0.3405800124598551,0.20899658931388804,0.011983555492627949,0.31749582453911973,0.36358036637400004,0.007353697029147194,0.19483100012481835,0.22311073384735577,0.46577991983836764,6.765596944757938,1000,20260507,vivienda (CODUSU)
2031,pp07i,17.874497436294096,0.6289818342262996,16.662887011681658,19.081569823532682,0.007113257951218088,0,True,0.0,0.34467461450951326,0.21207928292427253,0.012128680653434032,0.3213110845681879,0.36795063730340477,0.007462812135028271,0.19770363566754864,0.22640108678117157,0.4659586214908091,6.765736548597721,1000,20260507,vivienda (CODUSU)
2032,pp07i,17.87995412878125,0.6292279389016573,16.667880728205382,19.087351307270364,0.00712083339170988,0,True,0.0,0.3488095904208674,0.21494773949978835,0.012275240644849132,0.32516395781075097,0.37236399734331993,0.0075643998929118775,0.2003765367055806,0.2294627260777963,0.4661355110368214,6.765874681888514,1000,20260507,vivienda (CODUSU)
2033,pp07i,17.885411193681236,0.6294740871823283,16.6728747587626,19.093133174037355,0.007128411902776577,0,True,0.0,0.3529274147009454,0.2177623751787497,0.012421221955969536,0.329000799619391,0.3767590276053877,0.007664110757863196,0.20299923603705972,0.2324668963189092,0.4663124291640532,6.766012782892608,1000,20260507,vivienda (CODUSU)
2034,pp07i,17.89080160325095,0.6297172551950838,16.677807763442942,19.098844406847277,0.007135900352075453,0,True,0.0,0.35655888133756103,0.22033161029836,0.012550096136023262,0.3323842391844277,0.3806348506658402,0.007755192860927169,0.20539315801803706,0.23520908879979047,0.4664872025261415,6.766149156123912,1000,20260507,vivienda (CODUSU)
2035,pp07i,17.89602955417672,0.6299531194679248,16.682592070020835,19.104383501140557,0.007143165489146952,0,True,0.0,0.35958890409528116,0.22230753301399045,0.012657788207999844,0.3352070347094031,0.3838686288371596,0.007825385149226998,0.20723400551713625,0.23731791194435795,0.46665672386377705,6.766281380426377,1000,20260507,vivienda (CODUSU)
1950,indep50,16.458939269998208,0.44886688296526306,15.56584155983063,17.314975286154556,0.0020035017431681013,0,True,0.0,0.5924206999693751,0.44414483768317203,0.0161564502205847,0.5602746690545541,0.6232327375843845,0.012112682695133358,0.42004457635948866,0.4672449883799886,0.3002285851402123,5.313628350012487,1000,20260507,vivienda (CODUSU)
1951,indep50,16.484257932228854,0.44928634112473953,15.590557003917413,17.340806677113473,0.0020055122007818227,0,True,0.0,0.5907560520660784,0.43193562077766556,0.016101338999988394,0.5587279659788772,0.6214526934927376,0.011772612116267763,0.4085180507028212,0.4543796953225513,0.3005132171725924,5.30885187671717,1000,20260507,vivienda (CODUSU)
1952,indep50,16.51799949897747,0.44984483946025067,15.623496015808849,17.375229634012165,0.002008201371385354,0,True,0.0,0.5836896680187958,0.40028290198095506,0.015895979717203426,0.5520809710234563,0.6139812522366718,0.0109011504565945,0.37860627884647846,0.4210562750603316,0.3008922082686508,5.302499307836143,1000,20260507,vivienda (CODUSU)
1953,indep50,16.54538933371138,0.450297781173341,15.650235494615528,17.403170989098065,0.00201039261583702,1,True,0.01362726052182133,0.5882710299196457,0.4025549468869414,0.01601032977577882,0.5564438507436016,0.618769441754075,0.010955898089034593,0.3807755496854105,0.4234250661546227,0.30119957850060974,5.297353417096434,1000,20260507,vivienda (CODUSU)
1954,indep50,16.55122305511026,0.4503942039628771,15.655930826973243,17.4091219932195,0.002010860286443261,2,True,0.02830845368326743,0.5825570147072547,0.3815430821797674,0.015852623218744737,0.5510452185108358,0.6127526711032415,0.010382603883937214,0.36090457377240714,0.40131959077705115,0.30126501286289187,5.296258652332498,1000,20260507,vivienda (CODUSU)
1955,indep50,15.788337793626486,0.6437775114809255,14.494360813216034,17.056726000549727,0.010761187262129823,3,False,0.043053784025434194,0.5510131089459642,0.363053285977631,0.022467840041641374,0.5058533024989359,0.5952798670038839,0.014803682568535084,0.33329824774256916,0.39221990962338626,0.47462287017047045,8.114740198832335,1000,20260507,vivienda (CODUSU)
1956,indep50,16.815674644696564,0.6327138722133696,15.52597690486667,17.978463285768875,-0.024645155374120264,4,False,0.060663132739250135,0.5975946024418946,0.38437779016887885,0.022485353868574632,0.5517613888249239,0.6389177268700132,0.014462765553523108,0.3548974881473385,0.4109571655274411,0.44349973835523915,7.292262822400899,1000,20260507,vivienda (CODUSU)
1957,indep50,16.56674505033176,0.5802064539976356,15.422568169135667,17.667950965374864,0.01381473971811431,5,False,0.07997876368826362,0.5905803006100645,0.3919621635669429,0.020683513929669682,0.5497920634279909,0.6298366855163267,0.013727438693206846,0.3648914236904989,0.4180162286039591,0.38618868490824965,6.776777180482509,1000,20260507,vivienda (CODUSU)
1958,indep50,16.616472520888415,0.5284771647865837,15.571602240296993,17.67236168220491,0.003343204440014347,6,False,0.10189528540263827,0.5754971548029293,0.4246616963557521,0.018303349542489824,0.5393089763033959,0.6120669627065629,0.013506116235044928,0.39795829193162585,0.4516467066727518,0.38198813512555563,6.321315908858131,1000,20260507,vivienda (CODUSU)
1959,indep50,17.135658420691662,0.5215299433928323,16.137254449769728,18.174394782403155,0.013329791089248033,7,False,0.12342183156966216,0.577082591156442,0.4377067060582731,0.017563716765933293,0.543459047991927,0.6120644200671451,0.013321761442068947,0.41220385681262967,0.4642397904712233,0.3822891222907086,5.944155405705153,1000,20260507,vivienda (CODUSU)
1960,indep50,17.470763190227217,0.4969576559164994,16.533015577896933,18.46726960553558,-0.0035030766331942687,8,False,0.14838781810567664,0.5861446217284311,0.41791506249142346,0.01667294405347818,0.5546831616009457,0.6195774414336176,0.011887636937584413,0.39548336630614095,0.4417523176984344,0.35291959459047056,5.535688414346517,1000,20260507,vivienda (CODUSU)
1961,indep50,17.861218014262395,0.45895796027642083,16.985254383649902,18.76506598676099,-0.008043963519352104,9,False,0.17351622335091654,0.5975576715839241,0.43451964483309047,0.01535471152519891,0.568251787344505,0.6277964430652886,0.011165321969273641,0.41320959725646317,0.4565080500851618,0.3290117694187463,4.982335475917398,1000,20260507,vivienda (CODUSU)
1962,indep50,17.17972726515682,0.449516312631725,16.32263809833954,18.063154971924543,-0.007506221393121848,9,False,0.1845390197371386,0.5826809573256219,0.4198562491794209,0.015246143977440268,0.553611256245594,0.6126439767590796,0.01098575257066499,0.39890980240304746,0.44144638490508764,0.31789502673633224,5.0656126454202965,1000,20260507,vivienda (CODUSU)
1963,indep50,17.3559850269628,0.455177858436973,16.479777369629634,18.22997127015736,0.0004884100516022727,9,False,0.19504577256138553,0.5780722389994635,0.42144583853355866,0.015160515716098617,0.5488885699932858,0.6071819198198452,0.011052833586389029,0.4001693699090106,0.44266836578036767,0.3121195373757897,5.042047160702122,1000,20260507,vivienda (CODUSU)
1964,indep50,17.910843701990764,0.42627913127391925,17.083184424872112,18.765839018520676,-0.005314112941146476,9,False,0.20488195828408895,0.5838674948285674,0.41993478894003095,0.01389608064342259,0.5568870043087836,0.6117391005361752,0.009994472622256003,0.4005296213424571,0.43998087296407923,0.3076650442100397,4.697306898673734,1000,20260507,vivienda (CODUSU)
1965,indep50,18.19922488881305,0.42130669521675773,17.39557770836925,19.026327248387137,0.003258850493022436,9,False,0.21501322846795876,0.577671005947318,0.4092884526936756,0.013372913622700858,0.5521620253181999,0.6039244895432189,0.009474907115453474,0.39121496258599164,0.4278894341661038,0.2912772527964308,4.480271962077626,1000,20260507,vivienda (CODUSU)
1966,indep50,18.019140767064062,0.4202904189950907,17.210327884080403,18.795756615893403,-0.016409903671700476,9,False,0.22305381765901686,0.5624237662597754,0.3986425557667347,0.013118345842892962,0.5371786342233706,0.5866639459821074,0.009298204001975487,0.38074895923082164,0.41582384819507084,0.3005910618887202,4.399290599668589,1000,20260507,vivienda (CODUSU)
1967,indep50,18.662054951825542,0.3839220468785264,17.925191263913604,19.388363751375692,0.013164217953839596,9,False,0.22723347622924864,0.5764054040933501,0.40815301741330084,0.0118580050880043,0.5536462699632124,0.5988385347524315,0.008396660619072543,0.39203726068554934,0.4240379308848062,0.2795821255858177,3.9201805247041124,1000,20260507,vivienda (CODUSU)
1968,indep50,18.516236081876002,0.3997707088155649,17.760812032002463,19.328425965013434,0.0010840910068097287,9,False,0.23252534973730565,0.5803952621681121,0.4083006480951462,0.012530895821600144,0.5567163385717767,0.6058535225872069,0.008815325035665325,0.3916428280184227,0.4262102088824991,0.29160816885883273,4.233079352842606,1000,20260507,vivienda (CODUSU)
1969,indep50,18.19434089198756,0.37532680911661837,17.430352826937863,18.969155448731016,0.006314969936415338,9,False,0.23682752376729746,0.655043947572884,0.4567215053909407,0.013512748614155847,0.6275383753183205,0.6829393018975727,0.009421601271019946,0.4375435763171883,0.4761712053199183,0.26440163117146415,4.22879463160661,1000,20260507,vivienda (CODUSU)
1970,indep50,18.749049127874873,0.36887399836283175,18.048057404750345,19.49652747846486,0.01692731321981711,9,False,0.23965468402889606,0.5981907765806763,0.4161916543767641,0.011768971430824343,0.5758255472630434,0.6220391676093123,0.008188270167096192,0.4006310303172823,0.4327841892419241,0.275561844974007,3.862782757235999,1000,20260507,vivienda (CODUSU)
1971,indep50,18.982704541891923,0.3571768630875057,18.262318757422193,19.720889232993315,0.012140120163866897,9,False,0.2412602306901603,0.6641279538509166,0.448839026354392,0.012496171908576327,0.6389245727432693,0.6899540466177999,0.00844531479224794,0.43180577098304157,0.46629313028844843,0.2801854432571302,3.8418405352943257,1000,20260507,vivienda (CODUSU)
1972,indep50,19.537136260407756,0.36421010909082524,18.828373342275153,20.257145967572306,0.00594799741551455,9,False,0.24187523857870322,0.6917417441691055,0.4748147394482122,0.012895407635409993,0.6666469252224315,0.7172347726259946,0.008851467571673469,0.4575895394077298,0.49231327234222316,0.263671456491472,3.656555920615086,1000,20260507,vivienda (CODUSU)
1973,indep50,19.900969560813756,0.3543267260703924,19.191514843620098,20.59414814816036,0.005750424562865675,9,False,0.2424660650116276,0.713675330223089,0.47924798250478495,0.012706629315843907,0.6882333371571588,0.7385336395489958,0.008532768622043838,0.46216314948423437,0.49594085962749096,0.2658371961295944,3.5240325860859936,1000,20260507,vivienda (CODUSU)
1974,indep50,20.156722640504444,0.3531203380691497,19.49137245159799,20.88571382573796,0.002038051413514097,9,False,0.24262746865516177,0.7291062995212237,0.4930850045868357,0.012773022061528846,0.7050393406821656,0.7554752720436286,0.008638226889456972,0.4768088367395124,0.5109179940229415,0.2597029208158579,3.4587502120460654,1000,20260507,vivienda (CODUSU)
1975,indep50,20.162447058040062,0.3340719419178702,19.5153071157692,20.840185003849662,0.012029545933991415,9,False,0.24196461598835586,0.761582090269589,0.5029809862342591,0.012618667123779376,0.7371381232990692,0.7871818143476677,0.008333900857140225,0.48683715778635345,0.5198881255021467,0.2522838317112507,3.2855086594068643,1000,20260507,vivienda (CODUSU)
1976,indep50,20.7553151688747,0.33698560662328597,20.06501430910935,21.41210328162161,-0.003570041264762125,9,False,0.24069704614860768,0.7679050246931264,0.5017604669128289,0.01246779142931765,0.7423652776716633,0.7922048673037271,0.008146638774041332,0.48507241959155245,0.5176383424080124,0.254018542416312,3.2451662659702607,1000,20260507,vivienda (CODUSU)
1977,indep50,20.810236543404617,0.33623562393495243,20.143479594351,21.440960645139572,-0.004912757375741705,9,False,0.2399515692493388,0.7467302200457338,0.488875081662571,0.01206508637825818,0.7228050925131673,0.7693623869744638,0.007898863512013342,0.47321159522224115,0.5036920827139094,0.2479277722759543,3.117410626453891,1000,20260507,vivienda (CODUSU)
1978,indep50,20.712053123660983,0.33611348377495937,20.043456792382322,21.347135954353814,-0.005852998661119102,9,False,0.23903889339763484,0.74548923282745,0.48416845487182997,0.012097737566929648,0.7214244352383217,0.7683477784968906,0.007857045611523878,0.4685392340159622,0.49901425847306297,0.23964150688988983,3.1471509709537133,1000,20260507,vivienda (CODUSU)
1979,indep50,21.10004566474589,0.33876447606735366,20.46658931795158,21.751162288889812,0.006401032179795152,9,False,0.2367945215720993,0.7809262017640595,0.5126122374346204,0.012537890191862586,0.7574815767264969,0.805024444975339,0.008230068256695616,0.49722281693730214,0.5284307031780836,0.24682249742190165,3.0440051916202857,1000,20260507,vivienda (CODUSU)
1980,indep50,20.88439494126624,0.3177998056907242,20.220610075691994,21.507366654097293,-0.0019229694089801797,9,False,0.23549750423466392,0.7550106662844907,0.49280291979506186,0.011489068451081849,0.7310135787444296,0.7775322805952593,0.007499028465758205,0.47713978371710913,0.5075029999216955,0.24544897615153005,3.0806652096555354,1000,20260507,vivienda (CODUSU)
1981,indep50,21.559874326341234,0.3317604095156424,20.95260941606404,22.219607492598794,-0.024262675498352593,9,False,0.23331073073391678,0.7469860054290256,0.4887837962091217,0.01149451890639305,0.7259460687995732,0.7698438122535151,0.007521338480012714,0.4750164966573228,0.5037406033132547,0.24611244720068598,2.938324355134976,1000,20260507,vivienda (CODUSU)
1982,indep50,21.073036854876335,0.34384370042685236,20.40030172414537,21.750058734045872,-0.026144626227360135,9,False,0.2320281166912091,0.6994198145649022,0.4523557559881579,0.01141226577109169,0.6770915529276494,0.7218903545466877,0.007380980639834185,0.4379147615203302,0.4668887701940051,0.24861654418102144,3.2025688067549876,1000,20260507,vivienda (CODUSU)
1983,indep50,21.25661062907631,0.34973404164631555,20.56654577150268,21.941439293737293,-0.0011501381624690055,9,False,0.23011666506034806,0.6854397219660786,0.43871142259961476,0.011277508369100724,0.6631879212266498,0.7075226766614774,0.0072180989537575825,0.4244692962025673,0.4528454801383763,0.2364054479852125,3.234037510086244,1000,20260507,vivienda (CODUSU)
1984,indep50,21.855061264294335,0.3483938415348235,21.163619917500192,22.51328429932255,-0.015241846251417002,9,False,0.22769436251761935,0.6689756332034392,0.41951201512428526,0.010664211274745315,0.6478108601011852,0.6891236056260325,0.006687485372459049,0.4062396683106088,0.4321467301903574,0.2538186599053082,3.0877616070273137,1000,20260507,vivienda (CODUSU)
1985,indep50,22.184570383939633,0.3405777900418622,21.48752618396847,22.78988906580608,-0.020278501025380535,9,False,0.22506491970252498,0.6856077119225101,0.4285551613004063,0.010525457798870378,0.664065763136472,0.7043149101812985,0.006579183965283829,0.41508986157260935,0.4402485338046232,0.2591282594601509,2.93528984176418,1000,20260507,vivienda (CODUSU)
1986,indep50,22.19631711244799,0.3416796744942823,21.48333416741273,22.869128653944884,-0.008681742246125168,9,False,0.22201176617177798,0.7008517146039195,0.43828457168011714,0.010788581930122575,0.6783391816922736,0.7220958300161543,0.006746746725092738,0.42420613591543976,0.4515697899797346,0.25749753421776506,3.1216766266034823,1000,20260507,vivienda (CODUSU)
1987,indep50,21.917197472649136,0.3769939601330492,21.134812491183617,22.636424278966487,-0.019628785254727887,9,False,0.21811239141945715,0.6738210947728304,0.4151413211450349,0.01159028125090355,0.6497674946078091,0.6959329635292032,0.007140774766876057,0.40032189291955333,0.42876444823279847,0.2598777294352094,3.4256473476062776,1000,20260507,vivienda (CODUSU)
1988,indep50,22.2508153665643,0.37623103339071584,21.5133421601954,22.983952640869788,-0.007876506773204284,9,False,0.21457107835470782,0.6862942648770981,0.41575165753029775,0.011604302864012357,0.6635479689012643,0.7089068252904819,0.007029795230855811,0.4019721306733727,0.42945016843735284,0.2730303253887536,3.3046215530695444,1000,20260507,vivienda (CODUSU)
1989,indep50,21.934284832812217,0.3874752981153185,21.169310129245616,22.646587475116185,-0.01400120158555751,9,False,0.21059644856440943,0.65147848213179,0.3941762257738307,0.011508550244688602,0.6287576794000198,0.6726348520687968,0.006963233666192161,0.38042903302226844,0.40697686045566395,0.2630922009820104,3.3675074367153766,1000,20260507,vivienda (CODUSU)
1990,indep50,21.90554895360923,0.373087050925737,21.175186667173612,22.63044562178176,-0.023991743196290827,9,False,0.20497889803308755,0.6517964341264231,0.38758452538241983,0.011101151125092986,0.6300646101521729,0.6733656294214414,0.00660119350880514,0.3746619037788773,0.4004104413948399,0.2659827490225067,3.3216673950742845,1000,20260507,vivienda (CODUSU)
1991,indep50,21.159483371109133,0.4020551285457426,20.340824442395103,21.92183107371053,-0.009964687581732079,9,False,0.1978674410137712,0.6347667249337648,0.3753351771161052,0.012061316087625597,0.6102076448322572,0.6576365155592674,0.0071318108403912615,0.36081348541799385,0.3888579983004181,0.2920634572402823,3.735929189731801,1000,20260507,vivienda (CODUSU)
1992,indep50,21.496570683209573,0.39283337674939356,20.719443368186276,22.286240295664776,0.0074231856730655466,9,False,0.18994683363295806,0.6204490261914157,0.3617417614575067,0.011338231090506938,0.5980190352436241,0.6432410216813509,0.006610553830133473,0.3486643544628717,0.37503022875718306,0.2915056568999076,3.6442950612171012,1000,20260507,vivienda (CODUSU)
1993,indep50,20.639033270111387,0.4396897283951009,19.843627490478724,21.508998006733382,0.011287025517738414,9,False,0.1793160419222193,0.5773380138693447,0.3259322620492642,0.012299490542417694,0.555088037960912,0.6016736359212297,0.006943594009472149,0.31337118897913324,0.33967077251142447,0.30366048915799043,4.034516768443753,1000,20260507,vivienda (CODUSU)
1994,indep50,21.334183061862255,0.4250858027769873,20.509044343333183,22.197737086568363,0.007758535639499797,9,False,0.1686910899261674,0.5929705848476278,0.3350983596163835,0.011815000197204223,0.5700363582551287,0.616972541406859,0.0066768694537651515,0.32213781501838845,0.3486622976532911,0.31367958793908407,3.957715977074245,1000,20260507,vivienda (CODUSU)
1995,indep50,21.514654735670504,0.44467968251448836,20.66954181045938,22.397742351912537,0.0028961107470841796,9,False,0.15563622904323254,0.5762676689014222,0.32419484189731945,0.011910696555385021,0.5536314118313782,0.5999210739083723,0.006700681983463023,0.31146020801449203,0.33750169964830184,0.33346984311632,4.016333431063307,1000,20260507,vivienda (CODUSU)
1996,indep50,21.455127444348168,0.45899328227449965,20.602795712824758,22.338301249221427,-0.0063815747177820015,9,False,0.14124339843040123,0.581804545339042,0.31654328068764165,0.012446646080293325,0.5586916332007528,0.6057538103961925,0.006771865595374607,0.3039682035537293,0.32957339362158333,0.34713929852222636,4.044500646519921,1000,20260507,vivienda (CODUSU)
1997,indep50,21.243065670410004,0.4726081312511708,20.28437920470972,22.157227738054157,0.005098202988794043,9,False,0.12404649295131881,0.583890155737972,0.31214626961561476,0.012990179460945573,0.5575395527484355,0.6090169543049977,0.006944518623107591,0.29805930078342047,0.3255789955538815,0.32971942039102026,4.408140902076049,1000,20260507,vivienda (CODUSU)
1998,indep50,22.012863677005363,0.49784950097806013,21.031377725362006,22.989968856430227,0.00871011809827138,9,False,0.10801920750638846,0.5911790265855035,0.3181785831508257,0.013370281472361682,0.5648201703270159,0.6174202325149006,0.007196021888284108,0.3039919778068541,0.33230186788744526,0.36352746007033454,4.448742244095587,1000,20260507,vivienda (CODUSU)
1999,indep50,21.728132901324916,0.537506204206757,20.72585211124187,22.798217027710688,0.018444262673732226,9,False,0.08926735599054514,0.5804645986259185,0.307190082508421,0.014359417097673917,0.5536887813401844,0.6090517743275458,0.007599206796502683,0.2930199409688577,0.32231882056282385,0.38821478787484065,4.7688518058135845,1000,20260507,vivienda (CODUSU)
2000,indep50,21.65930639545772,0.5636641597625351,20.576836734888612,22.77550130280183,0.025150615415057587,8,False,0.07053995460033417,0.5857289387986795,0.3121612168574874,0.015243073998242037,0.5564558958862862,0.6159140078232473,0.008123717666569708,0.29656029962195546,0.32824819370545044,0.4232997368521948,5.0755655046606405,1000,20260507,vivienda (CODUSU)
2001,indep50,22.348964185790727,0.5836755284245656,21.204300755615545,23.4923511038181,0.008089131480161882,7,False,0.054913774500248286,0.5829570756235253,0.3038935282081494,0.015224767301731749,0.5530993318694601,0.612781522452395,0.007936619083871048,0.28832878858464855,0.3194409102585129,0.4454624241453634,5.11891810551398,1000,20260507,vivienda (CODUSU)
2002,indep50,23.063627836585805,0.6240031383759755,21.81729836460271,24.285838010979415,0.014248737772298625,6,False,0.04113082410152046,0.6066908703665476,0.32323398703354855,0.016414460457614632,0.5739060579563575,0.6388412224155632,0.00874532938910672,0.3057668284737203,0.34036311652095436,0.4834640071432294,5.3515857606340305,1000,20260507,vivienda (CODUSU)
2003,indep50,23.400196427778216,0.6934686986379595,22.060909534811426,24.70193661776836,0.013446914131456822,5,False,0.02881136701160679,0.6140034319155531,0.3307357067522585,0.018196093447500488,0.5788615581650853,0.6481601086162471,0.009801407473756454,0.31180637859655186,0.3491343540915231,0.5120025919400081,5.64317289196297,1000,20260507,vivienda (CODUSU)
2004,indep50,24.07326679129546,0.7992543141747195,22.531287727280347,25.572873174419545,0.0033926242240909232,4,False,0.019128925502024222,0.6613737626516913,0.3727639593509425,0.021958209397341426,0.6190104014868261,0.7025730034818511,0.012376101891905208,0.3488870910338277,0.39598470532146474,0.6260557225441278,6.317350847120987,1000,20260507,vivienda (CODUSU)
2005,indep50,24.08501420704439,0.9048319825439972,22.278756397382523,25.76433133286017,-0.027344591959661102,3,False,0.01073851492202083,0.6357323811853384,0.3474855376734052,0.023883356924369267,0.5880555740014298,0.6800585445823246,0.013054425679617558,0.32142582847947965,0.3717138154469587,0.7592558555416837,7.235982726674467,1000,20260507,vivienda (CODUSU)
2006,indep50,23.43697626900387,0.542423290466501,22.34128768605201,24.535095953985646,0.0034143899672791633,2,True,0.005061831395022636,0.6006386505225014,0.3243105994839388,0.013901127409027379,0.5725585388091362,0.6287810660853808,0.007505815617430685,0.30914894137982674,0.3395058981117976,0.3943888679623579,4.680228888645111,1000,20260507,vivienda (CODUSU)
2007,indep50,23.44907769764124,0.5427757875231224,22.352749007474504,24.548030402119192,0.0034176188543924013,1,True,0.0015178375036904153,0.6004251525201122,0.3240028052964422,0.013898040648335474,0.572353117897115,0.6285643763184511,0.0074996927415259184,0.30885450924312974,0.3391873581274811,0.39463914656295374,4.680954668987926,1000,20260507,vivienda (CODUSU)
2008,indep50,23.4639228210337,0.5432082925433589,22.366808854602787,24.563897662007232,0.003421582526623723,0,True,0.0,0.6359717997460261,0.34317794671225943,0.014723248029783044,0.6062353592931918,0.6657857820295933,0.007944839739457072,0.3271318097904488,0.3592659261281332,0.3949462265855387,4.681844600671193,1000,20260507,vivienda (CODUSU)
2009,indep50,23.474664694752132,0.5435213120014774,22.376982477433092,24.575379321893113,0.003424452489785068,0,True,0.0,0.6299387322055059,0.3400977592129732,0.014585304227387989,0.6004826120293968,0.6594762265960542,0.007874463073269024,0.32419468808107366,0.35604476348721437,0.3951684676641597,4.682488276289378,1000,20260507,vivienda (CODUSU)
2010,indep50,23.485754979373695,0.5438445374573257,22.387486055372158,24.587233539070642,0.0034274171821664368,0,True,0.0,0.6343312630208965,0.3423779170768282,0.014688801472862865,0.60466790690097,0.6640813088072309,0.007928225433322465,0.3263672320075129,0.35843539256803686,0.3953979515742679,4.683152586813597,1000,20260507,vivienda (CODUSU)
2011,indep50,23.500077446742566,0.5442620446356281,22.40105078761019,24.602542809217685,0.003431248380380225,0,True,0.0,0.6313043033748322,0.34084461394581433,0.01462101440817524,0.6017801343159721,0.6609208495002455,0.007893964899035016,0.3249043551021118,0.3568347476682694,0.3956943686961624,4.684010141236052,1000,20260507,vivienda (CODUSU)
2012,indep50,23.512544657160053,0.5446255435084733,22.412858381939177,24.61586920590233,0.0034345855688044935,0,True,0.0,0.6102864736823568,0.3299151679969903,0.014136181654158276,0.581743256908197,0.6389241246893931,0.007641887779565951,0.31448497158381733,0.34539641467450233,0.3959524370031815,4.684756278160417,1000,20260507,vivienda (CODUSU)
2013,indep50,23.525082272791494,0.5449911639670524,22.424732624617167,24.629271055577306,0.0034379437265776858,0,True,0.0,0.6201196939759456,0.33559329965083295,0.014365932917893277,0.591114546228531,0.6492260410710523,0.007774484308936226,0.3198964376837425,0.3513449281788703,0.3962120072327982,4.685506314912766,1000,20260507,vivienda (CODUSU)
2014,indep50,23.535765350302945,0.5453027570292289,22.434850428737217,24.640690686204092,0.003440806832117005,0,True,0.0,0.634075971656492,0.34401337612929417,0.014690976493178784,0.6044162733967141,0.6638437143044013,0.007970484055485479,0.3279217193098966,0.36016365165748115,0.3964332176020411,4.686145159580463,1000,20260507,vivienda (CODUSU)
2015,indep50,23.54589001270174,0.5455981090030388,22.44443934377174,24.651513532707202,0.003443521705978725,0,True,0.0,0.6231983177525876,0.33979990258088655,0.014440559414669247,0.5940457903435854,0.6524612896497386,0.007873738651948953,0.3239044393047833,0.35575558589488865,0.3966428949856861,4.686750400483617,1000,20260507,vivienda (CODUSU)
2016,indep50,23.558195431324933,0.5459571374718195,22.456093592145685,24.664667689641725,0.0034468232049853498,0,True,0.0,0.5850448256474546,0.3213279346305369,0.013558313463962135,0.5576752004897054,0.6125229859054319,0.007446719757972288,0.3062955392686623,0.33641994142398446,0.39689777403982524,4.687485728553166,1000,20260507,vivienda (CODUSU)
2017,indep50,23.568462335814107,0.5462567400811934,22.465817175688887,24.675642874854393,0.003449579345065956,0,True,0.0,0.5631948352298162,0.3112752119802572,0.013053417331164103,0.5368458927139519,0.589652155710453,0.0072145641129092485,0.29671227185007215,0.325898052116352,0.39711046271448563,4.688099010616201,1000,20260507,vivienda (CODUSU)
2018,indep50,23.579089110625045,0.5465668928047667,22.475881562865254,24.687002894835658,0.003452433592610049,0,True,0.0,0.5457917340129561,0.3036080114314589,0.012651535891756055,0.520255482055001,0.5714369225350473,0.007037680152112021,0.2894029398020974,0.3178736812918825,0.39733063790160733,4.688733567264995,1000,20260507,vivienda (CODUSU)
2019,indep50,23.589412176617497,0.5468682287991402,22.485658292149115,24.698038384630326,0.003455207728027432,0,True,0.0,0.4971986770570365,0.2780060526323803,0.011526449147934874,0.473934639486053,0.5205654095490445,0.006444954052276451,0.2649980871010107,0.29107143949437053,0.3975445511960272,4.689349772509775,1000,20260507,vivienda (CODUSU)
2020,indep50,23.599493028124435,0.5471625393870098,22.495205605083235,24.708815071851294,0.0034579181617999666,0,True,0.0,0.4248121864429914,0.2382685060666555,0.00984941983370938,0.4049340155820934,0.4447809850228339,0.005524339047453751,0.22711924475656478,0.24946859861909343,0.3977534744606265,4.68995131406004,1000,20260507,vivienda (CODUSU)
2021,indep50,23.609052031283507,0.547441655626968,22.50425867001854,24.71903400647247,0.003460489553773982,0,True,0.0,0.42531142497483354,0.23854688555031145,0.009862030476139785,0.40540883684212425,0.4453074847462488,0.005531374228718652,0.2273840055178051,0.24976219156291443,0.397951609095449,4.6905215286052355,1000,20260507,vivienda (CODUSU)
2022,indep50,23.618688282935157,0.5477230678643842,22.513384876168903,24.72933563744041,0.0034630829739441538,0,True,0.0,0.400837174252291,0.22477593988980993,0.009295510578975801,0.3820788635047918,0.4196861781358946,0.005212608164505877,0.21425691321300674,0.23534582421210834,0.3981513710502457,4.6910961665736615,1000,20260507,vivienda (CODUSU)
2023,indep50,23.62814672141787,0.5479993267573086,22.522342662554998,24.739447289332293,0.00346562975724396,0,True,0.0,0.3768227109777121,0.21102060813464482,0.00873951708347351,0.35918729978005126,0.3945457807406484,0.004894127015255132,0.2011447830125889,0.22094552202766324,0.39834747241112,4.69166002081659,1000,20260507,vivienda (CODUSU)
2024,indep50,23.63667793509481,0.5482485370623341,22.5304222883305,24.7485677760723,0.0034679279104565808,0,True,0.0,0.3410226822074865,0.1907519181712588,0.007909960407241881,0.32506196772372203,0.3570646851036045,0.004424456785610775,0.1818242512974481,0.19972505392849152,0.39852437133760177,4.692168446498113,1000,20260507,vivienda (CODUSU)
2025,indep50,23.6456484685997,0.5485106148327973,22.538917963330324,24.75815802486843,0.003470345466695335,0,True,0.0,0.42341473202056096,0.1895836166082701,0.00982199643618468,0.4035968783918098,0.4433360691859753,0.00439779125728438,0.1807101880753925,0.19850337981412047,0.3987104019387176,4.692702897290279,1000,20260507,vivienda (CODUSU)
2026,indep50,23.65417697594974,0.5487598111580886,22.546994995962805,24.767275803233566,0.0034726449026507566,0,True,0.0,0.42918586758841565,0.19348955448888414,0.00995680195886769,0.40909694802287355,0.44938214355207245,0.004488817830793267,0.18443288140050706,0.20259462698463093,0.3988872868733156,4.693210864043632,1000,20260507,vivienda (CODUSU)
2027,indep50,23.662512002106453,0.549003384735245,22.554888775593867,24.7761868189496,0.003474893119470579,0,True,0.0,0.43462465064589645,0.1974149840762498,0.010083899979542716,0.4142802190053564,0.45508023575708406,0.004580303834422458,0.18817414685638906,0.2067063093680717,0.3990601787458903,4.693707166758103,1000,20260507,vivienda (CODUSU)
2028,indep50,23.671015880664903,0.5492519238497134,22.562942454373417,24.785278444135535,0.0034771878453128124,0,True,0.0,0.43970071832030017,0.20111773731514276,0.01020262360825817,0.4191177114925291,0.4603986914037306,0.004666648220656789,0.19170313418199994,0.21058492565509201,0.3992365932763613,4.69421338096727,1000,20260507,vivienda (CODUSU)
2029,indep50,23.679277203030985,0.5494934040271232,22.57076640408755,24.794110834451573,0.0034794180510147044,0,True,0.0,0.4454581410941849,0.20493010866673794,0.010337152954571877,0.424604668429193,0.46643055983922704,0.00475553970813434,0.1953366047545217,0.21457833294628276,0.3994079954478639,4.69470501844421,1000,20260507,vivienda (CODUSU)
2030,indep50,23.68747806502937,0.5497331463065817,22.578533080774065,24.8028786684648,0.003481632843499227,0,True,0.0,0.45147958200029287,0.20899658931388804,0.010477826741404673,0.4303432661553378,0.4727389409248444,0.0048503412771698845,0.1992122754747434,0.21883786161804322,0.39957816222755616,4.695192923417651,1000,20260507,vivienda (CODUSU)
2031,indep50,23.6953498403988,0.5499632956499212,22.58598808124309,24.811294742362847,0.0034837596112673452,0,True,0.0,0.456918333005776,0.21207928292427253,0.010604963165992043,0.4355264679728497,0.4784371410320821,0.004922308476629858,0.20215021886866485,0.2220672677476926,0.39974151831397303,4.695661123613745,1000,20260507,vivienda (CODUSU)
2032,indep50,23.70314130123844,0.5501911233419566,22.593367007224145,24.819625023666315,0.0034858655006750894,0,True,0.0,0.462410750577048,0.21494773949978835,0.010733357535698897,0.44076081153544716,0.48419157994197093,0.004989310773295009,0.20488394783514166,0.22507237442788722,0.3999032248747324,4.696124425343262,1000,20260507,vivienda (CODUSU)
2033,indep50,23.710933532126514,0.5504189999349599,22.60074665030006,24.82795620318962,0.003487972414617957,0,True,0.0,0.46788068672392585,0.2177623751787497,0.010861251807168678,0.44597370444686535,0.4899225575644422,0.005055075060918499,0.20756636446701385,0.22802116611372633,0.4000649644962688,4.696587652004209,1000,20260507,vivienda (CODUSU)
2034,indep50,23.718630818637248,0.5506441258617005,22.60803636421733,24.836185945042608,0.0034900544582079362,0,True,0.0,0.472705955780939,0.22033161029836,0.010974189859478992,0.45057210593623953,0.4949785299528947,0.005115147998218725,0.2100148653562998,0.23071301563667315,0.40022475016444814,4.697045115847239,1000,20260507,vivienda (CODUSU)
2035,indep50,23.726096342689374,0.5508624979045323,22.61510657619254,24.844167962174133,0.003492074572811532,0,True,0.0,0.47673373339593905,0.22230753301399045,0.011068602749510404,0.4544103687978721,0.49919939524196166,0.005161442538642242,0.21189783937427792,0.23278358182836698,0.4003797406526924,4.6974886930112785,1000,20260507,vivienda (CODUSU)
