anio,rho,rho_sin_moratoria,tau,tipo_dato,fuente,nota
2009,0.371,0.425,0.2177,rho: etiqueta del gráfico del Anuario (valor publicado); tau: supuesto constante (sin serie histórica verificada),"Anuario Estadístico ANSES 2008-2023, Gráfico 4.3, p.91 (haber medio / salario imponible medio); tau: Anuario ANSES 2008-2023 p.39 (alícuotas vigentes)","valor rotulado en el Gráfico 4.3 / texto p.91 (dic-2009); tau = 11% aporte personal + 10,77% contribución patronal SIPA (inc. a) = 21,77%, igual en todos los años por supuesto"
2010,0.3696,0.4298,0.2177,rho: digitalizado del gráfico del Anuario (precisión aprox.); tau: supuesto constante (sin serie histórica verificada),"Anuario Estadístico ANSES 2008-2023, Gráfico 4.3, p.91 (haber medio / salario imponible medio); tau: Anuario ANSES 2008-2023 p.39 (alícuotas vigentes)","lectura de los trazos vectoriales del Gráfico 4.3 (p.91); error típico de los extremos < 0,1 pp; tau = 11% aporte personal + 10,77% contribución patronal SIPA (inc. a) = 21,77%, igual en todos los años por supuesto"
2011,0.3752,0.4283,0.2177,rho: digitalizado del gráfico del Anuario (precisión aprox.); tau: supuesto constante (sin serie histórica verificada),"Anuario Estadístico ANSES 2008-2023, Gráfico 4.3, p.91 (haber medio / salario imponible medio); tau: Anuario ANSES 2008-2023 p.39 (alícuotas vigentes)","lectura de los trazos vectoriales del Gráfico 4.3 (p.91); error típico de los extremos < 0,1 pp; tau = 11% aporte personal + 10,77% contribución patronal SIPA (inc. a) = 21,77%, igual en todos los años por supuesto"
2012,0.3789,0.4506,0.2177,rho: digitalizado del gráfico del Anuario (precisión aprox.); tau: supuesto constante (sin serie histórica verificada),"Anuario Estadístico ANSES 2008-2023, Gráfico 4.3, p.91 (haber medio / salario imponible medio); tau: Anuario ANSES 2008-2023 p.39 (alícuotas vigentes)","lectura de los trazos vectoriales del Gráfico 4.3 (p.91); error típico de los extremos < 0,1 pp; tau = 11% aporte personal + 10,77% contribución patronal SIPA (inc. a) = 21,77%, igual en todos los años por supuesto"
2013,0.4028,0.4823,0.2177,rho: digitalizado del gráfico del Anuario (precisión aprox.); tau: supuesto constante (sin serie histórica verificada),"Anuario Estadístico ANSES 2008-2023, Gráfico 4.3, p.91 (haber medio / salario imponible medio); tau: Anuario ANSES 2008-2023 p.39 (alícuotas vigentes)","lectura de los trazos vectoriales del Gráfico 4.3 (p.91); error típico de los extremos < 0,1 pp; tau = 11% aporte personal + 10,77% contribución patronal SIPA (inc. a) = 21,77%, igual en todos los años por supuesto"
2014,0.3898,0.4739,0.2177,rho: digitalizado del gráfico del Anuario (precisión aprox.); tau: supuesto constante (sin serie histórica verificada),"Anuario Estadístico ANSES 2008-2023, Gráfico 4.3, p.91 (haber medio / salario imponible medio); tau: Anuario ANSES 2008-2023 p.39 (alícuotas vigentes)","lectura de los trazos vectoriales del Gráfico 4.3 (p.91); error típico de los extremos < 0,1 pp; tau = 11% aporte personal + 10,77% contribución patronal SIPA (inc. a) = 21,77%, igual en todos los años por supuesto"
2015,0.3947,0.4941,0.2177,rho: digitalizado del gráfico del Anuario (precisión aprox.); tau: supuesto constante (sin serie histórica verificada),"Anuario Estadístico ANSES 2008-2023, Gráfico 4.3, p.91 (haber medio / salario imponible medio); tau: Anuario ANSES 2008-2023 p.39 (alícuotas vigentes)","lectura de los trazos vectoriales del Gráfico 4.3 (p.91); error típico de los extremos < 0,1 pp; tau = 11% aporte personal + 10,77% contribución patronal SIPA (inc. a) = 21,77%, igual en todos los años por supuesto"
2016,0.4059,0.5217,0.2177,rho: digitalizado del gráfico del Anuario (precisión aprox.); tau: supuesto constante (sin serie histórica verificada),"Anuario Estadístico ANSES 2008-2023, Gráfico 4.3, p.91 (haber medio / salario imponible medio); tau: Anuario ANSES 2008-2023 p.39 (alícuotas vigentes)","lectura de los trazos vectoriales del Gráfico 4.3 (p.91); error típico de los extremos < 0,1 pp; tau = 11% aporte personal + 10,77% contribución patronal SIPA (inc. a) = 21,77%, igual en todos los años por supuesto"
2017,0.4332,0.5766,0.2177,rho: digitalizado del gráfico del Anuario (precisión aprox.); tau: supuesto constante (sin serie histórica verificada),"Anuario Estadístico ANSES 2008-2023, Gráfico 4.3, p.91 (haber medio / salario imponible medio); tau: Anuario ANSES 2008-2023 p.39 (alícuotas vigentes)","lectura de los trazos vectoriales del Gráfico 4.3 (p.91); error típico de los extremos < 0,1 pp; tau = 11% aporte personal + 10,77% contribución patronal SIPA (inc. a) = 21,77%, igual en todos los años por supuesto"
2018,0.4345,0.5822,0.2177,rho: digitalizado del gráfico del Anuario (precisión aprox.); tau: supuesto constante (sin serie histórica verificada),"Anuario Estadístico ANSES 2008-2023, Gráfico 4.3, p.91 (haber medio / salario imponible medio); tau: Anuario ANSES 2008-2023 p.39 (alícuotas vigentes)","lectura de los trazos vectoriales del Gráfico 4.3 (p.91); error típico de los extremos < 0,1 pp; tau = 11% aporte personal + 10,77% contribución patronal SIPA (inc. a) = 21,77%, igual en todos los años por supuesto"
2019,0.4562,0.6145,0.2177,rho: digitalizado del gráfico del Anuario (precisión aprox.); tau: supuesto constante (sin serie histórica verificada),"Anuario Estadístico ANSES 2008-2023, Gráfico 4.3, p.91 (haber medio / salario imponible medio); tau: Anuario ANSES 2008-2023 p.39 (alícuotas vigentes)","lectura de los trazos vectoriales del Gráfico 4.3 (p.91); error típico de los extremos < 0,1 pp; tau = 11% aporte personal + 10,77% contribución patronal SIPA (inc. a) = 21,77%, igual en todos los años por supuesto"
2020,0.4605,0.6132,0.2177,rho: digitalizado del gráfico del Anuario (precisión aprox.); tau: supuesto constante (sin serie histórica verificada),"Anuario Estadístico ANSES 2008-2023, Gráfico 4.3, p.91 (haber medio / salario imponible medio); tau: Anuario ANSES 2008-2023 p.39 (alícuotas vigentes)","lectura de los trazos vectoriales del Gráfico 4.3 (p.91); error típico de los extremos < 0,1 pp; tau = 11% aporte personal + 10,77% contribución patronal SIPA (inc. a) = 21,77%, igual en todos los años por supuesto"
2021,0.4683,0.6266,0.2177,rho: digitalizado del gráfico del Anuario (precisión aprox.); tau: supuesto constante (sin serie histórica verificada),"Anuario Estadístico ANSES 2008-2023, Gráfico 4.3, p.91 (haber medio / salario imponible medio); tau: Anuario ANSES 2008-2023 p.39 (alícuotas vigentes)","lectura de los trazos vectoriales del Gráfico 4.3 (p.91); error típico de los extremos < 0,1 pp; tau = 11% aporte personal + 10,77% contribución patronal SIPA (inc. a) = 21,77%, igual en todos los años por supuesto"
2022,0.4456,0.5959,0.2177,rho: digitalizado del gráfico del Anuario (precisión aprox.); tau: supuesto constante (sin serie histórica verificada),"Anuario Estadístico ANSES 2008-2023, Gráfico 4.3, p.91 (haber medio / salario imponible medio); tau: Anuario ANSES 2008-2023 p.39 (alícuotas vigentes)","lectura de los trazos vectoriales del Gráfico 4.3 (p.91); error típico de los extremos < 0,1 pp; tau = 11% aporte personal + 10,77% contribución patronal SIPA (inc. a) = 21,77%, igual en todos los años por supuesto"
2023,0.403,0.563,0.2177,rho: etiqueta del gráfico del Anuario (valor publicado); tau: supuesto constante (sin serie histórica verificada),"Anuario Estadístico ANSES 2008-2023, Gráfico 4.3, p.91 (haber medio / salario imponible medio); tau: Anuario ANSES 2008-2023 p.39 (alícuotas vigentes)","valor rotulado en el Gráfico 4.3 / texto p.91 (dic-2023); tau = 11% aporte personal + 10,77% contribución patronal SIPA (inc. a) = 21,77%, igual en todos los años por supuesto"
