anio,benef_no_moratoria,benef_moratoria,benef_total,tipo_dato,fuente,share_moratoria
2009,2481182.0,2310228.0,4791410.0,etiqueta del gráfico del Anuario (valor publicado),"Anuario Estadístico ANSES 2008-2023, Gráfico 3.1, p.65",0.48216036615526536
2010,2400818.0,2475200.0,4876018.0,digitalizado del gráfico del Anuario (precisión aprox.),"Anuario Estadístico ANSES 2008-2023, Gráfico 3.1, p.65",0.5076273303338913
2011,2290420.0,2596643.0,4887063.0,digitalizado del gráfico del Anuario (precisión aprox.),"Anuario Estadístico ANSES 2008-2023, Gráfico 3.1, p.65",0.5313299623925454
2012,2320781.0,2588347.0,4909128.0,digitalizado del gráfico del Anuario (precisión aprox.),"Anuario Estadístico ANSES 2008-2023, Gráfico 3.1, p.65",0.5272518866894487
2013,2298715.0,2615935.0,4914650.0,digitalizado del gráfico del Anuario (precisión aprox.),"Anuario Estadístico ANSES 2008-2023, Gráfico 3.1, p.65",0.5322728983752658
2014,2265582.0,2784280.0,5049862.0,digitalizado del gráfico del Anuario (precisión aprox.),"Anuario Estadístico ANSES 2008-2023, Gráfico 3.1, p.65",0.5513576410602904
2015,2202136.0,3289243.0,5491379.0,digitalizado del gráfico del Anuario (precisión aprox.),"Anuario Estadístico ANSES 2008-2023, Gráfico 3.1, p.65",0.598983060539074
2016,2191091.0,3474131.0,5665222.0,digitalizado del gráfico del Anuario (precisión aprox.),"Anuario Estadístico ANSES 2008-2023, Gráfico 3.1, p.65",0.6132382808652512
2017,2207658.0,3518285.0,5725943.0,digitalizado del gráfico del Anuario (precisión aprox.),"Anuario Estadístico ANSES 2008-2023, Gráfico 3.1, p.65",0.6144463890052695
2018,2210407.0,3512763.0,5723170.0,digitalizado del gráfico del Anuario (precisión aprox.),"Anuario Estadístico ANSES 2008-2023, Gráfico 3.1, p.65",0.6137792517084063
2019,2213156.0,3518285.0,5731441.0,digitalizado del gráfico del Anuario (precisión aprox.),"Anuario Estadístico ANSES 2008-2023, Gráfico 3.1, p.65",0.6138569689542298
2020,2196613.0,3457565.0,5654178.0,digitalizado del gráfico del Anuario (precisión aprox.),"Anuario Estadístico ANSES 2008-2023, Gráfico 3.1, p.65",0.611506217172505
2021,2193840.0,3479654.0,5673494.0,digitalizado del gráfico del Anuario (precisión aprox.),"Anuario Estadístico ANSES 2008-2023, Gráfico 3.1, p.65",0.6133176487011355
2022,2226950.0,3537601.0,5764551.0,digitalizado del gráfico del Anuario (precisión aprox.),"Anuario Estadístico ANSES 2008-2023, Gráfico 3.1, p.65",0.6136819675981703
2023,2217222.0,3766708.0,5983930.0,etiqueta del gráfico del Anuario (valor publicado),"Anuario Estadístico ANSES 2008-2023, Gráfico 3.1, p.65",0.6294705987536618
