bloque,insumo,proyeccion,publicada,referencia,horizonte_anios,proyectado,observado,unidad,error_abs,error_pct,tipo,fuente_observado,nota
A1 nacimientos,Nacimientos 2022,ONU WPP 2024 (medio),jul-2024,2022,0.0,496115.0,495295.0,personas,820.0,0.16555789983747626,backtest legítimo (proyección publicada antes del dato),"DEIS (Min. Salud), series_tbp_extraidas.csv",El error ≈ 0 en 2022 sugiere que ése fue el último año con dato incorporado: 2023 y 2024 son pronósticos a 1 y 2 años.
A1 nacimientos,Nacimientos 2023,ONU WPP 2024 (medio),jul-2024,2023,1.0,503823.0,460902.0,personas,42921.0,9.312391788276031,backtest legítimo (proyección publicada antes del dato),"DEIS (Min. Salud), series_tbp_extraidas.csv",DEIS 2024 puede ser provisorio (inscripciones tardías suben el dato) → el error de 2024 podría ser algo menor.
A1 nacimientos,Nacimientos 2024,ONU WPP 2024 (medio),jul-2024,2024,2.0,506609.0,413135.0,personas,93474.0,22.625534026407834,backtest legítimo (proyección publicada antes del dato),"DEIS (Min. Salud), series_tbp_extraidas.csv",DEIS 2024 puede ser provisorio (inscripciones tardías suben el dato) → el error de 2024 podría ser algo menor.
A1 nacimientos,Población de 0 años al 1-jul-2024 vs nacimientos DEIS (prom. 2023-24),INDEC 2025,2025,2024,0.0,453124.0,437018.5,personas,16105.5,3.685313093152809,proxy (sin corrección por mortalidad infantil/migración),DEIS,INDEC 2025 ve ~3-4 % más nacimientos que el promedio DEIS: coherente con que DEIS 2024 sea provisorio.
A2 población total,Población total al 18-may-2022,INDEC 2013 (base Censo 2010),nov-2013,2022,12.0,46183466.569863014,45892285.0,personas,291181.5698630139,0.6344891518542006,backtest legítimo (12 años),"Censo 2022 enumerado — PDF INDEC 2025, p. 12 (Tabla 1)",Proyección interpolada al 18-may-2022 (publicada al 1-jul).
A2 población total,Población total al 18-may-2022 (vs estimación INDEC a fecha censal),INDEC 2013 (base Censo 2010),nov-2013,2022,12.0,46183466.569863014,46122853.0,personas,60613.56986301392,0.1314176507316578,backtest legítimo (12 años),"INDEC 2025 p. 19 (Tabla 4): estimación a la fecha censal, que corrige por omisión/sobrecobertura","Comparación más justa: el censo enumerado tiene subnumeración de 0,5 %."
A2 población total,Población total al 27-oct-2010 (año base),INDEC 2013 (base Censo 2010),nov-2013,2010,0.0,40941380.03013699,40117096.0,personas,824284.0301369876,2.0546951607289587,control del año base (no es pronóstico),"Censo 2010 enumerado — PDF INDEC 2025, p. 12","La proyección parte del censo CORREGIDO por omisión, por eso queda ~2 % por encima del enumerado."
A2 población total,Población total 2025: INDEC 2013 vs INDEC 2025,INDEC 2013,nov-2013,2025,15.0,47473760.0,46387098.0,personas,1086662.0,2.3425953483876105,"revisión entre vintages (la 'realidad' es otra proyección, no un dato)","INDEC 2025, Cuadro 2.1 (pp. 39-41)","Muestra cuánto cambia el escenario al incorporar el Censo 2022: mide revisión, no error contra hechos."
A2 población total,Población total 2030: INDEC 2013 vs INDEC 2025,INDEC 2013,nov-2013,2030,20.0,49407265.0,46744389.0,personas,2662876.0,5.6966751667242965,"revisión entre vintages (la 'realidad' es otra proyección, no un dato)","INDEC 2025, Cuadro 2.1 (pp. 39-41)","Muestra cuánto cambia el escenario al incorporar el Censo 2022: mide revisión, no error contra hechos."
A2 población total,Población total 2035: INDEC 2013 vs INDEC 2025,INDEC 2013,nov-2013,2035,25.0,51177087.0,47118716.0,personas,4058371.0,8.613076383490581,"revisión entre vintages (la 'realidad' es otra proyección, no un dato)","INDEC 2025, Cuadro 2.1 (pp. 39-41)","Muestra cuánto cambia el escenario al incorporar el Censo 2022: mide revisión, no error contra hechos."
A2 población total,Población total 2040: INDEC 2013 vs INDEC 2025,INDEC 2013,nov-2013,2040,30.0,52778477.0,47514116.0,personas,5264361.0,11.079572647421232,"revisión entre vintages (la 'realidad' es otra proyección, no un dato)","INDEC 2025, Cuadro 2.1 (pp. 39-41)","Muestra cuánto cambia el escenario al incorporar el Censo 2022: mide revisión, no error contra hechos."
A3 población 65+,65+ al 18-may-2022,ONU WPP 2024,jul-2024,2022,0.0,5421847.556164384,5464057.0,personas,-42209.44383561611,-0.7724927436814077,chequeo de nivel (WPP 2024 NO incorpora el Censo 2022: ver nota),"Censo 2022 — PDF INDEC 2025, p. 19 (Tabla 4), censada","Se verificó que WPP 2024 da 45,41 M para 2022, 1,1 % bajo el censo: no está calibrada con él."
A3 población 65+,65+ al 18-may-2022 (vs estimación INDEC a fecha censal),ONU WPP 2024,jul-2024,2022,0.0,5421847.556164384,5521560.0,personas,-99712.44383561611,-1.805874496258597,chequeo de nivel,"PDF INDEC 2025, p. 19 (Tabla 4)","El censo subenumera 65+ en 1,0 % (INDEC)."
A3 población 65+,65+ 2022: ONU WPP 2024 vs INDEC 2025,ONU WPP 2024,jul-2024,2022,0.0,5428598.0,5529167.0,personas,-100569.0,-1.8188815783643397,dispersión entre fuentes (NO es error de proyección),"INDEC 2025, Cuadro 2.1 (pp. 39-42)",Sirve de piso para la incertidumbre de J: dos instituciones serias difieren esto.
A3 población 65+,65+ 2025: ONU WPP 2024 vs INDEC 2025,ONU WPP 2024,jul-2024,2025,1.0,5733401.0,5815927.0,personas,-82526.0,-1.4189655406610213,dispersión entre fuentes (NO es error de proyección),"INDEC 2025, Cuadro 2.1 (pp. 39-42)",Sirve de piso para la incertidumbre de J: dos instituciones serias difieren esto.
A3 población 65+,65+ 2030: ONU WPP 2024 vs INDEC 2025,ONU WPP 2024,jul-2024,2030,6.0,6321396.0,6367718.0,personas,-46322.0,-0.7274505560704747,dispersión entre fuentes (NO es error de proyección),"INDEC 2025, Cuadro 2.1 (pp. 39-42)",Sirve de piso para la incertidumbre de J: dos instituciones serias difieren esto.
A3 población 65+,65+ 2035: ONU WPP 2024 vs INDEC 2025,ONU WPP 2024,jul-2024,2035,11.0,6868184.0,6963335.0,personas,-95151.0,-1.36645730817202,dispersión entre fuentes (NO es error de proyección),"INDEC 2025, Cuadro 2.1 (pp. 39-42)",Sirve de piso para la incertidumbre de J: dos instituciones serias difieren esto.
A3 población 65+,65+ 2040: ONU WPP 2024 vs INDEC 2025,ONU WPP 2024,jul-2024,2040,16.0,7594496.0,7789606.0,personas,-195110.0,-2.504747993672596,dispersión entre fuentes (NO es error de proyección),"INDEC 2025, Cuadro 2.1 (pp. 39-42)",Sirve de piso para la incertidumbre de J: dos instituciones serias difieren esto.
A4 pendiente,INDEC 2013 — Serie Análisis Demográfico n.º 35 (PDF),(vintage anterior),,,,,,,,,PENDIENTE DE DESCARGA,https://www.indec.gob.ar/ftp/cuadros/publicaciones/proyeccionesyestimaciones_nac_2010_2040.pdf,"0.27 MB. 65+ proyectado para 2020 (Cuadro 2, por sexo y edad quinquenal) y TGF/natalidad (Cuadro 5) → error de J y de N de la proyección 2013 contra Censo 2022 y DEIS. Verificado: HTTP 200, application/pdf."
A4 pendiente,"WPP 2019 (paquete R 'wpp2019_1.1-1.tar.gz', datos de la ONU)",(vintage anterior),,,,,,,,,PENDIENTE DE DESCARGA,https://cran.r-project.org/src/contrib/wpp2019_1.1-1.tar.gz,4.68 MB. Nacimientos/fecundidad y población por edad proyectados en 2019 → error a 4-5 años (2023-24) y 65+ 2022. Contenido exacto de tablas: confirmar al abrirlo.
A4 pendiente,WPP 2017 (paquete R 'wpp2017_1.2-3.tar.gz'),(vintage anterior),,,,,,,,,PENDIENTE DE DESCARGA,https://cran.r-project.org/src/contrib/wpp2017_1.2-3.tar.gz,4.74 MB. Vintage intermedio (horizonte 6-7 años).
A4 pendiente,"WPP 2015 (paquete R 'wpp2015_1.1-2.tar.gz', carpeta Archive de CRAN)",(vintage anterior),,,,,,,,,PENDIENTE DE DESCARGA,https://cran.r-project.org/src/contrib/Archive/wpp2015/wpp2015_1.1-2.tar.gz,4.59 MB. Horizonte ~8-9 años para 2023-24 y ~7 años para el Censo 2022.
A4 pendiente,WPP 2012 (paquete R 'wpp2012_2.2-1.tar.gz'),(vintage anterior),,,,,,,,,PENDIENTE DE DESCARGA,https://cran.r-project.org/src/contrib/wpp2012_2.2-1.tar.gz,4.90 MB. Horizonte ~10-12 años; sirve para ver cómo crece el error con el horizonte.
A4 pendiente,WPP 2010,(vintage anterior),,,,,,,,,PENDIENTE DE DESCARGA,(no verificado: sin paquete en CRAN ni URL vigente hallada; las URL históricas population.un.org/wpp/Download/Files/... devolvieron 404),tamaño desconocido. Habría que pedirlo al archivo de la División de Población de la ONU; no se puede estimar el tamaño.
