cohorte,anio_65,er_periodo,er_cohortal_total,er_periodo_male,er_cohortal_male,er_periodo_female,er_cohortal_female,grupos_extrapolados,TBP_C_legal,TBP_A_legal_periodo,TBP_A_legal_cohortal,TBP_B_legal_periodo,TBP_B_legal_cohortal,TBP_C_obs,TBP_A_obs_periodo,TBP_A_obs_cohortal,TBP_B_obs_periodo,TBP_B_obs_cohortal
1950,2015,17.8744,18.057187,15.6655,16.153912,19.7565,19.741451,0,1.079816,0.060411,0.0598,0.906657,0.89748,0.511113,0.028595,0.028305,0.429151,0.424807
1951,2016,17.4514,18.40396,15.338,16.506678,19.262,20.083609,0,1.075128,0.061607,0.058418,0.928634,0.880569,0.508894,0.029161,0.027651,0.439553,0.416803
1952,2017,17.675,18.524246,15.7703,16.648055,19.2703,20.189736,0,1.060098,0.059977,0.057228,0.916886,0.874851,0.501779,0.028389,0.027088,0.433993,0.414096
1953,2018,17.866,18.362123,15.8725,16.423849,19.5518,20.11141,0,1.066649,0.059703,0.05809,0.907084,0.882575,0.504881,0.028259,0.027496,0.429353,0.417752
1954,2019,17.8078,18.085456,15.8786,16.168461,19.4396,19.829867,0,1.055917,0.059295,0.058385,0.910048,0.896077,0.499801,0.028066,0.027635,0.430756,0.424143
1955,2020,17.0377,18.550702,14.9065,16.700866,18.9342,20.222746,0,1.047,0.061452,0.05644,0.951182,0.873603,0.49558,0.029087,0.026715,0.450226,0.413506
1956,2021,16.0978,18.820332,14.0889,17.005639,17.911,20.460549,0,1.066138,0.066229,0.056648,1.006719,0.861088,0.504639,0.031348,0.026813,0.476513,0.407581
1957,2022,16.7818,18.958496,14.9155,17.159554,18.4098,20.590744,0,1.069456,0.063727,0.05641,0.965686,0.854812,0.506209,0.030164,0.026701,0.457092,0.404611
1958,2023,18.11,19.040829,16.2052,17.254804,19.7193,20.669104,0,1.039024,0.057373,0.054568,0.894862,0.851116,0.491805,0.027157,0.025829,0.423568,0.402862
1959,2024,18.2536,19.123753,16.4219,17.351092,19.8061,20.746968,0,1.010319,0.055349,0.052831,0.887822,0.847425,0.478218,0.026199,0.025006,0.420236,0.401115
1960,2025,18.3261,19.207773,16.5044,17.447778,19.8792,20.825797,0,1.006501,0.054922,0.052401,0.88431,0.843719,0.47641,0.025996,0.024803,0.418573,0.39936
1961,2026,18.3949,19.297623,16.5839,17.550502,19.9479,20.909035,0,1.003668,0.054562,0.05201,0.881003,0.83979,0.475069,0.025826,0.024618,0.417008,0.397501
1962,2027,18.4648,19.386519,16.662,17.651693,20.0194,20.99058,0,1.017503,0.055105,0.052485,0.877668,0.835939,0.481618,0.026083,0.024843,0.415429,0.395678
1963,2028,18.5398,19.473699,16.7466,17.751308,20.0941,21.069011,0,0.999204,0.053895,0.05131,0.874117,0.832197,0.472956,0.02551,0.024287,0.413749,0.393907
1964,2029,18.617,19.562751,16.835,17.853346,20.1686,21.147656,0,0.977956,0.05253,0.049991,0.870492,0.828409,0.462899,0.024864,0.023662,0.412033,0.392113
1965,2030,18.6875,19.653739,16.9147,17.956452,20.2381,21.228367,0,0.952246,0.050956,0.048451,0.867208,0.824574,0.45073,0.024119,0.022934,0.410479,0.390298
1966,2031,18.7679,19.74815,17.0065,18.06342,20.3145,21.311787,0,0.936377,0.049892,0.047416,0.863493,0.820632,0.443219,0.023616,0.022444,0.40872,0.388432
1967,2032,18.8472,19.841756,17.0962,18.169061,20.3904,21.394929,0,0.926595,0.049164,0.046699,0.85986,0.81676,0.438588,0.023271,0.022104,0.407,0.3866
1968,2033,18.9339,19.932658,17.1958,18.273323,20.4705,21.47425,0,0.940356,0.049665,0.047177,0.855923,0.813035,0.445102,0.023508,0.02233,0.405137,0.384837
1969,2034,19.0179,20.023533,17.2894,18.37827,20.5508,21.553653,0,1.080079,0.056793,0.05394,0.852142,0.809345,0.511237,0.026882,0.025532,0.403347,0.38309
1970,2035,19.0976,20.115861,17.3829,18.485091,20.6227,21.635362,0,0.957154,0.050119,0.047582,0.848586,0.805631,0.453053,0.023723,0.022522,0.401664,0.381332
1971,2036,19.1746,20.208115,17.4717,18.592469,20.6937,21.718139,0,1.049579,0.054738,0.051938,0.845178,0.801953,0.4968,0.025909,0.024584,0.400051,0.379591
1972,2037,19.2544,20.300246,17.5649,18.700322,20.7655,21.802142,0,1.062195,0.055166,0.052324,0.841675,0.798313,0.502772,0.026112,0.024767,0.398393,0.377868
1973,2038,19.3422,20.389321,17.6643,18.806771,20.847,21.883144,0,1.07584,0.055621,0.052765,0.837855,0.794826,0.509231,0.026327,0.024975,0.396585,0.376217
1974,2039,19.4185,20.479441,17.7528,18.915099,20.9169,21.964884,0,1.085156,0.055883,0.052988,0.834563,0.791328,0.513641,0.026451,0.025081,0.395026,0.374562
1975,2040,19.5066,20.571149,17.8546,19.024763,20.9968,22.048066,0,1.133169,0.058092,0.055085,0.830793,0.7878,0.536367,0.027497,0.026074,0.393242,0.372892
1976,2041,19.591,20.662022,17.9525,19.131824,21.0735,22.131494,0,1.10994,0.056656,0.053719,0.827214,0.784335,0.525372,0.026817,0.025427,0.391548,0.371252
1977,2042,19.673,20.756496,18.0498,19.241957,21.1457,22.21711,0,1.076485,0.054719,0.051863,0.823766,0.780765,0.509536,0.0259,0.024548,0.389916,0.369562
1978,2043,19.754,20.849109,18.1461,19.348559,21.2171,22.299889,0,1.07979,0.054662,0.051791,0.820389,0.777297,0.511101,0.025873,0.024514,0.388317,0.367921
1979,2044,19.8397,20.944281,18.2466,19.457795,21.2933,22.383038,0,1.110319,0.055965,0.053013,0.816845,0.773765,0.525551,0.02649,0.025093,0.38664,0.366249
1980,2045,19.9193,21.041676,18.342,19.568236,21.3625,22.468208,0,1.084557,0.054448,0.051543,0.813581,0.770184,0.513357,0.025772,0.024397,0.385095,0.364554
1981,2046,20.0027,21.137198,18.4416,19.674926,21.4344,22.553084,0,1.039411,0.051964,0.049175,0.810188,0.766703,0.491988,0.024596,0.023276,0.383489,0.362906
1982,2047,20.092,21.233982,18.5451,19.783797,21.5138,22.639181,0,0.995708,0.049557,0.046892,0.806587,0.763208,0.471302,0.023457,0.022196,0.381785,0.361252
1983,2048,20.1815,21.329076,18.6507,19.891125,21.5914,22.725032,0,0.967379,0.047934,0.045355,0.80301,0.759806,0.457893,0.022689,0.021468,0.380092,0.359641
1984,2049,20.2708,21.423758,18.7545,19.999139,21.6707,22.810404,0,0.918289,0.045301,0.042863,0.799473,0.756448,0.434657,0.021443,0.020289,0.378417,0.358052
1985,2050,20.352,21.51936,18.8487,20.108707,21.7435,22.896517,0,0.927141,0.045555,0.043084,0.796283,0.753087,0.438847,0.021563,0.020393,0.376907,0.356461
1986,2051,20.4357,21.611248,18.9491,20.211902,21.815,22.981755,0,0.947254,0.046353,0.043832,0.793022,0.749885,0.448367,0.02194,0.020747,0.375364,0.354946
1987,2052,20.5158,21.705588,19.0442,20.318133,21.8846,23.067918,0,0.922318,0.044956,0.042492,0.789926,0.746626,0.436564,0.021279,0.020113,0.373898,0.353403
1988,2053,20.6011,21.801324,19.1448,20.424681,21.9591,23.155721,0,0.925307,0.044915,0.042443,0.786655,0.743347,0.437978,0.02126,0.02009,0.37235,0.351851
1989,2054,20.6915,21.897282,19.2496,20.530884,22.0394,23.243685,0,0.891041,0.043063,0.040692,0.783218,0.74009,0.42176,0.020383,0.019261,0.370723,0.350309
1990,2055,20.7771,21.994577,19.349,20.638916,22.1157,23.331982,0,0.892646,0.042963,0.040585,0.779991,0.736816,0.422519,0.020336,0.01921,0.369196,0.34876
1991,2056,20.8645,22.086868,19.4527,20.739629,22.1907,23.41755,0,0.899975,0.043134,0.040747,0.776724,0.733737,0.425988,0.020417,0.019287,0.367649,0.347302
1992,2057,20.956,22.180984,19.5605,20.842195,22.2697,23.504709,0,0.865881,0.041319,0.039037,0.773332,0.730624,0.40985,0.019558,0.018478,0.366044,0.345829
1993,2058,21.0441,22.277347,19.6606,20.946975,22.3499,23.594148,0,0.839193,0.039878,0.03767,0.770095,0.727463,0.397218,0.018876,0.017831,0.364512,0.344333
1994,2059,21.1331,22.372653,19.7631,21.050061,22.4291,23.68315,0,0.833832,0.039456,0.03727,0.766852,0.724364,0.39468,0.018676,0.017641,0.362977,0.342866
1995,2060,21.2182,22.46858,19.8618,21.153946,22.5043,23.772644,0,0.803547,0.037871,0.035763,0.763776,0.721272,0.380345,0.017925,0.016928,0.361521,0.341402
1996,2061,21.303,22.559254,19.9607,21.251802,22.5784,23.858162,0,0.813518,0.038188,0.036061,0.760736,0.718373,0.385065,0.018076,0.017069,0.360082,0.34003
1997,2062,21.3919,22.652687,20.0607,21.35139,22.6595,23.947607,0,0.824585,0.038547,0.036401,0.757574,0.71541,0.390303,0.018245,0.01723,0.358585,0.338627
1998,2063,21.476,22.747705,20.1561,21.453766,22.7359,24.037123,0,0.805682,0.037515,0.035418,0.754608,0.712422,0.381356,0.017757,0.016765,0.357181,0.337213
1999,2064,21.5666,22.842193,20.2574,21.553745,22.8189,24.128093,0,0.801447,0.037161,0.035086,0.751438,0.709475,0.379351,0.01759,0.016607,0.35568,0.335818
2000,2065,21.6581,22.935383,20.3623,21.653696,22.8999,24.216265,1,0.811285,0.037459,0.035373,0.748263,0.706592,0.384008,0.01773,0.016743,0.354178,0.334453
2001,2066,21.7472,23.024139,20.4613,21.748165,22.982,24.301127,1,0.782529,0.035983,0.033987,0.745197,0.703868,0.370397,0.017032,0.016087,0.352727,0.333164
2002,2067,21.836,23.115125,20.5618,21.843627,23.0617,24.389489,1,0.789153,0.03614,0.03414,0.742167,0.701097,0.373532,0.017106,0.01616,0.351292,0.331853
2003,2068,21.9161,23.20714,20.6499,21.941479,23.1368,24.477756,1,0.787177,0.035918,0.03392,0.739454,0.698318,0.372597,0.017001,0.016055,0.350008,0.330537
2004,2069,22.0025,23.29378,20.7454,22.034409,23.2168,24.560742,2,0.824201,0.037459,0.035383,0.736551,0.69572,0.390122,0.017731,0.016748,0.348634,0.329308
2005,2070,22.0947,23.379985,20.8471,22.127617,23.302,24.642885,2,0.791861,0.035839,0.033869,0.733477,0.693155,0.374814,0.016964,0.016031,0.347179,0.328093
2006,2071,22.1829,23.462763,20.9431,22.216366,23.3851,24.722549,2,0.768835,0.034659,0.032768,0.730561,0.69071,0.363915,0.016405,0.01551,0.345799,0.326936
2007,2072,22.2748,23.547019,21.0452,22.305328,23.4693,24.804517,2,0.768165,0.034486,0.032623,0.727547,0.688238,0.363598,0.016323,0.015441,0.344372,0.325766
2008,2073,22.3646,23.631684,21.1419,22.395184,23.5548,24.885769,2,0.813127,0.036358,0.034408,0.724625,0.685772,0.38488,0.017209,0.016287,0.342989,0.324599
2009,2074,22.446,23.707075,21.2292,22.477095,23.6329,24.955379,3,0.805045,0.035866,0.033958,0.721997,0.683592,0.381055,0.016977,0.016073,0.341745,0.323567
2010,2075,22.5375,23.781409,21.3287,22.55791,23.7187,25.02346,3,0.810276,0.035952,0.034072,0.719066,0.681455,0.383531,0.017017,0.016127,0.340358,0.322555
2011,2076,22.6247,23.852625,21.4254,22.634207,23.7987,25.089864,3,0.805918,0.035621,0.033787,0.716295,0.67942,0.381468,0.016861,0.015993,0.339046,0.321592
2012,2077,22.7121,23.925207,21.5195,22.711691,23.8816,25.15772,3,0.778673,0.034285,0.032546,0.713538,0.677359,0.368572,0.016228,0.015405,0.337742,0.320617
2013,2078,22.7959,23.99733,21.6088,22.788386,23.9622,25.225169,3,0.790798,0.03469,0.032954,0.710915,0.675323,0.374311,0.01642,0.015598,0.3365,0.319653
2014,2079,22.8797,24.056,21.6989,22.852946,24.0419,25.277113,4,0.808229,0.035325,0.033598,0.708312,0.673676,0.382562,0.016721,0.015903,0.335267,0.318873
2015,2080,22.9615,24.114047,21.785,22.917098,24.1218,25.327773,4,0.794022,0.034581,0.032928,0.705788,0.672055,0.375837,0.016368,0.015586,0.334073,0.318106
2016,2081,23.0485,24.168835,21.8755,22.976336,24.207,25.376929,4,0.745021,0.032324,0.030826,0.703124,0.670531,0.352643,0.0153,0.014591,0.332812,0.317385
2017,2082,23.13,24.224784,21.9644,23.037111,24.2828,25.426901,4,0.716884,0.030994,0.029593,0.700647,0.668982,0.339325,0.01467,0.014007,0.331639,0.316652
2018,2083,23.2092,24.28012,22.0485,23.096774,24.3589,25.476977,4,0.694418,0.02992,0.0286,0.698256,0.667458,0.328691,0.014162,0.013537,0.330508,0.31593
2019,2084,23.2966,24.320431,22.1409,23.141931,24.4428,25.511606,5,0.632316,0.027142,0.025999,0.695636,0.666351,0.299296,0.012847,0.012306,0.329268,0.315406
2020,2085,23.3768,24.360444,22.2253,23.186982,24.5203,25.545913,5,0.540027,0.023101,0.022168,0.69325,0.665257,0.255613,0.010934,0.010493,0.328138,0.314888
2021,2086,23.4669,24.397427,22.318,23.22791,24.6093,25.578592,5,0.540443,0.02303,0.022152,0.690588,0.664249,0.25581,0.010901,0.010485,0.326878,0.314411
2022,2087,23.5556,24.43463,22.4081,23.269226,24.6981,25.611356,5,0.509136,0.021614,0.020837,0.687987,0.663237,0.240991,0.010231,0.009863,0.325647,0.313932
2023,2088,23.6362,24.471937,22.4898,23.310305,24.7792,25.644666,5,0.478441,0.020242,0.019551,0.685641,0.662226,0.226462,0.009581,0.009254,0.324537,0.313454
2024,2089,23.7173,24.495504,22.5713,23.337233,24.8615,25.664572,6,0.432831,0.01825,0.01767,0.683297,0.661589,0.204873,0.008638,0.008364,0.323427,0.313152
2025,2090,23.8059,24.518878,22.6615,23.363772,24.9495,25.684506,6,0.5372,0.022566,0.02191,0.680754,0.660958,0.254275,0.010681,0.010371,0.322223,0.312854
2026,2091,23.8889,24.540753,22.7464,23.388319,25.0319,25.703512,6,0.544326,0.022786,0.02218,0.678389,0.660369,0.257647,0.010785,0.010499,0.321104,0.312575
2027,2092,23.9744,24.563251,22.8316,23.413662,25.1189,25.722895,6,0.551029,0.022984,0.022433,0.675969,0.659764,0.260821,0.010879,0.010618,0.319959,0.312288
2028,2093,24.0565,24.585116,22.916,23.437956,25.1996,25.742075,6,0.557265,0.023165,0.022667,0.673662,0.659177,0.263772,0.010965,0.010729,0.318867,0.312011
2029,2094,24.1445,24.595944,23.0035,23.450427,25.2892,25.751069,7,0.564365,0.023374,0.022945,0.671207,0.658887,0.267133,0.011064,0.010861,0.317705,0.311873
2030,2095,24.2283,24.606351,23.0885,23.462433,25.3727,25.759695,7,0.571795,0.0236,0.023238,0.668885,0.658609,0.27065,0.011171,0.010999,0.316606,0.311741
2031,2096,24.3122,24.615894,23.1725,23.47312,25.4575,25.76797,7,0.578491,0.023794,0.023501,0.666577,0.658353,0.273819,0.011263,0.011124,0.315513,0.311621
2032,2097,24.3959,24.625786,23.2591,23.484347,25.5388,25.776377,7,0.585252,0.02399,0.023766,0.66429,0.658089,0.27702,0.011355,0.011249,0.314431,0.311495
2033,2098,24.4748,24.635302,23.3366,23.495053,25.6201,25.784569,7,0.591981,0.024187,0.02403,0.662149,0.657835,0.280204,0.011449,0.011374,0.313417,0.311375
2034,2099,24.5557,24.635302,23.4179,23.495053,25.7014,25.784569,8,0.597892,0.024348,0.02427,0.659967,0.657835,0.283002,0.011525,0.011488,0.312384,0.311375
2035,2100,24.6353,24.635302,23.4951,23.495053,25.7846,25.784569,8,0.602797,0.024469,0.024469,0.657835,0.657835,0.285324,0.011582,0.011582,0.311375,0.311375
