corte,F_chow,Wald_HAC,serie
2000,6.127512297578236,3.4662524275507844,TBP_C_p4
2001,5.674906062406018,4.061603555156924,TBP_C_p4
2002,5.617488544639791,6.334288478810611,TBP_C_p4
2003,5.861064865186531,9.109330234359925,TBP_C_p4
2004,6.232875031140194,11.507863922553526,TBP_C_p4
2005,6.2069185214303575,9.924444347997477,TBP_C_p4
2006,6.365028354773708,10.49148878884199,TBP_C_p4
2007,6.78414958082159,14.571791550062082,TBP_C_p4
2008,7.36713173113133,22.580889461296202,TBP_C_p4
2009,7.712266820182933,27.678675136610423,TBP_C_p4
2010,8.09206372180997,35.824267991030915,TBP_C_p4
2011,8.397181131599673,45.136564168068986,TBP_C_p4
2012,8.670608355974307,60.19938900681218,TBP_C_p4
2013,9.083466884128121,140.76270346717564,TBP_C_p4
2014,9.34191620125791,497.68375096792334,TBP_C_p4
2015,9.3683914706789,743.0909630087557,TBP_C_p4
2016,9.362476665714274,498.6937557829047,TBP_C_p4
2017,9.329853706526675,282.6148072735166,TBP_C_p4
2018,9.220302231722018,150.65405703227523,TBP_C_p4
2000,6.20918442337577,3.5958640352096136,TBP_C_p1
2001,5.679801644359121,4.106679120217747,TBP_C_p1
2002,5.551103866680208,6.27026519707107,TBP_C_p1
2003,5.7701784767320285,9.321241898650722,TBP_C_p1
2004,6.144528563528276,12.195461481859985,TBP_C_p1
2005,6.143998864094816,10.73378360400488,TBP_C_p1
2006,6.3014887300443165,11.3517937835635,TBP_C_p1
2007,6.7277363303595195,16.04938728187265,TBP_C_p1
2008,7.309413702467553,25.501359412851155,TBP_C_p1
2009,7.65091562645868,32.00914438126654,TBP_C_p1
2010,8.019558356726579,42.69626477580721,TBP_C_p1
2011,8.302009528169776,55.09659283733624,TBP_C_p1
2012,8.54129608307318,75.02773225743786,TBP_C_p1
2013,8.896905138129386,191.0042318667019,TBP_C_p1
2014,9.095667407677842,647.9206594087185,TBP_C_p1
2015,9.096420045964168,632.9608397714748,TBP_C_p1
2016,9.091290123283668,405.97998329315874,TBP_C_p1
2017,9.039242805874245,221.96552389668804,TBP_C_p1
2018,8.90191028508119,136.18440806894807,TBP_C_p1
2000,48.24228420472511,21.879101160919543,N_t (nacimientos)
2001,50.67069816893524,23.133124926690627,N_t (nacimientos)
2002,54.56262770410131,24.607530700089697,N_t (nacimientos)
2003,58.97140876598552,26.892423045186995,N_t (nacimientos)
2004,64.43374615869463,30.175764011912207,N_t (nacimientos)
2005,67.89996887097696,34.0212895051389,N_t (nacimientos)
2006,73.9926376920735,39.391672429101604,N_t (nacimientos)
2007,83.88984053457781,48.07766598767289,N_t (nacimientos)
2008,97.74873876551807,63.75950580015582,N_t (nacimientos)
2009,107.633213571855,85.56281320422542,N_t (nacimientos)
2010,119.43046961998344,121.02115602121924,N_t (nacimientos)
2011,130.16998664581365,173.70643183620373,N_t (nacimientos)
2012,140.52972165268065,256.13754230358893,N_t (nacimientos)
2013,155.45515484211265,459.34380094183126,N_t (nacimientos)
2014,165.97638443008208,1113.920563979259,N_t (nacimientos)
2015,168.4260032984574,1999.4654162298139,N_t (nacimientos)
2016,167.90250905027293,1541.207213837197,N_t (nacimientos)
2017,159.91896739944156,1286.191969177667,N_t (nacimientos)
2018,145.45701671327183,1188.7624550879436,N_t (nacimientos)
