version,ini,fin,media_TBP,pend_lnTBP_pct,pend_N_pp,dln_N_pp,pend_S65_pp,dln_S65_pp,pend_Abar_pp,dln_Abar_pp,pend_tau_rho_pp,dln_tau_rho_pp,pend_J_pp,dln_J_pp,dln_total_pp,control_suma_pend,motor_baja,motor_sube
p4,1950,1969,0.41285014999999997,0.21292434731241872,0.7961989646324932,28.026630896530946,0.40280980976529446,7.336650996611432,0.27298256370124047,2.723593075380659,0.44411820325298706,-2.081057927788166,-1.7031851940396,-33.21343654045901,2.792380500275926,-3.4416913763379853e-15,J,N
p4,1951,1970,0.41145249999999994,0.34423419674960687,0.7818225246543381,14.959668667194848,0.39726357571969045,8.157729650207266,0.29108167627762205,5.415653379842489,0.5735049436347088,0.7170261898168828,-1.6994385235367484,-32.96315157448699,-3.713073687425461,4.163336342344337e-15,J,N
p4,1952,1971,0.41229765,0.5491903299397779,0.9093920154084665,25.42313767014477,0.3998745870270403,8.063120866762949,0.28342525313769196,3.7699756333817724,0.6618408188930254,7.226295318015241,-1.7053423445264948,-33.033284300212884,11.44924518809194,-4.851674617611934e-14,J,N
p4,1953,1972,0.41602425,0.7085800866212241,1.0336202123071205,26.00709039969491,0.40936839915581846,7.820638042190808,0.3375956561689564,8.291882821700591,0.6463205256763036,7.525938275876365,-1.7183247066869296,-33.136197439491255,16.509352099971466,4.54081217071689e-14,J,N
p4,1954,1973,0.41985890000000003,0.8645050224652827,1.1891628424730696,27.790177625032264,0.4230313677441754,8.08267545512155,0.3772002545332011,7.810609491512377,0.6152024183610011,12.399474790360454,-1.7400918606462268,-33.283472223847355,22.799465138179443,-6.228351168147128e-14,J,N
p4,1955,1974,0.42543600000000004,0.9502238884789874,1.363631942613004,30.151099964453465,0.42367635486132693,7.422536760883913,0.43855554629917937,13.239341139183924,0.49581653408635984,13.337629374867843,-1.7714564893808502,-33.53733285363738,30.613274385751808,3.241851231905457e-14,J,N
p4,1956,1975,0.43243240000000005,0.9473307480177511,1.5832273619105748,32.923640627721085,0.4344036606273788,7.78505947215552,0.3984220502402815,5.444673142016709,0.34297185593549523,15.017255424281306,-1.8116941806959854,-34.27803340436508,26.892595261809372,-6.217248937900877e-15,J,N
p4,1957,1976,0.4383015,0.982064951806148,1.7876864238392305,31.695052511234145,0.451383774698711,7.907474715043236,0.45283939276330165,10.612004835273448,0.14355018095198796,10.04851266663912,-1.8533948204470758,-35.567342587599526,24.69570214059028,7.327471962526033e-15,J,N
p4,1958,1977,0.44314715,0.9704104303430229,1.9422897703370678,31.81116568781679,0.4685966609913478,8.714423128045738,0.44635988618560424,10.110238897739698,-4.467779682801508e-16,0.0,-1.886835887170987,-36.554500245297206,14.081327468304794,9.547918011776346e-15,J,N
p4,1959,1978,0.44612245,1.0382292416813688,2.066530315387875,33.48624108744591,0.47261280315322,10.588437247747242,0.41370700493090434,2.8834963039376937,-4.467779682801508e-16,0.0,-1.9146208817906327,-36.86995292225319,10.088221716877355,-2.4424906541753444e-15,J,N
p4,1960,1979,0.4498677000000001,1.215654149314398,2.226321709247765,39.46308918303156,0.4391661388224748,8.145813593232946,0.4950229657664522,9.943778241721235,-4.467779682801508e-16,0.0,-1.9448566645222705,-37.12856490217611,20.42411611580969,2.3092638912203256e-14,J,N
p4,1961,1980,0.4536121000000001,1.2399641031637187,2.308133930425699,38.1484774253634,0.4378937924354972,7.759419987129462,0.4702923579089936,4.103614415961454,-4.467779682801508e-16,0.0,-1.9763559776064805,-37.424759198697544,12.58675262975677,-9.992007221626409e-15,J,N
p4,1962,1981,0.45632530000000016,1.2893110169290112,2.3066680486783646,32.72721854255192,0.4489327962891356,7.909012149030165,0.5398099825828181,12.264892437540675,-4.467779682801508e-16,0.0,-2.0060998106212504,-37.70023525394173,15.200887875181056,5.617728504603292e-14,J,N
p4,1963,1982,0.4579503,1.156111778589173,2.2619709193630673,30.075574067334188,0.46069122494359716,8.347861299958934,0.4653900923799602,6.57327984395506,-4.467779682801508e-16,0.0,-2.0319404580974227,-37.91893270188815,7.077782509359709,2.842170943040401e-14,J,N
p4,1964,1983,0.45881355,0.9739139175676941,2.157713182413998,27.8879824078075,0.46582532851360936,10.02665973077455,0.40319138048448105,4.539409243993431,-4.467779682801508e-16,0.0,-2.0528159738444187,-38.07995692812103,4.374094454454259,-2.4980018054066022e-14,J,N
p4,1965,1984,0.45879239999999993,0.7160806581585413,1.9809294981339445,27.65753835267546,0.4378293484067096,7.922806099880287,0.3654512293263007,5.0956187889378945,-4.467779682801508e-16,0.0,-2.0681294177083904,-38.20865661542534,2.4673066260682885,2.2648549702353193e-14,J,N
p4,1966,1985,0.4597557499999999,0.4483172787505883,1.7549087199831948,30.74138435808198,0.43577091883915414,7.796363552889016,0.3349180602233544,7.0424225659539985,-4.467779682801508e-16,0.0,-2.077280420295068,-38.34488997742156,7.235280499503127,4.64628335805628e-14,J,N
p4,1967,1986,0.4617378499999999,0.16409879827518198,1.5259679383310532,34.422995621391195,0.43632934039666743,7.6178675145973065,0.2809989808822452,3.5245660457075,-4.467779682801508e-16,0.0,-2.0791974613347466,-38.44270122218951,7.1227279595064585,3.674838211509268e-14,J,N
p4,1968,1987,0.46208725,-0.17465246211952515,1.230064816780251,30.326680346848,0.4370873264985252,7.83961290993086,0.23188636577848085,1.9756021381702737,-4.467779682801508e-16,0.0,-2.0736909711767813,-38.480537988973396,1.6613574059755942,5.551115123125783e-16,J,N
p4,1969,1988,0.4624598,-0.5132830750766434,0.9580689799179624,15.874955818188852,0.43164359417520076,8.938391827381157,0.15780209327247935,4.206443809363236,-4.467779682801508e-16,0.0,-2.0607977424422876,-38.41838766016217,-9.398596205228815,-2.220446049250313e-15,J,N
p4,1970,1989,0.4593324999999999,-0.7538107112077488,0.8663474552071249,25.672178473654306,0.40316212949853686,7.567978017421057,0.018234510288065133,-0.40789300927874805,-4.467779682801508e-16,0.0,-2.041554806201544,-38.26718170000749,-5.434918218210849,-6.861178292183467e-14,J,N
p4,1971,1990,0.45790214999999995,-1.1430091507561226,0.5919388002221834,17.142459043751757,0.3885031370222647,7.081386123905137,-0.10653851540538932,-0.8744516862975171,-4.467779682801508e-16,0.0,-2.016912572595195,-38.02230040649981,-14.672906925140516,-1.3988810110276972e-14,J,N
p4,1972,1991,0.45422694999999996,-1.4481411578643828,0.471765850048548,16.837729565748738,0.3789648465841251,6.9493074932705765,-0.31142999305862096,-9.653830495286897,-4.467779682801508e-16,0.0,-1.9874418614383926,-37.64383596041778,-23.51062939668539,4.1744385725905886e-14,J,N
p4,1973,1992,0.4485732999999999,-1.6902426983599002,0.3308725522696554,11.646146297865378,0.3697696125472981,6.832244308614658,-0.4370378655254188,-9.495301448283788,-4.467779682801508e-16,0.0,-1.953846997651434,-37.11178497647882,-28.128695818282566,2.220446049250313e-16,J,S65
p4,1974,1993,0.44090749999999995,-2.0256876276527764,0.18945582029019573,6.802194061660849,0.3608198596661547,7.367024948354784,-0.6590667258367799,-19.107720641104287,-4.467779682801508e-16,0.0,-1.9168965817723913,-36.46077860114065,-41.399280232229344,-4.4853010194856324e-14,J,S65
p4,1975,1994,0.4330081499999999,-2.2185956859907123,0.09650234250460325,2.217077606059803,0.34035139001340853,6.5092478144699815,-0.7778973579956798,-13.61331504197052,-4.467779682801508e-16,0.0,-1.8775520605130573,-35.725947345425624,-40.61293696686644,-1.3322676295501878e-14,J,S65
p4,1976,1995,0.42406885,-2.3692988253807425,0.046795109932972034,0.2990493318394627,0.3287742275442529,6.197124060713155,-0.9077547009941505,-15.21517952367537,-4.467779682801508e-16,0.0,-1.8371134618638758,-34.95866698067722,-43.6776731117997,-5.906386491005833e-14,J,S65
p4,1977,1996,0.41480799999999995,-2.4919163555716626,0.027532656713645305,3.8438296432055097,0.3207937186266668,6.130143599961873,-1.044717901252821,-19.335792773248393,-4.467779682801508e-16,0.0,-1.7955248296591613,-34.102954443944355,-43.46477397402514,-7.993605777301127e-15,J,S65
p4,1978,1997,0.40597155,-2.6063206818358573,0.022965131729731855,3.9378274344420205,0.3138715160828922,6.049019298270922,-1.190708562171389,-20.733395135673895,-4.467779682801508e-16,0.0,-1.7524487674771514,-33.14954428236163,-43.89609268532237,-5.950795411990839e-14,J,S65
p4,1979,1998,0.39767210000000003,-2.6411898300606684,0.02766977395617254,-2.6871150090002516,0.30849872024358554,6.428026633999442,-1.2694012820899598,-19.25960419078052,-4.467779682801508e-16,0.0,-1.7079570421705441,-32.171818056742296,-47.69051062252352,-7.771561172376096e-14,J,S65
p4,1980,1999,0.387401,-2.57300163763379,0.11943678862477795,-1.5479185450567812,0.296252772788639,5.956507739435854,-1.3269427065287627,-20.490075892521897,-4.467779682801508e-16,0.0,-1.661748492518484,-31.182818422133707,-47.26430512027646,-4.04121180963557e-14,J,S65
p4,1981,2000,0.3783689,-2.46710657668956,0.23557745726477175,3.1237481984922155,0.28953522340436916,5.678314457044332,-1.3779544844511808,-23.37902259396154,-4.467779682801508e-16,0.0,-1.614264772907536,-30.26319943581086,-44.84015937423571,-1.6431300764452317e-14,J,S65
p4,1982,2001,0.36912439999999996,-2.34382406141274,0.27349970406359214,2.979750109120083,0.28580167176663235,5.452432117976419,-1.3379982666602905,-18.848905930189417,-4.467779682801508e-16,0.0,-1.5651271705826697,-29.362328702707075,-39.779052405799845,3.552713678800501e-15,J,S65
p4,1983,2002,0.3626683,-2.1832286092254254,0.2942803337077773,5.748531922272271,0.28469164603048464,5.35615051691419,-1.248172354514131,-13.197916768424056,-4.467779682801508e-16,0.0,-1.5140282344495744,-28.453201951414187,-30.546436280651655,-1.865174681370263e-14,J,N
p4,1984,2003,0.35726954999999994,-1.9876767286559758,0.296763945174329,9.401680150379299,0.2856223801586366,5.647678585155999,-1.1092137347082174,-11.30394283256626,-4.467779682801508e-16,0.0,-1.4608493192807628,-27.52258159536609,-23.777165692396927,-3.930189507173054e-14,J,N
p4,1985,2004,0.35493215,-1.6494035879803846,0.31596130209760814,12.327013673972864,0.2811832827654956,5.32052836499252,-0.8394742852033793,-4.9362526868212075,-4.467779682801508e-16,0.0,-1.4070738876401094,-26.658646642331618,-13.947357290187522,-8.881784197001252e-16,J,N
p4,1986,2005,0.35087870000000004,-1.3600058086318974,0.30374063167247095,5.309951190423412,0.2798370068420535,5.2196746058031245,-0.590529871235868,-7.96260841928178,-4.467779682801508e-16,0.0,-1.3530535759105222,-25.781518105025825,-23.214500728081077,3.108624468950438e-14,J,N
p4,1987,2006,0.34518,-1.1022292131998943,0.3043684842253699,4.1505693357452245,0.2789072079608349,5.160913160125885,-0.3853081311512897,-9.050967826925937,-4.467779682801508e-16,0.0,-1.3001967742347587,-24.95204363026282,-24.691528961317534,5.0182080713057076e-14,J,N
p4,1988,2007,0.34062310000000007,-0.8861815262896409,0.29220929360173375,2.9229015533083214,0.2773976964778965,5.050739777718389,-0.20662303482831845,-8.772244539819285,-4.467779682801508e-16,0.0,-1.2491654815409996,-24.135012154810198,-24.933615363602748,-4.7406523151494184e-14,J,N
p4,1989,2008,0.33699439999999997,-0.5484008308389288,0.3922565780001324,11.246503349759074,0.27658901554468557,5.204433731939274,-0.01788532710709437,-7.0817494006123916,-4.467779682801508e-16,0.0,-1.1993610972766324,-23.224012388039128,-13.854824706953083,1.9539925233402755e-14,J,N
p4,1990,2009,0.3342905,-0.2787956270959132,0.444517515031207,9.37384337946785,0.2721343343474253,5.103260334074694,0.15812975712158167,-5.096126435903292,-4.467779682801508e-16,0.0,-1.1535772335960819,-22.451114098123526,-13.070136820484358,4.4853010194856324e-14,J,N
p4,1991,2010,0.33203015,-0.004080013687845212,0.5279091910748078,8.468466186162082,0.2668864725926557,4.967656678545089,0.314009777974706,-0.8751173737360229,-4.467779682801508e-16,0.0,-1.112885455330001,-21.751362556184617,-9.190357065213384,1.3313135316384006e-14,J,N
p4,1992,2011,0.33030565,0.2321645706277888,0.635648390919204,11.046971569999187,0.2624261410456367,4.922253653027616,0.41162651350651874,-0.7999458348622923,-4.467779682801508e-16,0.0,-1.0775364748436216,-21.119621593672377,-5.950342205507786,-5.137557046452912e-14,J,N
p4,1993,2012,0.3287143,0.3780991909030694,0.6557976305048159,10.080826989816671,0.25786821496617823,4.814249891558382,0.5101820414036798,6.772010323713928,-4.467779682801508e-16,0.0,-1.0457486959715818,-20.452459717822435,1.2146274872667062,2.225997164373439e-14,J,N
p4,1994,2013,0.32919735,0.3976667190950094,0.6680940687055629,11.327774591111783,0.25382093070944806,4.852811189548175,0.49112965020661914,3.6521814160890287,-4.467779682801508e-16,0.0,-1.0153779305266402,-19.685158211425957,0.1476089853232443,-1.992850329202156e-14,J,N
p4,1995,2014,0.3296431,0.4920331172477432,0.718515819614812,16.513446506599294,0.24768322337599893,4.767505455219502,0.5118152809240232,3.5287277895345692,-4.467779682801508e-16,0.0,-0.9859812066670767,-18.876253676050325,5.933426075303094,1.3822276656583199e-14,J,N
p4,1996,2015,0.33042335000000006,0.5126198160701712,0.6989538333625618,13.108257274825696,0.24074923771315454,4.621637808309472,0.5294998386550007,7.390970045477596,-4.467779682801508e-16,0.0,-0.9565830936605919,-18.031053538372177,7.089811590240469,-4.651834473179406e-14,J,N
p4,1997,2016,0.33066260000000003,0.4085724380629558,0.6153162134896643,5.024740542124384,0.2345015400582519,4.503786900118067,0.48151012426689166,10.359649947510663,-4.467779682801508e-16,0.0,-0.9227554397518137,-16.989039267678407,2.899138122074807,3.785860513971784e-14,J,N
p4,1998,2017,0.3306190500000001,0.23477444140327836,0.5127450853826453,3.070757375853006,0.22874822817577603,4.348403694655277,0.3761652381197905,6.3044865308265585,-4.467779682801508e-16,0.0,-0.8828841102749643,-15.917382767192478,-2.1937351658576354,-3.122502256758253e-14,J,N
p4,1999,2018,0.32989050000000003,0.05599489493198389,0.347248509994881,-0.19735573132777517,0.22383972277845396,4.290745748156591,0.3198272469477991,9.471544468670645,-4.467779682801508e-16,0.0,-0.8349205847891376,-14.737839787990481,-1.1729053024912783,1.2191636589165e-14,J,N
p4,2000,2019,0.3284313,-0.29708141028227436,0.058470271513420435,-11.530259883117466,0.2184747142400276,4.167978190392422,0.20455578173270142,9.27345250610987,-4.467779682801508e-16,0.0,-0.7785821777684103,-13.498809229736253,-11.58763841635162,1.304512053934559e-14,J,S65
p4,2001,2020,0.3247367,-0.8301466624337787,-0.40951576085090025,-24.81370983606901,0.21362881655559904,4.114646625395804,0.07872728719827826,8.492750097378376,-4.467779682801508e-16,0.0,-0.7129870053367613,-12.121553773998528,-24.327866887293183,-5.995204332975845e-15,J,S65
p4,2002,2021,0.32146934999999993,-1.3633058783638243,-0.8875225861843903,-27.096881416367857,0.20819886999925916,3.975179204783863,-0.04818406847532444,3.2740236045285975,-4.467779682801508e-16,0.0,-0.6357980937033961,-10.533337716010749,-30.381016323065957,-2.7755575615628914e-14,N,S65
p4,2003,2022,0.31654645,-1.8475857017568784,-1.3977779100371501,-34.29967878381888,0.20351083286686764,3.835175873744638,-0.10495427121171835,0.827514072495017,-4.467779682801508e-16,0.0,-0.5483643533748885,-8.98462349268101,-38.621612330260206,-1.1324274851176597e-14,N,S65
p4,2004,2023,0.31056069999999997,-2.3312204001106442,-1.9525616824360885,-46.83992363783087,0.19975490879147279,3.7939941668871686,-0.1275022340306559,-6.548565684374896,-4.467779682801508e-16,0.0,-0.4509113924354107,-7.304290548177406,-56.898785703495726,-3.863576125695545e-14,N,S65
p4,2005,2024,0.3014601,-2.702662246106049,-2.5168761652244265,-54.46124363869629,0.19530654550463175,3.6954883290435783,-0.03437539923881132,-3.533084667389197,-4.467779682801508e-16,0.0,-0.3467172271474682,-5.676182161555232,-59.97502213859727,-2.5757174171303632e-14,N,S65
p1,1950,1969,0.49452405000000005,-0.18743510465971852,0.7961989646324932,28.026630896530946,0.40280980976529446,7.336650996611432,0.4551142656459524,4.7495984829725835,1.2676709493718008e-06,1.9426840924818833e-05,-1.8415594123744026,-35.33896372263463,4.773936080321151,5.384581669432009e-15,J,N
p1,1951,1970,0.49365775,-0.15160029758444607,0.7818225246543381,14.959668667194848,0.39726357571969045,8.157729650207266,0.48958738704423643,8.455527691234499,1.3243164116056168e-06,5.946725889494076e-07,-1.820275109319181,-34.7404667133544,-3.1675401100452305,-5.823119764158946e-14,J,N
p1,1952,1971,0.4949505500000001,0.0010351505365350626,0.9093920154084665,25.42313767014477,0.3998745870270403,8.063120866762949,0.4979152404861102,7.198269603362162,-1.6954194653826198e-07,-2.3084281797203232e-05,-1.8061465228431928,-34.4835708787663,6.200934177221729,-5.73829178618368e-14,J,N
p1,1953,1972,0.49818855000000006,0.21196666121583718,1.0336202123071205,26.00709039969491,0.40936839915581846,7.820638042190808,0.5660791801294519,11.816766783941457,-5.763046075327775e-07,-0.00012962911359881701,-1.7971005540719616,-34.246159354934136,11.398206241779496,-1.5376588891058418e-14,J,N
p1,1954,1973,0.5015582999999999,0.43290629583325096,1.1891628424730696,27.790177625032264,0.4230313677441754,8.08267545512155,0.6165840336383583,11.64659154596861,1.977331165552512e-06,9.496056168067923e-05,-1.7958739253535285,-34.00366269761985,13.51587688906416,-1.0658141036401503e-14,J,N
p1,1955,1974,0.5059862,0.6595141181143205,1.363631942613004,30.151099964453465,0.42367635486132693,7.422536760883913,0.6777002115255667,18.490116922985234,1.298801351637543e-06,6.469263785779944e-05,-1.8054956896869714,-33.99420567947384,22.069612661486758,-4.263256414560601e-14,J,N
p1,1956,1975,0.51250455,0.8040178339305781,1.5832273619105748,32.923640627721085,0.4344036606273788,7.78505947215552,0.6123611216584526,10.278136328757448,-3.979401739842367e-07,1.991527354139322e-06,-1.8259739123256447,-34.61118117290276,16.37565724725866,9.325873406851315e-15,J,N
p1,1957,1976,0.51698695,1.035423689077507,1.7876864238392305,31.695052511234145,0.451383774698711,7.907474715043236,0.6468048432493224,14.482285715837317,-9.705045556295466e-07,-2.5365705069724243e-05,-1.8504503822051872,-35.88697859128285,18.197808985126784,1.3988810110276972e-14,J,N
p1,1958,1977,0.5211237500000001,1.1687680195301398,1.9422897703370678,31.81116568781679,0.4685966609913478,8.714423128045738,0.6280564373125502,13.707614920752853,-1.433076599566603e-06,9.563206326834717e-06,-1.870173416034269,-36.9836746344582,17.249538665363584,-4.241051954068098e-14,J,N
p1,1959,1978,0.5254333499999999,1.2327176192399285,2.066530315387875,33.48624108744591,0.47261280315322,10.588437247747242,0.5820992805068709,6.754781999487625,-7.319556775003087e-07,3.841667624016054e-05,-1.8885240478522822,-37.424629849118496,13.404868902238409,7.771561172376096e-14,J,N
p1,1960,1979,0.5308145,1.4005369044016103,2.226321709247765,39.46308918303156,0.4391661388224748,8.145813593232946,0.6502043140286241,13.18794797397529,4.602628469884343e-07,0.00012322968557798575,-1.9151557179600744,-37.79218390372261,23.004790076202774,2.6201263381153694e-14,J,N
p1,1961,1980,0.53570155,1.4139869839282748,2.308133930425699,38.1484774253634,0.4378937924354972,7.759419987129462,0.6176505777201864,6.369727521297586,-8.266162792433496e-07,-5.251316885779289e-05,-1.9496904900368577,-38.15690892657262,14.120663494048912,-2.930988785010413e-14,J,N
p1,1962,1981,0.53924295,1.450881286168961,2.3066680486783646,32.72721854255192,0.4489327962891356,7.909012149030165,0.6849600052518594,14.525841916720728,-1.2753934158575957e-06,-7.45512212296795e-05,-1.9896782886569448,-38.505957774123445,16.656040282958152,3.7969627442180354e-14,J,N
p1,1963,1982,0.5414562500000001,1.2971685987273587,2.2619709193630673,30.075574067334188,0.46069122494359716,8.347861299958934,0.6066736768935848,9.13643940979405,-1.8187925700227642e-06,-5.259257606082812e-05,-2.0321654036802803,-38.77393893434533,8.785883250165726,4.0190073491430667e-14,J,N
p1,1964,1983,0.54292085,1.0860107894453075,2.157713182413998,27.8879824078075,0.46582532851360936,10.02665973077455,0.5375734162072457,7.001323657029301,-5.017264797751791e-07,-3.0476460055606225e-05,-2.0751006359631,-39.00203957490529,5.913895744246056,-3.419486915845482e-14,J,N
p1,1965,1984,0.5433150999999999,0.8029939476367509,1.9809294981339445,27.65753835267546,0.4378293484067096,7.922806099880287,0.500083651487432,7.538328377106751,-6.65669491043102e-07,-6.525917897182154e-05,-2.115847884721838,-39.21128359814201,3.90732397234147,5.995204332975845e-15,J,N
p1,1966,1985,0.5447256,0.5073726881946877,1.7549087199831948,30.74138435808198,0.43577091883915414,7.796363552889016,0.4688850343322587,9.49763216891979,-8.316989500615579e-07,-5.4017386097449105e-05,-2.152191153260951,-39.52892136526316,8.506404697241422,1.8984813721090177e-14,J,N
p1,1967,1986,0.5472514,0.18549451287815835,1.5259679383310532,34.422995621391195,0.43632934039666743,7.6178675145973065,0.40328447626735126,5.526645419755116,1.3577061731843974e-06,0.00010723338251805714,-2.1800885998230495,-39.835825987706386,7.731789801419753,3.7192471324942744e-14,J,N
p1,1968,1987,0.5477663,-0.19083054699687008,1.230064816780251,30.326680346848,0.4370873264985252,7.83961290993086,0.339667805162162,3.8406695365335253,-7.575533132063698e-07,-5.0393060424536174e-05,-2.197649737884552,-40.10312791032362,1.9037844899280953,-5.676015213396113e-14,J,N
p1,1969,1988,0.5484119500000001,-0.5557574839523471,0.9580689799179624,15.874955818188852,0.43164359417520076,8.938391827381157,0.2588532550482172,7.096608229688872,-3.48003028884013e-07,-2.6436364619630837e-05,-2.204322965090741,-40.279740557159016,-8.369811118264646,-4.241051954068098e-14,J,N
p1,1970,1989,0.5448923,-0.8330523762349433,0.8663474552071249,25.672178473654306,0.40316212949853686,7.567978017421057,0.09841715371632426,1.2437302125616334,2.0576042215076022e-06,0.0001298808880667579,-2.200981172261222,-40.397481267288526,-5.913464682763325,-7.09432512735475e-14,J,N
p1,1971,1990,0.54324225,-1.2340607939832402,0.5919388002221834,17.142459043751757,0.3885031370222647,7.081386123905137,-0.026455032316909377,1.098307255453168,1.9833599588626943e-06,9.726779279795039e-05,-2.1880496822707283,-40.41927453096328,-15.097024840060469,9.547918011776346e-15,J,N
p1,1972,1991,0.53863255,-1.5517874030449121,0.471765850048548,16.837729565748738,0.3789648465841251,6.9493074932705765,-0.2357668207376355,-8.385834157681815,2.761186093127225e-06,0.000117163615753757,-2.1667540401260346,-40.35970738617163,-24.958387321218424,8.215650382226158e-15,J,N
p1,1973,1992,0.5314706000000001,-1.8075089673021787,0.3308725522696554,11.646146297865378,0.3697696125472981,6.832244308614658,-0.36989422505982006,-8.631877994755621,1.8821570961874217e-06,-7.35211200142416e-05,-2.138258789216414,-40.1893238644762,-30.34288477387186,-5.551115123125783e-15,J,S65
p1,1974,1993,0.5218597,-2.152909952245399,0.18945582029019573,6.802194061660849,0.3608198596661547,7.367024948354784,-0.5998615924389984,-18.047868618382658,2.7248739273705777e-06,3.092808990023954e-05,-2.103326764636705,-39.872981079345315,-43.75159975962247,-2.6645352591003757e-14,J,S65
p1,1975,1994,0.5119057499999999,-2.357671559591043,0.09650234250460325,2.217077606059803,0.34035139001340853,6.5092478144699815,-0.7309992162756282,-12.967546945813968,4.6074569691631743e-07,-8.856248367994368e-05,-2.0635265365791744,-39.40053023581651,-43.641840323584226,-5.062616992290714e-14,J,S65
p1,1976,1995,0.5005825500000001,-2.514024034795636,0.046795109932972034,0.2990493318394627,0.3287742275442529,6.197124060713155,-0.8688557295463849,-14.657599442935831,2.2582001109640044e-06,0.0001702250107649128,-2.020739900926644,-38.79877091050403,-46.960026735876326,-5.639932965095795e-14,J,S65
p1,1977,1996,0.4888769999999999,-2.6373137146661536,0.027532656713645305,3.8438296432055097,0.3207937186266668,6.130143599961873,-1.0102539397035857,-18.45357501763565,3.4814567436661363e-06,0.00017027743099973236,-1.9753896317596398,-37.98276412430006,-46.46219562133742,-1.5987211554602254e-14,J,S65
p1,1978,1997,0.47769135,-2.759167162204061,0.022965131729731855,3.9378274344420205,0.3138715160828922,6.049019298270922,-1.1679112424955718,-20.297816560729622,9.681493450179711e-07,-0.0001907521832600345,-1.9280935356704492,-36.951095652061205,-47.262256232261045,9.325873406851315e-15,J,S65
p1,1979,1998,0.46718009999999993,-2.7970249945426806,0.02766977395617254,-2.6871150090002516,0.30849872024358554,6.428026633999442,-1.253376579611753,-19.12354131878513,4.010499382560363e-06,0.00011079049739848301,-1.8798209196300788,-35.81226565558264,-51.194784558871,-1.0658141036401503e-14,J,S65
p1,1980,1999,0.4543121,-2.7205913731516427,0.11943678862477795,-1.5479185450567812,0.296252772788639,5.956507739435854,-1.3050748563360093,-19.548108576963052,3.624371998399223e-06,-4.1788484195226516e-05,-1.8312097026010592,-34.65937994677404,-49.79894111784219,-1.0658141036401503e-14,J,S65
p1,1981,2000,0.44299530000000004,-2.6248721468876206,0.23557745726477175,3.1237481984922155,0.28953522340436916,5.678314457044332,-1.3668692640189504,-23.155232033701047,2.8461404859532864e-06,4.896885613669966e-05,-1.783118409678341,-33.58117680808306,-47.93429721739151,-4.39648317751562e-14,J,S65
p1,1982,2001,0.43145395,-2.5151530657485814,0.27349970406359214,2.979750109120083,0.28580167176663235,5.452432117976419,-1.339632146897616,-18.853865617415355,1.109223178441669e-06,2.3524557779541766e-05,-1.734823403904373,-32.524517916301576,-42.94617778206275,-4.884981308350689e-15,J,S65
p1,1983,2002,0.42313294999999995,-2.375359623355654,0.2942803337077773,5.748531922272271,0.28469164603048464,5.35615051691419,-1.2692262201787878,-14.032019073301072,-1.511707251011497e-07,-8.729768676829508e-05,-1.6851052317444233,-31.467713109521256,-34.39513704132268,-1.9984014443252818e-14,J,N
p1,1984,2003,0.41606375,-2.1900259188641873,0.296763945174329,9.401680150379299,0.2856223801586366,5.647678585155999,-1.13908994327495,-12.142549602119423,2.9153720217644766e-06,0.00029116121822436725,-1.6333252162942218,-30.455355288975383,-27.548254994341114,3.1086244689504383e-15,J,N
p1,1985,2004,0.41251940000000004,-1.8514864429852174,0.31596130209760814,12.327013673972864,0.2811832827654956,5.32052836499252,-0.8701741711447253,-5.477041352108314,2.065193925239455e-06,8.943746607759095e-05,-1.5784589218975256,-29.416673690728956,-17.24608356640598,-4.440892098500626e-15,J,N
p1,1986,2005,0.40719469999999997,-1.552375944747997,0.30374063167247095,5.309951190423412,0.2798370068420535,5.2196746058031245,-0.6149043017657252,-7.559703896092396,6.947997018532014e-07,-0.00010799936557281953,-1.5210499762964824,-28.44781075406324,-25.477996853294904,1.5765166949677223e-14,J,N
p1,1987,2006,0.39998585000000003,-1.2943680758402445,0.3043684842253699,4.1505693357452245,0.2789072079608349,5.160913160125885,-0.41618460154479797,-9.063611529473237,2.998889107974461e-07,7.770414990337926e-05,-1.4614594663705507,-27.512999778274505,-27.26505110772639,1.1324274851176597e-14,J,N
p1,1988,2007,0.39416965000000004,-1.0758593311982656,0.29220929360173375,2.9229015533083214,0.2773976964778965,5.050739777718389,-0.24497844054163442,-9.45807723625034,-2.887130894643475e-06,-0.00012336980540483822,-1.4004849936053714,-26.585697571300315,-28.07025684632938,-4.6629367034256575e-15,J,N
p1,1989,2008,0.38926205,-0.7221632418511235,0.3922565780001324,11.246503349759074,0.27658901554468557,5.204433731939274,-0.05245712480955421,-7.391044983223427,-3.857528677933828e-06,-0.000142090467314393,-1.338547853057676,-25.601271373153978,-16.54152136514665,3.3306690738754696e-14,J,N
p1,1990,2009,0.3855458,-0.43991465605969626,0.444517515031207,9.37384337946785,0.2721343343474253,5.103260334074694,0.12303261784509863,-6.128774857243879,-3.859129452566496e-06,-8.563088713664513e-05,-1.2795952641540007,-24.806232301032693,-16.457989075620983,-2.609024107869118e-14,J,N
p1,1991,2010,0.3822039,-0.13794940410438283,0.5279091910748078,8.468466186162082,0.2668864725926557,4.967656678545089,0.29088556106209834,-1.3679011791925433,-4.704942474281286e-06,-0.00019101006938360143,-1.2236259238914493,-23.93527896357739,-11.867248288132048,2.1094237467877974e-14,J,N
p1,1992,2011,0.3796438,0.11919860883714019,0.635648390919204,11.046971569999187,0.2624261410456367,4.922253653027616,0.39415502944694414,-0.9287801039968624,-4.482705064375455e-06,-5.260183834066012e-05,-1.1730264698696324,-23.14582355637853,-8.105431039186639,-5.215272658176673e-14,J,N
p1,1993,2012,0.37735045,0.2794112593281108,0.6557976305048159,10.080826989816671,0.25786821496617823,4.814249891558382,0.49399370859691677,6.596758310179807,-2.116964839236027e-06,0.00016980791606169277,-1.1282461777749098,-22.380069905874578,-0.8880649064037849,5.10702591327572e-14,J,N
p1,1994,2013,0.37748465000000003,0.3121478081433463,0.6680940687055629,11.327774591111783,0.25382093070944806,4.852811189548175,0.47775330285644874,3.563302199134366,-3.2338742804043866e-06,5.3671312949532535e-05,-1.0875172602538328,-21.479424083711507,-1.7354824326042184,1.6653345369377348e-16,J,N
p1,1995,2014,0.37757925000000003,0.41406722065938245,0.718515819614812,16.513446506599294,0.24768322337599893,4.767505455219502,0.5007413006944885,3.439380421129057,-5.846112984929474e-06,-0.00020084996842362202,-1.0528672769129481,-20.700016624967432,4.0201149080118626,-1.5987211554602254e-14,J,N
p1,1996,2015,0.37801340000000005,0.43465235101076627,0.6989538333625618,13.108257274825696,0.24074923771315454,4.621637808309472,0.5214487353385443,7.122657525572862,-2.559636174102366e-06,-4.5594056052866705e-05,-1.0264968957673057,-20.15567041990245,4.6968365947493655,1.4488410471358293e-14,J,N
p1,1997,2016,0.37771755,0.32338454877312844,0.6153162134896643,5.024740542124384,0.2345015400582519,4.503786900118067,0.4800350579189894,10.400526744802363,5.573495813245135e-07,0.00018132531727221846,-1.0064688200433245,-19.67531029076177,0.25392522160023745,3.397282455352979e-14,J,N
p1,1998,2017,0.3770887,0.13042391650318994,0.5127450853826453,3.070757375853006,0.22874822817577603,4.348403694655277,0.37736979058887715,6.135123955328625,-4.4465129844946787e-07,-9.570410062220702e-05,-0.9884387429928494,-19.09669134449068,-5.54250202275437,-3.930189507173054e-14,J,N
p1,1999,2018,0.37556160000000005,-0.0707536229809646,0.347248509994881,-0.19735573132777517,0.22383972277845396,4.290745748156591,0.32753714958255253,8.954245199573618,2.0213458022469833e-06,6.377022339076888e-05,-0.9693810266826377,-18.42775452398726,-5.380055537361339,1.6639467581569534e-14,J,N
p1,2000,2019,0.37313245000000006,-0.4443565508686577,0.058470271513420435,-11.530259883117466,0.2184747142400276,4.167978190392422,0.22509288057857801,9.40297543097528,1.5825219731470774e-06,5.1570471892858905e-05,-0.9463959997226591,-17.56074165010233,-15.51999634138015,-2.1649348980190553e-15,J,Abar
p1,2001,2020,0.36832650000000006,-1.007891326835846,-0.40951576085090025,-24.81370983606901,0.21362881655559904,4.114646625395804,0.10319512510032641,8.843327831338499,4.685626900039732e-07,-1.9064490419662405e-05,-0.9151999762035906,-16.39207333366315,-28.247827777488176,-2.930988785010413e-14,J,S65
p1,2002,2021,0.3640664,-1.5703521694972362,-0.8875225861843903,-27.096881416367857,0.20819886999925916,3.975179204783863,-0.022950690371015565,4.138274590949331,8.549920330759771e-07,7.35673157503669e-05,-0.8680786179330914,-14.73542837854005,-33.718782431858976,3.1308289294429414e-14,N,S65
p1,2003,2022,0.35805365,-2.0870695147672467,-1.3977779100371501,-34.29967878381888,0.20351083286686764,3.835175873744638,-0.08707355474610853,1.3895726015945797,1.611079414155064e-06,-7.568678418445884e-05,-0.8057304939302169,-13.109395484787711,-42.184401480051584,5.284661597215745e-14,N,S65
p1,2004,2023,0.3508286,-2.592467630756635,-1.9525616824360885,-46.83992363783087,0.19975490879147279,3.7939941668871686,-0.11299381887162507,-6.115845601782999,5.656445618767124e-06,1.165870812114278e-05,-0.7266726946860161,-11.342225058992739,-60.503988473010914,-3.1086244689504383e-15,N,S65
p1,2005,2024,0.34006835,-2.9761606222573254,-2.5168761652244265,-54.46124363869629,0.19530654550463175,3.6954883290435783,-0.02153173447760848,-3.676618815437349,1.0236363844921009e-05,0.0002790289929666123,-0.6330695044237724,-9.638141330097127,-64.0802364261939,-5.329070518200751e-15,N,S65
