cohorte,escenario_nat,nivel_P5,nivel_P25,nivel_P50,nivel_P75,nivel_P95,indice2000_P5,indice2000_P25,indice2000_P50,indice2000_P75,indice2000_P95
2000,n/a,0.21722,0.274783,0.335196,0.412936,0.544249,100.0,100.0,100.0,100.0,100.0
2001,n/a,0.212291,0.26843,0.328992,0.410251,0.543601,91.537703,95.555257,98.519293,101.545193,106.001007
2002,n/a,0.225967,0.286825,0.350873,0.432986,0.568811,97.149139,101.491904,104.502094,107.599598,112.422405
2003,n/a,0.231263,0.291817,0.357141,0.438929,0.57542,98.84229,103.039543,106.154392,109.379675,114.088246
2004,n/a,0.258234,0.325283,0.394643,0.478337,0.617924,107.822814,112.882283,116.703929,120.595641,126.361187
2005,n/a,0.243055,0.307657,0.374933,0.456353,0.590454,102.685175,107.522702,110.968302,114.458052,119.691544
2006,n/a,0.226592,0.286018,0.349387,0.428159,0.561688,96.595187,100.763188,103.841014,106.902876,111.503387
2007,n/a,0.226362,0.286005,0.348486,0.428366,0.561292,96.553351,100.684679,103.709921,106.803575,111.391081
2008,n/a,0.239858,0.302746,0.369483,0.454972,0.593462,102.166232,106.661551,109.880239,113.179722,118.018296
2009,n/a,0.237557,0.300181,0.36603,0.44951,0.587463,101.231344,105.741496,108.893158,112.228375,117.025499
2010,n/a,0.239155,0.302009,0.368229,0.452664,0.591228,101.855244,106.389519,109.602026,112.904463,117.762498
2011,n/a,0.23765,0.300272,0.366869,0.450118,0.590302,101.496598,105.896733,109.148982,112.412851,117.256303
2012,n/a,0.22997,0.290836,0.355714,0.436514,0.570543,98.228265,102.528902,105.58982,108.824391,113.494502
2013,n/a,0.233959,0.296009,0.361572,0.443414,0.580028,100.010023,104.352172,107.526907,110.654986,115.485446
2014,n/a,0.240239,0.303396,0.37083,0.455241,0.594649,102.491149,106.945653,110.178994,113.460316,118.331231
2015,n/a,0.23667,0.299739,0.365741,0.448114,0.586135,101.150676,105.61377,108.763434,111.99211,116.988996
2016,n/a,0.224087,0.283763,0.346138,0.425489,0.55565,95.814331,99.929562,102.894424,106.00951,110.561093
2017,n/a,0.217367,0.274833,0.335275,0.412646,0.538108,92.703512,96.83144,99.721115,102.735689,107.174207
2018,n/a,0.211728,0.268014,0.327455,0.401535,0.525282,90.424531,94.387481,97.23565,100.174315,104.570682
2019,n/a,0.19374,0.245166,0.299527,0.368021,0.481243,82.873922,86.452677,89.01045,91.751233,95.706439
2020,n/a,0.166044,0.210586,0.257348,0.31518,0.412297,71.074996,74.1223,76.316648,78.596862,81.978214
2021,n/a,0.166232,0.210717,0.256722,0.315493,0.412863,71.069714,74.190105,76.416806,78.725534,82.089782
2022,n/a,0.157118,0.198208,0.242413,0.297419,0.3886,67.039659,69.896319,72.00286,74.154993,77.31788
2023,n/a,0.147297,0.186299,0.22716,0.279315,0.364324,62.86675,65.655285,67.605275,69.62772,72.571418
2024,n/a,0.133092,0.168303,0.205344,0.251972,0.330827,56.900961,59.297757,61.092587,62.913346,65.630346
2025,persistencia,0.132483,0.167236,0.204367,0.251046,0.328216,56.516583,58.951022,60.736668,62.555917,65.157867
2026,persistencia,0.134978,0.170813,0.208459,0.255618,0.334976,57.668566,60.154366,61.962648,63.835044,66.526665
2027,persistencia,0.13803,0.174261,0.212504,0.261053,0.342229,58.790746,61.376457,63.232463,65.137058,68.012197
2028,persistencia,0.140049,0.177435,0.216683,0.266311,0.348478,59.974572,62.536139,64.400352,66.297899,69.20498
2029,persistencia,0.14302,0.181022,0.220821,0.271424,0.354731,61.166228,63.752009,65.642216,67.626163,70.566772
2030,persistencia,0.145731,0.184454,0.224991,0.276753,0.361968,62.270383,64.988863,66.943013,68.943414,71.951313
2031,persistencia,0.147935,0.187288,0.22874,0.280637,0.367599,63.159713,65.944036,67.946301,69.977228,73.02367
2032,persistencia,0.150027,0.189498,0.231659,0.284537,0.371655,64.04579,66.854668,68.842924,70.866533,73.929849
2033,persistencia,0.151957,0.192293,0.234312,0.288552,0.376734,64.895137,67.747482,69.77452,71.859584,74.924326
2034,persistencia,0.153845,0.194603,0.237424,0.290928,0.381168,65.697736,68.519281,70.583885,72.734129,75.806049
2035,persistencia,0.15519,0.196275,0.2395,0.294247,0.384891,66.246594,69.130575,71.211615,73.305506,76.508451
2025,recuperacion_lenta,0.131818,0.166397,0.203342,0.249786,0.32657,56.233082,58.655309,60.431998,62.242121,64.831019
2026,recuperacion_lenta,0.137579,0.174105,0.212477,0.260545,0.341432,58.779972,61.31368,63.156812,65.065293,67.808787
2027,recuperacion_lenta,0.143917,0.181695,0.221569,0.272188,0.356828,61.298544,63.994552,65.929728,67.915566,70.913348
2028,recuperacion_lenta,0.149159,0.188978,0.230778,0.283635,0.371147,63.876,66.6042,68.589683,70.610667,73.706858
2029,recuperacion_lenta,0.155376,0.196662,0.239899,0.294874,0.385378,66.450706,69.259886,71.313398,73.468749,76.663414
2030,recuperacion_lenta,0.161267,0.204118,0.248976,0.306257,0.400555,68.90868,71.916962,74.079433,76.293085,79.621639
2031,recuperacion_lenta,0.167208,0.211687,0.258539,0.317197,0.415488,71.387966,74.535023,76.798136,79.093646,82.536969
2032,recuperacion_lenta,0.173038,0.218563,0.267191,0.32818,0.42866,73.869216,77.108923,79.40214,81.736132,85.269304
2033,recuperacion_lenta,0.178683,0.226114,0.275522,0.339303,0.442993,76.308899,79.662915,82.046469,84.498254,88.102023
2034,recuperacion_lenta,0.184269,0.233087,0.284377,0.348461,0.456546,78.689864,82.069388,84.54228,87.117748,90.797159
2035,recuperacion_lenta,0.189176,0.239258,0.291949,0.358685,0.469179,80.754165,84.26972,86.806494,89.358933,93.263303
2025,caida_adicional,0.133056,0.16796,0.205252,0.252133,0.329637,56.76133,59.206311,60.999691,62.826817,65.440035
2026,caida_adicional,0.131853,0.166858,0.203632,0.2497,0.32722,56.333328,58.761573,60.527987,62.357029,64.986329
2027,caida_adicional,0.131083,0.165491,0.20181,0.247915,0.325007,55.832075,58.287659,60.05026,61.859006,64.589452
2028,caida_adicional,0.129236,0.163736,0.199953,0.24575,0.321573,55.344031,57.707824,59.428104,61.179144,63.861774
2029,caida_adicional,0.132301,0.167455,0.204271,0.251082,0.328144,56.58197,58.973953,60.722493,62.557748,65.277966
2030,caida_adicional,0.135146,0.171057,0.208649,0.256652,0.335677,57.747522,60.268552,62.080766,63.935873,66.7253
2031,caida_adicional,0.137366,0.173907,0.212398,0.260587,0.341336,58.647262,61.23266,63.091872,64.9777,67.806489
2032,caida_adicional,0.139488,0.176187,0.215386,0.26455,0.345548,59.5469,62.158469,64.00706,65.88852,68.736654
2033,caida_adicional,0.141469,0.179021,0.218139,0.268637,0.350731,60.416055,63.07153,64.958661,66.899814,69.753026
2034,caida_adicional,0.143416,0.181411,0.22133,0.271207,0.355329,61.244177,63.874454,65.799102,67.803584,70.667262
2035,caida_adicional,0.144861,0.183212,0.22356,0.274663,0.359274,61.837465,64.529499,66.472033,68.426562,71.416331
