bloque,cohorte,escenario_nat,capa,metrica,valor,nota
nivel,2000,n/a,medicion,P5,0.292969,
nivel,2000,n/a,medicion,P25,0.304168,
nivel,2000,n/a,medicion,P50,0.312054,
nivel,2000,n/a,medicion,P75,0.32021,
nivel,2000,n/a,medicion,P95,0.332352,
nivel,2000,n/a,medicion,media,0.312267,
nivel,2000,n/a,medicion,minimo,0.267887,
nivel,2000,n/a,medicion,maximo,0.365059,
nivel,2024,n/a,medicion,P5,0.179164,
nivel,2024,n/a,medicion,P25,0.185784,
nivel,2024,n/a,medicion,P50,0.190698,
nivel,2024,n/a,medicion,P75,0.195732,
nivel,2024,n/a,medicion,P95,0.203096,
nivel,2024,n/a,medicion,media,0.19083,
nivel,2024,n/a,medicion,minimo,0.161398,
nivel,2024,n/a,medicion,maximo,0.219093,
nivel,2030,persistencia,medicion,P5,0.196052,
nivel,2030,persistencia,medicion,P25,0.203661,
nivel,2030,persistencia,medicion,P50,0.208978,
nivel,2030,persistencia,medicion,P75,0.214448,
nivel,2030,persistencia,medicion,P95,0.22255,
nivel,2030,persistencia,medicion,media,0.209106,
nivel,2030,persistencia,medicion,minimo,0.181106,
nivel,2030,persistencia,medicion,maximo,0.240474,
nivel,2035,persistencia,medicion,P5,0.20875,
nivel,2035,persistencia,medicion,P25,0.216491,
nivel,2035,persistencia,medicion,P50,0.222275,
nivel,2035,persistencia,medicion,P75,0.227989,
nivel,2035,persistencia,medicion,P95,0.236685,
nivel,2035,persistencia,medicion,media,0.222393,
nivel,2035,persistencia,medicion,minimo,0.190056,
nivel,2035,persistencia,medicion,maximo,0.259324,
nivel,2030,recuperacion_lenta,medicion,P5,0.216952,
nivel,2030,recuperacion_lenta,medicion,P25,0.225372,
nivel,2030,recuperacion_lenta,medicion,P50,0.231256,
nivel,2030,recuperacion_lenta,medicion,P75,0.237309,
nivel,2030,recuperacion_lenta,medicion,P95,0.246275,
nivel,2030,recuperacion_lenta,medicion,media,0.231398,
nivel,2030,recuperacion_lenta,medicion,minimo,0.200413,
nivel,2030,recuperacion_lenta,medicion,maximo,0.266109,
nivel,2035,recuperacion_lenta,medicion,P5,0.254465,
nivel,2035,recuperacion_lenta,medicion,P25,0.263901,
nivel,2035,recuperacion_lenta,medicion,P50,0.270952,
nivel,2035,recuperacion_lenta,medicion,P75,0.277917,
nivel,2035,recuperacion_lenta,medicion,P95,0.288517,
nivel,2035,recuperacion_lenta,medicion,media,0.271096,
nivel,2035,recuperacion_lenta,medicion,minimo,0.231678,
nivel,2035,recuperacion_lenta,medicion,maximo,0.316114,
nivel,2030,caida_adicional,medicion,P5,0.181812,
nivel,2030,caida_adicional,medicion,P25,0.188868,
nivel,2030,caida_adicional,medicion,P50,0.193799,
nivel,2030,caida_adicional,medicion,P75,0.198872,
nivel,2030,caida_adicional,medicion,P95,0.206386,
nivel,2030,caida_adicional,medicion,media,0.193918,
nivel,2030,caida_adicional,medicion,minimo,0.167952,
nivel,2030,caida_adicional,medicion,maximo,0.223008,
nivel,2035,caida_adicional,medicion,P5,0.194857,
nivel,2035,caida_adicional,medicion,P25,0.202082,
nivel,2035,caida_adicional,medicion,P50,0.207481,
nivel,2035,caida_adicional,medicion,P75,0.212814,
nivel,2035,caida_adicional,medicion,P95,0.220932,
nivel,2035,caida_adicional,medicion,media,0.207592,
nivel,2035,caida_adicional,medicion,minimo,0.177407,
nivel,2035,caida_adicional,medicion,maximo,0.242064,
nivel,2000,n/a,escenario,P5,0.218942,
nivel,2000,n/a,escenario,P25,0.277128,
nivel,2000,n/a,escenario,P50,0.334817,
nivel,2000,n/a,escenario,P75,0.406866,
nivel,2000,n/a,escenario,P95,0.54772,
nivel,2000,n/a,escenario,media,0.353422,
nivel,2000,n/a,escenario,minimo,0.187831,
nivel,2000,n/a,escenario,maximo,0.633338,
nivel,2024,n/a,escenario,P5,0.133789,
nivel,2024,n/a,escenario,P25,0.169344,
nivel,2024,n/a,escenario,P50,0.204596,
nivel,2024,n/a,escenario,P75,0.250398,
nivel,2024,n/a,escenario,P95,0.331881,
nivel,2024,n/a,escenario,media,0.215677,
nivel,2024,n/a,escenario,minimo,0.114778,
nivel,2024,n/a,escenario,maximo,0.38376,
nivel,2030,persistencia,escenario,P5,0.146585,
nivel,2030,persistencia,escenario,P25,0.185542,
nivel,2030,persistencia,escenario,P50,0.224165,
nivel,2030,persistencia,escenario,P75,0.274372,
nivel,2030,persistencia,escenario,P95,0.363713,
nivel,2030,persistencia,escenario,media,0.236337,
nivel,2030,persistencia,escenario,minimo,0.125756,
nivel,2030,persistencia,escenario,maximo,0.420567,
nivel,2035,persistencia,escenario,P5,0.155921,
nivel,2035,persistencia,escenario,P25,0.197359,
nivel,2035,persistencia,escenario,P50,0.238442,
nivel,2035,persistencia,escenario,P75,0.291866,
nivel,2035,persistencia,escenario,P95,0.386949,
nivel,2035,persistencia,escenario,media,0.251414,
nivel,2035,persistencia,escenario,minimo,0.133766,
nivel,2035,persistencia,escenario,maximo,0.447435,
nivel,2030,recuperacion_lenta,escenario,P5,0.162212,
nivel,2030,recuperacion_lenta,escenario,P25,0.205322,
nivel,2030,recuperacion_lenta,escenario,P50,0.248062,
nivel,2030,recuperacion_lenta,escenario,P75,0.303621,
nivel,2030,recuperacion_lenta,escenario,P95,0.402486,
nivel,2030,recuperacion_lenta,escenario,media,0.261532,
nivel,2030,recuperacion_lenta,escenario,minimo,0.139162,
nivel,2030,recuperacion_lenta,escenario,maximo,0.465402,
nivel,2035,recuperacion_lenta,escenario,P5,0.190067,
nivel,2035,recuperacion_lenta,escenario,P25,0.240579,
nivel,2035,recuperacion_lenta,escenario,P50,0.29066,
nivel,2035,recuperacion_lenta,escenario,P75,0.355783,
nivel,2035,recuperacion_lenta,escenario,P95,0.471688,
nivel,2035,recuperacion_lenta,escenario,media,0.306472,
nivel,2035,recuperacion_lenta,escenario,minimo,0.163059,
nivel,2035,recuperacion_lenta,escenario,maximo,0.545421,
nivel,2030,caida_adicional,escenario,P5,0.135938,
nivel,2030,caida_adicional,escenario,P25,0.172066,
nivel,2030,caida_adicional,escenario,P50,0.207884,
nivel,2030,caida_adicional,escenario,P75,0.254444,
nivel,2030,caida_adicional,escenario,P95,0.337295,
nivel,2030,caida_adicional,escenario,media,0.219171,
nivel,2030,caida_adicional,escenario,minimo,0.116622,
nivel,2030,caida_adicional,escenario,maximo,0.39002,
nivel,2035,caida_adicional,escenario,P5,0.145544,
nivel,2035,caida_adicional,escenario,P25,0.184224,
nivel,2035,caida_adicional,escenario,P50,0.222573,
nivel,2035,caida_adicional,escenario,P75,0.272441,
nivel,2035,caida_adicional,escenario,P95,0.361195,
nivel,2035,caida_adicional,escenario,media,0.234681,
nivel,2035,caida_adicional,escenario,minimo,0.124863,
nivel,2035,caida_adicional,escenario,maximo,0.417656,
nivel,2000,n/a,conjunto,P5,0.21722,
nivel,2000,n/a,conjunto,P25,0.274783,
nivel,2000,n/a,conjunto,P50,0.335196,
nivel,2000,n/a,conjunto,P75,0.412936,
nivel,2000,n/a,conjunto,P95,0.544249,
nivel,2000,n/a,conjunto,media,0.353539,
nivel,2000,n/a,conjunto,minimo,0.166931,
nivel,2000,n/a,conjunto,maximo,0.701837,
nivel,2024,n/a,conjunto,P5,0.133092,
nivel,2024,n/a,conjunto,P25,0.168303,
nivel,2024,n/a,conjunto,P50,0.205344,
nivel,2024,n/a,conjunto,P75,0.251972,
nivel,2024,n/a,conjunto,P95,0.330827,
nivel,2024,n/a,conjunto,media,0.215774,
nivel,2024,n/a,conjunto,minimo,0.102913,
nivel,2024,n/a,conjunto,maximo,0.427247,
nivel,2030,persistencia,conjunto,P5,0.145731,
nivel,2030,persistencia,conjunto,P25,0.184454,
nivel,2030,persistencia,conjunto,P50,0.224991,
nivel,2030,persistencia,conjunto,P75,0.276753,
nivel,2030,persistencia,conjunto,P95,0.361968,
nivel,2030,persistencia,conjunto,media,0.236462,
nivel,2030,persistencia,conjunto,minimo,0.109654,
nivel,2030,persistencia,conjunto,maximo,0.474107,
nivel,2035,persistencia,conjunto,P5,0.15519,
nivel,2035,persistencia,conjunto,P25,0.196275,
nivel,2035,persistencia,conjunto,P50,0.2395,
nivel,2035,persistencia,conjunto,P75,0.294247,
nivel,2035,persistencia,conjunto,P95,0.384891,
nivel,2035,persistencia,conjunto,media,0.2515,
nivel,2035,persistencia,conjunto,minimo,0.121481,
nivel,2035,persistencia,conjunto,maximo,0.500234,
nivel,2030,recuperacion_lenta,conjunto,P5,0.161267,
nivel,2030,recuperacion_lenta,conjunto,P25,0.204118,
nivel,2030,recuperacion_lenta,conjunto,P50,0.248976,
nivel,2030,recuperacion_lenta,conjunto,P75,0.306257,
nivel,2030,recuperacion_lenta,conjunto,P95,0.400555,
nivel,2030,recuperacion_lenta,conjunto,media,0.26167,
nivel,2030,recuperacion_lenta,conjunto,minimo,0.121344,
nivel,2030,recuperacion_lenta,conjunto,maximo,0.524649,
nivel,2035,recuperacion_lenta,conjunto,P5,0.189176,
nivel,2035,recuperacion_lenta,conjunto,P25,0.239258,
nivel,2035,recuperacion_lenta,conjunto,P50,0.291949,
nivel,2035,recuperacion_lenta,conjunto,P75,0.358685,
nivel,2035,recuperacion_lenta,conjunto,P95,0.469179,
nivel,2035,recuperacion_lenta,conjunto,media,0.306577,
nivel,2035,recuperacion_lenta,conjunto,minimo,0.148084,
nivel,2035,recuperacion_lenta,conjunto,maximo,0.609782,
nivel,2030,caida_adicional,conjunto,P5,0.135146,
nivel,2030,caida_adicional,conjunto,P25,0.171057,
nivel,2030,caida_adicional,conjunto,P50,0.208649,
nivel,2030,caida_adicional,conjunto,P75,0.256652,
nivel,2030,caida_adicional,conjunto,P95,0.335677,
nivel,2030,caida_adicional,conjunto,media,0.219287,
nivel,2030,caida_adicional,conjunto,minimo,0.10169,
nivel,2030,caida_adicional,conjunto,maximo,0.439672,
nivel,2035,caida_adicional,conjunto,P5,0.144861,
nivel,2035,caida_adicional,conjunto,P25,0.183212,
nivel,2035,caida_adicional,conjunto,P50,0.22356,
nivel,2035,caida_adicional,conjunto,P75,0.274663,
nivel,2035,caida_adicional,conjunto,P95,0.359274,
nivel,2035,caida_adicional,conjunto,media,0.234761,
nivel,2035,caida_adicional,conjunto,minimo,0.113396,
nivel,2035,caida_adicional,conjunto,maximo,0.46694,
nivel,2000,n/a,base,punto,0.312161,
nivel,2024,n/a,base,punto,0.190752,
nivel,2030,persistencia,base,punto,0.208997,
nivel,2030,recuperacion_lenta,base,punto,0.231277,
nivel,2030,caida_adicional,base,punto,0.193817,
nivel,2035,persistencia,base,punto,0.222308,
nivel,2035,recuperacion_lenta,base,punto,0.270992,
nivel,2035,caida_adicional,base,punto,0.207512,
razon_2024_2000,2024/2000,n/a,medicion,P5,0.569826,
razon_2024_2000,2024/2000,n/a,medicion,P25,0.593565,
razon_2024_2000,2024/2000,n/a,medicion,P50,0.611129,
razon_2024_2000,2024/2000,n/a,medicion,P75,0.629178,
razon_2024_2000,2024/2000,n/a,medicion,P95,0.656408,
razon_2024_2000,2024/2000,n/a,medicion,media,0.611683,
razon_2024_2000,2024/2000,n/a,medicion,minimo,0.52185,
razon_2024_2000,2024/2000,n/a,medicion,maximo,0.733827,
razon_2024_2000,2024/2000,n/a,medicion,P(razon<1),1.0,
razon_2024_2000,2024/2000,n/a,escenario,P5,0.605932,
razon_2024_2000,2024/2000,n/a,escenario,P25,0.605932,
razon_2024_2000,2024/2000,n/a,escenario,P50,0.611069,
razon_2024_2000,2024/2000,n/a,escenario,P75,0.615431,
razon_2024_2000,2024/2000,n/a,escenario,P95,0.615431,
razon_2024_2000,2024/2000,n/a,escenario,media,0.610801,
razon_2024_2000,2024/2000,n/a,escenario,minimo,0.605932,
razon_2024_2000,2024/2000,n/a,escenario,maximo,0.615431,
razon_2024_2000,2024/2000,n/a,escenario,P(razon<1),1.0,
razon_2024_2000,2024/2000,n/a,conjunto,P5,0.56901,
razon_2024_2000,2024/2000,n/a,conjunto,P25,0.592978,
razon_2024_2000,2024/2000,n/a,conjunto,P50,0.610926,
razon_2024_2000,2024/2000,n/a,conjunto,P75,0.629133,
razon_2024_2000,2024/2000,n/a,conjunto,P95,0.656303,
razon_2024_2000,2024/2000,n/a,conjunto,media,0.611413,
razon_2024_2000,2024/2000,n/a,conjunto,minimo,0.517463,
razon_2024_2000,2024/2000,n/a,conjunto,maximo,0.739065,
razon_2024_2000,2024/2000,n/a,conjunto,P(razon<1),1.0,
razon_2024_2000,2024/2000,n/a,conjunto_NO_pareado(incorrecto),P(2024>=2000),0.11275,contraejemplo: sorteos independientes para cada cohorte
razon_2024_2000,2024/2000,n/a,conjunto_NO_pareado(incorrecto),P5,0.316366,
razon_2024_2000,2024/2000,n/a,conjunto_NO_pareado(incorrecto),P25,0.460984,
razon_2024_2000,2024/2000,n/a,conjunto_NO_pareado(incorrecto),P50,0.611566,
razon_2024_2000,2024/2000,n/a,conjunto_NO_pareado(incorrecto),P75,0.807016,
razon_2024_2000,2024/2000,n/a,conjunto_NO_pareado(incorrecto),P95,1.174375,
razon_2024_2000,2024/2000,n/a,conjunto_NO_pareado(incorrecto),media,0.661455,
razon_2024_2000,2024/2000,n/a,conjunto_NO_pareado(incorrecto),minimo,0.15562,
razon_2024_2000,2024/2000,n/a,conjunto_NO_pareado(incorrecto),maximo,2.172064,
seccion16_original,2024,n/a,original,P5,0.152435,
seccion16_original,2024,n/a,original,P25,0.178885,
seccion16_original,2024,n/a,original,P50,0.200994,
seccion16_original,2024,n/a,original,P75,0.226383,
seccion16_original,2024,n/a,original,P95,0.268513,
seccion16_original,2024,n/a,original,media,0.20438,
seccion16_original,2024,n/a,original,"P(2024>=0,312 fijo)",0.0032,
pendiente_2000_2024_pct_anual,2000-2024,n/a,medicion,P5,-1.86908,
pendiente_2000_2024_pct_anual,2000-2024,n/a,medicion,P25,-1.787218,
pendiente_2000_2024_pct_anual,2000-2024,n/a,medicion,P50,-1.729792,
pendiente_2000_2024_pct_anual,2000-2024,n/a,medicion,P75,-1.672272,
pendiente_2000_2024_pct_anual,2000-2024,n/a,medicion,P95,-1.588339,
pendiente_2000_2024_pct_anual,2000-2024,n/a,medicion,media,-1.729657,
pendiente_2000_2024_pct_anual,2000-2024,n/a,medicion,minimo,-2.083677,
pendiente_2000_2024_pct_anual,2000-2024,n/a,medicion,maximo,-1.423047,
pendiente_2000_2024_pct_anual,2000-2024,n/a,medicion,P(pendiente<0),1.0,
pendiente_2000_2024_pct_anual,2000-2024,n/a,escenario,P5,-1.748271,
pendiente_2000_2024_pct_anual,2000-2024,n/a,escenario,P25,-1.748271,
pendiente_2000_2024_pct_anual,2000-2024,n/a,escenario,P50,-1.731221,
pendiente_2000_2024_pct_anual,2000-2024,n/a,escenario,P75,-1.724819,
pendiente_2000_2024_pct_anual,2000-2024,n/a,escenario,P95,-1.724819,
pendiente_2000_2024_pct_anual,2000-2024,n/a,escenario,media,-1.734808,
pendiente_2000_2024_pct_anual,2000-2024,n/a,escenario,minimo,-1.748271,
pendiente_2000_2024_pct_anual,2000-2024,n/a,escenario,maximo,-1.724819,
pendiente_2000_2024_pct_anual,2000-2024,n/a,escenario,P(pendiente<0),1.0,
pendiente_2000_2024_pct_anual,2000-2024,n/a,conjunto,P5,-1.873554,
pendiente_2000_2024_pct_anual,2000-2024,n/a,conjunto,P25,-1.79146,
pendiente_2000_2024_pct_anual,2000-2024,n/a,conjunto,P50,-1.73342,
pendiente_2000_2024_pct_anual,2000-2024,n/a,conjunto,P75,-1.675859,
pendiente_2000_2024_pct_anual,2000-2024,n/a,conjunto,P95,-1.590127,
pendiente_2000_2024_pct_anual,2000-2024,n/a,conjunto,media,-1.733244,
pendiente_2000_2024_pct_anual,2000-2024,n/a,conjunto,minimo,-2.077276,
pendiente_2000_2024_pct_anual,2000-2024,n/a,conjunto,maximo,-1.420888,
pendiente_2000_2024_pct_anual,2000-2024,n/a,conjunto,P(pendiente<0),1.0,
pendiente_2000_2024_pct_anual,2000-2024,n/a,base,punto,-1.731221,
razon_futura_vs_2024,2030,persistencia,conjunto,P5,1.020531,
razon_futura_vs_2024,2030,persistencia,conjunto,P25,1.06419,
razon_futura_vs_2024,2030,persistencia,conjunto,P50,1.095888,
razon_futura_vs_2024,2030,persistencia,conjunto,P75,1.128221,
razon_futura_vs_2024,2030,persistencia,conjunto,P95,1.176452,
razon_futura_vs_2024,2030,persistencia,conjunto,media,1.096914,
razon_futura_vs_2024,2030,persistencia,conjunto,minimo,0.936883,
razon_futura_vs_2024,2030,persistencia,conjunto,maximo,1.310268,
razon_futura_vs_2024,2030,persistencia,conjunto,P(razon>1),0.9819,
razon_futura_vs_2000,2030,persistencia,conjunto,P(razon<1),1.0,
razon_futura_vs_2000,2030,persistencia,conjunto,P50,0.66943,
razon_futura_vs_2024,2035,persistencia,conjunto,P5,1.085486,
razon_futura_vs_2024,2035,persistencia,conjunto,P25,1.131811,
razon_futura_vs_2024,2035,persistencia,conjunto,P50,1.165792,
razon_futura_vs_2024,2035,persistencia,conjunto,P75,1.200147,
razon_futura_vs_2024,2035,persistencia,conjunto,P95,1.250954,
razon_futura_vs_2024,2035,persistencia,conjunto,media,1.166711,
razon_futura_vs_2024,2035,persistencia,conjunto,minimo,0.988831,
razon_futura_vs_2024,2035,persistencia,conjunto,maximo,1.434894,
razon_futura_vs_2024,2035,persistencia,conjunto,P(razon>1),0.99985,
razon_futura_vs_2000,2035,persistencia,conjunto,P(razon<1),1.0,
razon_futura_vs_2000,2035,persistencia,conjunto,P50,0.712116,
razon_futura_vs_2024,2030,recuperacion_lenta,conjunto,P5,1.129324,
razon_futura_vs_2024,2030,recuperacion_lenta,conjunto,P25,1.177638,
razon_futura_vs_2024,2030,recuperacion_lenta,conjunto,P50,1.212714,
razon_futura_vs_2024,2030,recuperacion_lenta,conjunto,P75,1.248495,
razon_futura_vs_2024,2030,recuperacion_lenta,conjunto,P95,1.301867,
razon_futura_vs_2024,2030,recuperacion_lenta,conjunto,media,1.21385,
razon_futura_vs_2024,2030,recuperacion_lenta,conjunto,minimo,1.036759,
razon_futura_vs_2024,2030,recuperacion_lenta,conjunto,maximo,1.449948,
razon_futura_vs_2024,2030,recuperacion_lenta,conjunto,P(razon>1),1.0,
razon_futura_vs_2000,2030,recuperacion_lenta,conjunto,P(razon<1),1.0,
razon_futura_vs_2000,2030,recuperacion_lenta,conjunto,P50,0.740794,
razon_futura_vs_2024,2035,recuperacion_lenta,conjunto,P5,1.3232,
razon_futura_vs_2024,2035,recuperacion_lenta,conjunto,P25,1.37967,
razon_futura_vs_2024,2035,recuperacion_lenta,conjunto,P50,1.421093,
razon_futura_vs_2024,2035,recuperacion_lenta,conjunto,P75,1.462972,
razon_futura_vs_2024,2035,recuperacion_lenta,conjunto,P95,1.524904,
razon_futura_vs_2024,2035,recuperacion_lenta,conjunto,media,1.422214,
razon_futura_vs_2024,2035,recuperacion_lenta,conjunto,minimo,1.205379,
razon_futura_vs_2024,2035,recuperacion_lenta,conjunto,maximo,1.749126,
razon_futura_vs_2024,2035,recuperacion_lenta,conjunto,P(razon>1),1.0,
razon_futura_vs_2000,2035,recuperacion_lenta,conjunto,P(razon<1),0.99915,
razon_futura_vs_2000,2035,recuperacion_lenta,conjunto,P50,0.868065,
razon_futura_vs_2024,2030,caida_adicional,conjunto,P5,0.946407,
razon_futura_vs_2024,2030,caida_adicional,conjunto,P25,0.986896,
razon_futura_vs_2024,2030,caida_adicional,conjunto,P50,1.016291,
razon_futura_vs_2024,2030,caida_adicional,conjunto,P75,1.046276,
razon_futura_vs_2024,2030,caida_adicional,conjunto,P95,1.091003,
razon_futura_vs_2024,2030,caida_adicional,conjunto,media,1.017242,
razon_futura_vs_2024,2030,caida_adicional,conjunto,minimo,0.868835,
razon_futura_vs_2024,2030,caida_adicional,conjunto,maximo,1.2151,
razon_futura_vs_2024,2030,caida_adicional,conjunto,P(razon>1),0.6455,
razon_futura_vs_2000,2030,caida_adicional,conjunto,P(razon<1),1.0,
razon_futura_vs_2000,2030,caida_adicional,conjunto,P50,0.620808,
razon_futura_vs_2024,2035,caida_adicional,conjunto,P5,1.01324,
razon_futura_vs_2024,2035,caida_adicional,conjunto,P25,1.056482,
razon_futura_vs_2024,2035,caida_adicional,conjunto,P50,1.088201,
razon_futura_vs_2024,2035,caida_adicional,conjunto,P75,1.12027,
razon_futura_vs_2024,2035,caida_adicional,conjunto,P95,1.167695,
razon_futura_vs_2024,2035,caida_adicional,conjunto,media,1.089059,
razon_futura_vs_2024,2035,caida_adicional,conjunto,minimo,0.923018,
razon_futura_vs_2024,2035,caida_adicional,conjunto,maximo,1.339393,
razon_futura_vs_2024,2035,caida_adicional,conjunto,P(razon>1),0.97415,
razon_futura_vs_2000,2035,caida_adicional,conjunto,P(razon<1),1.0,
razon_futura_vs_2000,2035,caida_adicional,conjunto,P50,0.66472,
