anio,escenario,tgf,nacimientos
2025,persistencia,1.04,389973.0
2026,persistencia,1.04,392230.0
2027,persistencia,1.04,394238.0
2028,persistencia,1.04,395638.0
2029,persistencia,1.04,397166.0
2030,persistencia,1.04,398959.0
2031,persistencia,1.04,400594.0
2032,persistencia,1.04,401730.0
2033,persistencia,1.04,402533.0
2034,persistencia,1.04,402883.0
2035,persistencia,1.04,402229.0
2025,recuperacion_lenta,1.04,389973.0
2026,recuperacion_lenta,1.068,402790.0
2027,recuperacion_lenta,1.096,415467.0
2028,recuperacion_lenta,1.124,427593.0
2029,recuperacion_lenta,1.152,439937.0
2030,recuperacion_lenta,1.18,452664.0
2031,recuperacion_lenta,1.208,465305.0
2032,recuperacion_lenta,1.236,477441.0
2033,recuperacion_lenta,1.264,489232.0
2034,recuperacion_lenta,1.292,500505.0
2035,recuperacion_lenta,1.32,510521.0
2025,caida_adicional,1.04,389973.0
2026,caida_adicional,1.01,380915.0
2027,caida_adicional,0.98,371494.0
2028,caida_adicional,0.95,361400.0
2029,caida_adicional,0.95,362796.0
2030,caida_adicional,0.95,364433.0
2031,caida_adicional,0.95,365927.0
2032,caida_adicional,0.95,366965.0
2033,caida_adicional,0.95,367698.0
2034,caida_adicional,0.95,368018.0
2035,caida_adicional,0.95,367420.0
2025,onu_medio,,508067.0
2026,onu_medio,,510178.0
2027,onu_medio,,511892.0
2028,onu_medio,,513145.0
2029,onu_medio,,515188.0
2030,onu_medio,,517557.0
2031,onu_medio,,519318.0
2032,onu_medio,,521170.0
2033,onu_medio,,523037.0
2034,onu_medio,,524247.0
2035,onu_medio,,524661.0
2025,indec_media_tgf,1.27,
2026,indec_media_tgf,1.264,
2027,indec_media_tgf,1.258,
2028,indec_media_tgf,1.252,
2029,indec_media_tgf,1.246,
2030,indec_media_tgf,1.24,
2031,indec_media_tgf,1.256,
2032,indec_media_tgf,1.272,
2033,indec_media_tgf,1.288,
2034,indec_media_tgf,1.304,
2035,indec_media_tgf,1.32,
