anio,nacimientos_identificados_miles,tgf_hijos_por_mujer,estado_2025,tipo_dato,fuente
2012,758.876,2.22,,descarga_csv_del_tablero,"RENAPER Sistema Estadistico de Poblacion, Nacimientos en Argentina 2012-2025, total pais (descarga CSV: 'Nacimientos identificados' y 'TASA GLOBAL DE FECUNDIDAD'); base al mes de septiembre de 2026; 2025 provisorio"
2013,763.18,2.25,,descarga_csv_del_tablero,"RENAPER Sistema Estadistico de Poblacion, Nacimientos en Argentina 2012-2025, total pais (descarga CSV: 'Nacimientos identificados' y 'TASA GLOBAL DE FECUNDIDAD'); base al mes de septiembre de 2026; 2025 provisorio"
2014,789.382,2.32,,descarga_csv_del_tablero,"RENAPER Sistema Estadistico de Poblacion, Nacimientos en Argentina 2012-2025, total pais (descarga CSV: 'Nacimientos identificados' y 'TASA GLOBAL DE FECUNDIDAD'); base al mes de septiembre de 2026; 2025 provisorio"
2015,762.759,2.25,,descarga_csv_del_tablero,"RENAPER Sistema Estadistico de Poblacion, Nacimientos en Argentina 2012-2025, total pais (descarga CSV: 'Nacimientos identificados' y 'TASA GLOBAL DE FECUNDIDAD'); base al mes de septiembre de 2026; 2025 provisorio"
2016,725.112,2.14,,descarga_csv_del_tablero,"RENAPER Sistema Estadistico de Poblacion, Nacimientos en Argentina 2012-2025, total pais (descarga CSV: 'Nacimientos identificados' y 'TASA GLOBAL DE FECUNDIDAD'); base al mes de septiembre de 2026; 2025 provisorio"
2017,705.0,2.07,,descarga_csv_del_tablero,"RENAPER Sistema Estadistico de Poblacion, Nacimientos en Argentina 2012-2025, total pais (descarga CSV: 'Nacimientos identificados' y 'TASA GLOBAL DE FECUNDIDAD'); base al mes de septiembre de 2026; 2025 provisorio"
2018,687.468,2.01,,descarga_csv_del_tablero,"RENAPER Sistema Estadistico de Poblacion, Nacimientos en Argentina 2012-2025, total pais (descarga CSV: 'Nacimientos identificados' y 'TASA GLOBAL DE FECUNDIDAD'); base al mes de septiembre de 2026; 2025 provisorio"
2019,623.014,1.81,,descarga_csv_del_tablero,"RENAPER Sistema Estadistico de Poblacion, Nacimientos en Argentina 2012-2025, total pais (descarga CSV: 'Nacimientos identificados' y 'TASA GLOBAL DE FECUNDIDAD'); base al mes de septiembre de 2026; 2025 provisorio"
2020,560.739,1.63,,descarga_csv_del_tablero,"RENAPER Sistema Estadistico de Poblacion, Nacimientos en Argentina 2012-2025, total pais (descarga CSV: 'Nacimientos identificados' y 'TASA GLOBAL DE FECUNDIDAD'); base al mes de septiembre de 2026; 2025 provisorio"
2021,518.624,1.51,,descarga_csv_del_tablero,"RENAPER Sistema Estadistico de Poblacion, Nacimientos en Argentina 2012-2025, total pais (descarga CSV: 'Nacimientos identificados' y 'TASA GLOBAL DE FECUNDIDAD'); base al mes de septiembre de 2026; 2025 provisorio"
2022,490.042,1.4,,descarga_csv_del_tablero,"RENAPER Sistema Estadistico de Poblacion, Nacimientos en Argentina 2012-2025, total pais (descarga CSV: 'Nacimientos identificados' y 'TASA GLOBAL DE FECUNDIDAD'); base al mes de septiembre de 2026; 2025 provisorio"
2023,452.46,1.28,,descarga_csv_del_tablero,"RENAPER Sistema Estadistico de Poblacion, Nacimientos en Argentina 2012-2025, total pais (descarga CSV: 'Nacimientos identificados' y 'TASA GLOBAL DE FECUNDIDAD'); base al mes de septiembre de 2026; 2025 provisorio"
2024,406.233,1.15,,descarga_csv_del_tablero,"RENAPER Sistema Estadistico de Poblacion, Nacimientos en Argentina 2012-2025, total pais (descarga CSV: 'Nacimientos identificados' y 'TASA GLOBAL DE FECUNDIDAD'); base al mes de septiembre de 2026; 2025 provisorio"
2025,384.042,1.04,provisorio,descarga_csv_del_tablero,"RENAPER Sistema Estadistico de Poblacion, Nacimientos en Argentina 2012-2025, total pais (descarga CSV: 'Nacimientos identificados' y 'TASA GLOBAL DE FECUNDIDAD'); base al mes de septiembre de 2026; 2025 provisorio"
