year,deis_nacimientos,un_births_miles,un_e65,un_e65_varones,un_e65_mujeres,un_e0,un_S65_periodo,un_pob_65mas_miles,un_pob_15_64_miles,un_pob_edad65_miles,un_dependencia_65mas_15_64,tipo_un
1914,287318.0,,,,,,,,,,,estimado
1915,283176.0,,,,,,,,,,,estimado
1916,287293.0,,,,,,,,,,,estimado
1917,277487.0,,,,,,,,,,,estimado
1918,275876.0,,,,,,,,,,,estimado
1919,277173.0,,,,,,,,,,,estimado
1920,279085.0,,,,,,,,,,,estimado
1921,290344.0,,,,,,,,,,,estimado
1922,300544.0,,,,,,,,,,,estimado
1923,315801.0,,,,,,,,,,,estimado
1924,318778.0,,,,,,,,,,,estimado
1925,318446.0,,,,,,,,,,,estimado
1926,321136.0,,,,,,,,,,,estimado
1927,326542.0,,,,,,,,,,,estimado
1928,336471.0,,,,,,,,,,,estimado
1929,339308.0,,,,,,,,,,,estimado
1930,341983.0,,,,,,,,,,,estimado
1931,338282.0,,,,,,,,,,,estimado
1932,340390.0,,,,,,,,,,,estimado
1933,321800.0,,,,,,,,,,,estimado
1934,319674.0,,,,,,,,,,,estimado
1935,322020.0,,,,,,,,,,,estimado
1936,320170.0,,,,,,,,,,,estimado
1937,320875.0,,,,,,,,,,,estimado
1938,325869.0,,,,,,,,,,,estimado
1939,328972.0,,,,,,,,,,,estimado
1940,340672.0,,,,,,,,,,,estimado
1941,341186.0,,,,,,,,,,,estimado
1942,340634.0,,,,,,,,,,,estimado
1943,360131.0,,,,,,,,,,,estimado
1944,380950.0,,,,,,,,,,,estimado
1945,388191.0,,,,,,,,,,,estimado
1946,386599.0,,,,,,,,,,,estimado
1947,398468.0,,,,,,,,,,,estimado
1948,413132.0,,,,,,,,,,,estimado
1949,419656.0,,,,,,,,,,,estimado
1950,438766.0,443.092,11.5578,10.4019,12.8684,61.2746,0.60355492,692.61,10920.621,74.886,0.06342221747279757,estimado
1951,444326.0,450.31,11.7325,10.5729,13.0266,61.7087,0.60935134,712.649,11125.133,78.858,0.06405757126678845,estimado
1952,443386.0,456.457,11.9566,10.7732,13.2623,62.4656,0.62490218,739.443,11322.556,83.395,0.0653070737738016,estimado
1953,452660.0,461.876,12.0181,10.6941,13.5022,62.4599,0.62010209,772.373,11516.118,87.848,0.06706886817241713,estimado
1954,457559.0,465.811,12.083,10.8013,13.4932,63.0694,0.6323644900000001,808.445,11702.369,91.491,0.06908387523927847,estimado
1955,461293.0,470.534,11.7585,10.4256,13.2472,62.7026,0.6234887,846.245,11889.765,94.319,0.07117424103840572,estimado
1956,474142.0,476.402,12.2548,10.8844,13.7535,63.5774,0.63936174,881.807,12073.327,97.204,0.07303761423839511,estimado
1957,478368.0,479.273,11.9019,10.5932,13.3299,63.22,0.63303748,923.241,12261.46,100.166,0.07529617190774998,estimado
1958,472865.0,477.922,12.5792,11.2707,13.9656,64.2017,0.6533973200000001,961.217,12449.93,102.95,0.07720661883239503,estimado
1959,476211.0,488.56,12.4182,11.0886,13.8387,64.0997,0.6501540800000001,1007.083,12646.519,106.421,0.07963321764668997,estimado
1960,473038.0,492.363,12.5231,11.1233,14.0245,64.2423,0.6522217,1052.03,12845.292,110.33,0.08190004555754747,estimado
1961,476259.0,494.461,12.746,11.2828,14.3092,64.6314,0.65985003,1098.903,13048.383,114.33,0.08421756167028513,estimado
1962,490414.0,500.531,12.6325,11.1296,14.2449,64.6184,0.65762294,1148.671,13263.596,118.208,0.08660328616764262,estimado
1963,491109.0,503.504,12.7167,11.1761,14.3598,64.8554,0.66167869,1197.359,13487.464,122.122,0.08877569571270032,estimado
1964,496256.0,504.485,12.6309,11.066,14.2975,64.8161,0.6590485300000001,1247.616,13715.423,126.415,0.09096445658292857,estimado
1965,481814.0,500.004,12.7767,11.1875,14.4491,65.0531,0.662865,1297.487,13940.062,130.991,0.09307612835581364,estimado
1966,478617.0,501.007,12.8696,11.2833,14.5189,65.3976,0.66903286,1349.805,14170.264,135.384,0.09525616459933281,estimado
1967,478692.0,511.715,12.8327,11.1976,14.5344,65.4672,0.67015,1403.921,14404.528,140.13,0.09746386691740264,estimado
1968,493353.0,525.32,12.7077,11.0364,14.4491,65.234,0.66458516,1458.014,14640.412,144.752,0.09958831759652664,estimado
1969,580699.0,541.333,12.604,10.8945,14.3834,65.0853,0.65994061,1510.197,14875.574999999999,148.802,0.10152192436258767,estimado
1970,516025.0,557.684,12.9829,11.2824,14.7011,65.6474,0.67117646,1560.152,15108.293,152.19,0.1032646110318353,estimado
1971,,571.733,12.9119,11.2737,14.5293,65.6193,0.66055996,1615.837,15340.87,155.998,0.10532890246772184,estimado
1972,,587.11,13.0374,11.3707,14.6722,65.953,0.66599811,1670.225,15565.433,158.633,0.10730347173766382,estimado
1973,,604.141,13.1088,11.3805,14.8026,66.186,0.66914016,1724.491,15790.626,161.26,0.1092097932026254,estimado
1974,,623.622,13.3884,11.6587,15.052,66.4053,0.6688788800000001,1778.687,16012.280999999999,164.698,0.11108267460457383,estimado
1975,659013.0,644.972,13.5084,11.7159,15.2274,66.9647,0.6816219800000001,1836.681,16234.99,168.563,0.11313102133108797,estimado
1976,656768.0,663.228,13.5872,11.8307,15.2396,67.0299,0.67993068,1895.208,16437.125,172.376,0.11530045552370016,estimado
1977,649967.0,680.351,13.8306,11.9976,15.5456,67.5946,0.69339236,1955.042,16629.091,176.821,0.1175675808136476,estimado
1978,665623.0,688.694,13.8983,12.0638,15.5898,67.9989,0.69875481,2018.3799999999999,16820.73,181.684,0.1199936031313742,estimado
1979,701911.0,692.524,13.8393,12.0256,15.4911,68.4341,0.7067041000000001,2081.918,17012.458,185.307,0.12237608463162702,estimado
1980,697461.0,692.446,13.7165,11.9204,15.3378,68.5761,0.7090484600000001,2141.882,17208.852,187.401,0.12446396773009613,estimado
1981,680292.0,690.24,13.9859,12.1544,15.6131,68.8576,0.70845925,2197.797,17408.39,190.173,0.12624929703436102,estimado
1982,663429.0,687.567,13.8345,12.0622,15.3971,68.9728,0.7114019,2256.968,17618.347999999998,191.789,0.1281032705222987,estimado
1983,655876.0,683.884,13.9424,12.2724,15.3843,69.2905,0.7144927400000001,2309.128,17847.056,193.606,0.12938425250640778,estimado
1984,635323.0,686.243,13.7855,12.0524,15.2851,69.3533,0.71837557,2361.805,18099.304,197.378,0.13049148188239723,estimado
1985,650873.0,683.974,14.2514,12.3806,15.8619,69.8793,0.72433593,2414.006,18361.545,202.58,0.13147074497271335,estimado
1986,675388.0,690.12,14.4909,12.5724,16.1279,70.2812,0.7301728999999999,2477.483,18632.043,207.444,0.13296893958434938,estimado
1987,668136.0,694.917,14.7477,12.7877,16.405,70.6989,0.73627117,2545.925,18909.16,212.277,0.13463977247006215,estimado
1988,680605.0,706.153,15.0006,12.9927,16.6864,71.0973,0.74191199,2619.692,19199.333,217.336,0.13644703177969777,estimado
1989,667058.0,710.333,15.2606,13.2011,16.9791,71.5019,0.74750663,2698.288,19500.359,222.401,0.13837119614054286,estimado
1990,678644.0,723.193,15.1885,13.185,16.8479,71.6145,0.75010525,2781.0099999999998,19808.85,227.014,0.1403922994015301,estimado
1991,694776.0,728.216,15.5956,13.5443,17.2765,72.0204,0.75318122,2859.95,20121.303,230.916,0.14213542731303236,estimado
1992,678761.0,732.042,15.6561,13.6093,17.3272,72.0958,0.7538402099999999,2946.912,20425.934,236.128,0.1442730599247016,estimado
1993,667518.0,737.559,15.693,13.5915,17.4154,72.3033,0.75745146,3033.116,20738.954,240.359,0.14625212052642578,estimado
1994,673787.0,741.217,16.0881,14.238,17.5583,72.7317,0.76288811,3116.324,21057.304,242.418,0.14799254453466598,estimado
1995,658735.0,734.845,16.0538,13.9989,17.7219,72.8644,0.76598901,3201.465,21380.073,242.062,0.14974060191468944,estimado
1996,675437.0,725.246,16.2498,14.2297,17.8865,73.0565,0.7670617999999999,3279.614,21703.696,242.015,0.15110854851634486,estimado
1997,692357.0,717.421,16.4833,14.3366,18.2377,73.4071,0.7719655400000001,3355.95,22025.353,241.744,0.15236759201997807,estimado
1998,683301.0,716.801,16.3005,14.1198,18.1041,73.4121,0.77465315,3431.827,22345.754,242.094,0.1535784829636986,estimado
1999,686748.0,722.777,16.4448,14.3055,18.2023,73.6833,0.77760661,3497.802,22663.007,242.875,0.15433971317221937,estimado
2000,701878.0,719.276,16.5296,14.364,18.3144,73.91,0.7813274099999999,3562.968,22981.255,244.79,0.15503800815055574,estimado
2001,683495.0,712.599,16.7247,14.425,18.6348,74.1542,0.7843280800000001,3626.608,23293.3,247.085,0.15569318215967684,estimado
2002,694684.0,711.232,16.7903,14.4365,18.7567,74.3122,0.7856706299999999,3691.658,23608.14,249.009,0.15637225126587695,estimado
2003,697952.0,707.388,16.5726,14.2017,18.5755,74.3073,0.7886142500000001,3755.0480000000002,23925.57,251.388,0.15694706541996703,estimado
2004,736261.0,710.123,16.8738,14.5923,18.7651,74.8713,0.79729719,3810.412,24250.584,254.848,0.1571266077550957,estimado
2005,712220.0,717.902,17.1367,14.7934,19.079,75.2306,0.80163342,3872.88,24577.267,260.099,0.15757976670066692,estimado
2006,696451.0,719.581,17.2199,15.0054,19.0287,75.2791,0.80073703,3943.203,24911.221,266.089,0.15829023394718386,estimado
2007,700792.0,718.989,16.7518,14.6007,18.53,74.7827,0.79542218,4016.653,25243.242,272.674,0.15911795323279,estimado
2008,746460.0,746.33,17.3409,15.2051,19.084,75.4281,0.80196715,4079.899,25570.068,279.544,0.1595576124396697,estimado
2009,745336.0,744.841,17.5272,15.3784,19.2772,75.5773,0.80158935,4161.619,25901.34,287.141,0.1606719575126229,estimado
2010,756176.0,756.144,17.3404,15.2176,19.0933,75.68,0.8076109,4251.417,26230.797,295.324,0.16207730935510653,estimado
2011,758042.0,758.343,17.6728,15.3902,19.5808,76.0998,0.8124072800000001,4338.368,26550.448,303.923,0.1634009339503424,estimado
2012,738318.0,736.973,17.4474,15.5131,19.0437,75.8024,0.8081082399999999,4438.503,26856.609,313.082,0.16526669468956412,estimado
2013,754603.0,752.967,17.4569,15.6323,18.9632,75.8292,0.8079788,4535.48,27146.07,322.474,0.16707685495543184,estimado
2014,777012.0,775.263,17.7256,15.768,19.3458,76.2678,0.81456943,4634.36,27429.782,328.969,0.16895358482980286,estimado
2015,770040.0,768.023,17.8744,15.6655,19.7565,76.5995,0.81914524,4739.847,27720.218,331.505,0.17098880679798403,estimado
2016,728035.0,737.028,17.4514,15.338,19.262,76.105,0.81329334,4852.505,28000.864,339.713,0.17329840250643694,estimado
2017,704609.0,715.49,17.675,15.7703,19.2703,76.5434,0.8218122800000001,4953.784,28264.935,345.814,0.17526252934952793,estimado
2018,685394.0,684.66,17.866,15.8725,19.5518,76.7698,0.82339642,5061.817,28525.601,351.534,0.1774482157273391,estimado
2019,625441.0,625.199,17.8078,15.8786,19.4396,76.8475,0.82592643,5176.343,28778.273,356.656,0.1798698274910381,estimado
2020,533299.0,533.228,17.0377,14.9065,18.9342,75.8781,0.80998281,5286.769,29030.772,360.619,0.18210914267109396,estimado
2021,529794.0,529.339,16.0978,14.0889,17.911,73.9485,0.76914687,5372.6,29273.618,364.203,0.18353044027560927,estimado
2022,495295.0,496.115,16.7818,14.9155,18.4098,75.8061,0.81745895,5428.598,29489.734,367.217,0.18408433253416256,estimado
2023,460902.0,503.823,18.11,16.2052,19.7193,77.3947,0.8333697900000001,5500.249,29735.953,369.87,0.18496965609274402,estimado
2024,413135.0,506.609,18.2536,16.4219,19.8061,77.5434,0.83448614,5613.873,30016.186,370.32,0.18702819205611262,proyectado
2025,,508.067,18.3261,16.5044,19.8792,77.6894,0.83674508,5733.401,30284.514,379.769,0.18931791343919205,proyectado
2026,,510.178,18.3949,16.5839,19.9479,77.8291,0.83891432,5852.723,30560.13,383.921,0.19151499028309107,proyectado
2027,,511.892,18.4648,16.662,20.0194,77.9676,0.8410357700000001,5970.321,30835.379,386.735,0.1936191865843452,proyectado
2028,,513.145,18.5398,16.7466,20.0941,78.1178,0.84332908,6089.155,31084.213,392.51,0.19589220418737963,proyectado
2029,,515.188,18.617,16.835,20.1686,78.2664,0.84555268,6206.816,31345.888,395.834,0.1980105333114187,proyectado
2030,,517.557,18.6875,16.9147,20.2381,78.4063,0.84767013,6321.396,31628.423,397.208,0.19986440677108688,proyectado
2031,,519.318,18.7679,17.0065,20.3145,78.5592,0.84992383,6428.003,31907.019,393.964,0.20146046861977296,proyectado
2032,,521.17,18.8472,17.0962,20.3904,78.7103,0.8521397199999999,6531.054,32154.581000000002,394.719,0.2031142623192633,proyectado
2033,,523.037,18.9339,17.1958,20.4705,78.873,0.85449071,6637.185,32373.374,402.138,0.20501987219497111,proyectado
2034,,524.247,19.0179,17.2894,20.5508,79.0304,0.85675443,6749.001,32552.039,411.991,0.20732959308631943,proyectado
2035,,524.661,19.0976,17.3829,20.6227,79.1787,0.85887792,6868.184,32660.531,423.709,0.21029002865875024,proyectado
2036,,525.141,19.1746,17.4717,20.6937,79.3231,0.86094482,6993.544,32667.584,434.486,0.2140820698586097,proyectado
2037,,525.16,19.2544,17.5649,20.7655,79.4707,0.86303689,7129.115,32656.157,449.477,0.218308449460235,proyectado
2038,,523.826,19.3422,17.6643,20.847,79.6298,0.86525071,7272.757,32599.5,462.342,0.22309412721054003,proyectado
2039,,521.265,19.4185,17.7528,20.9169,79.7712,0.86724923,7427.2029999999995,32535.647,477.695,0.22827893971187968,proyectado
2040,,517.924,19.5066,17.8546,20.9968,79.929,0.86942307,7594.496,32457.053,495.672,0.2339859998996212,proyectado
2041,,513.384,19.591,17.9525,21.0735,80.0795,0.87148572,7772.18,32365.510000000002,510.851,0.24013772685800408,proyectado
2042,,508.623,19.673,18.0498,21.1457,80.2282,0.87354572,7961.601,32260.154,527.634,0.24679364518842656,proyectado
2043,,504.109,19.754,18.1461,21.2171,80.3716,0.87550592,8161.983,32141.215,543.907,0.2539413335805756,proyectado
2044,,498.754,19.8397,18.2466,21.2933,80.5223,0.8775352000000001,8366.459,32015.059,553.444,0.26132886401989763,proyectado
2045,,493.165,19.9193,18.342,21.3625,80.6627,0.87942667,8571.786,31886.069,559.587,0.2688254234161006,proyectado
2046,,486.359,20.0027,18.4416,21.4344,80.8091,0.8813771499999999,8774.592,31757.522,562.638,0.27629964327821294,proyectado
2047,,479.207,20.092,18.5451,21.5138,80.9623,0.8833722500000001,8973.257,31630.691,563.928,0.2836883013399865,proyectado
2048,,471.757,20.1815,18.6507,21.5914,81.1163,0.8853717200000001,9167.535,31506.124,564.686,0.29097628765759953,proyectado
2049,,464.691,20.2708,18.7545,21.6707,81.2667,0.8872874000000001,9356.328,31384.88,564.398,0.2981157805924381,proyectado
2050,,457.195,20.352,18.8487,21.7435,81.4056,0.88907772,9544.386,31261.523,568.835,0.3053077740326343,proyectado
2051,,448.778,20.4357,18.9491,21.815,81.547,0.89087825,9727.205,31139.240999999998,569.264,0.31237771659238583,proyectado
2052,,440.994,20.5158,19.0442,21.8846,81.684,0.89263541,9911.733,31011.149,576.578,0.31961837337919985,proyectado
2053,,432.67,20.6011,19.1448,21.9591,81.8261,0.89440533,10096.531,30877.837,582.786,0.32698310441887496,proyectado
2054,,425.296,20.6915,19.2496,22.0394,81.9731,0.89618944,10286.934,30732.876,594.187,0.3347208377113811,proyectado
2055,,417.825,20.7771,19.349,22.1157,82.1116,0.89785943,10476.977,30581.153,599.603,0.3425958792331997,proyectado
2056,,410.439,20.8645,19.4527,22.1907,82.2538,0.89957345,10673.715,30414.344,612.456,0.3509434561534518,proyectado
2057,,403.935,20.956,19.5605,22.2697,82.399,0.90127263,10870.239,30238.2,618.619,0.35948697343095815,proyectado
2058,,398.676,21.0441,19.6606,22.3499,82.5398,0.90292389,11066.02,30053.206,624.129,0.36821429301086883,proyectado
2059,,395.074,21.1331,19.7631,22.4291,82.6802,0.9045402499999999,11261.942000000001,29858.222,630.88,0.3771805970228234,proyectado
2060,,391.621,21.2182,19.8618,22.5043,82.8156,0.9061107799999999,11456.284,29654.169,636.023,0.3863296253555444,proyectado
2061,,389.42,21.303,19.9607,22.5784,82.9491,0.9076365,11640.12,29449.297,632.562,0.39525968990023774,proyectado
2062,,387.776,21.3919,20.0607,22.6595,83.0883,0.90920629,11810.608,29245.331,626.249,0.4038459335611555,proyectado
2063,,387.021,21.476,20.1561,22.7359,83.2198,0.9106812200000001,11969.4,29040.474000000002,621.293,0.4121626940386716,proyectado
2064,,386.141,21.5666,20.2574,22.8189,83.3575,0.91216943,12122.581,28828.087,622.622,0.4205128491529806,proyectado
2065,,385.614,21.6581,20.3623,22.8999,83.4965,0.91366066,12276.318,28602.856,629.626,0.42919902823690054,proyectado
2066,,385.644,21.7472,20.4613,22.982,83.6308,0.91508496,12422.307999999999,28372.688,628.293,0.43782626446954903,proyectado
2067,,385.249,21.836,20.5618,23.0617,83.7643,0.91649027,12557.845,28139.478,624.192,0.44627142692554567,proyectado
2068,,384.52,21.9161,20.6499,23.1368,83.886,0.9177851300000001,12687.363,27899.543,624.355,0.45475164234769,proyectado
2069,,383.421,22.0025,20.7454,23.2168,84.0147,0.91910942,12808.639,27654.055,622.613,0.4631739902159014,proyectado
2070,,382.377,22.0947,20.8471,23.302,84.1526,0.9205275599999999,12928.119,27398.307,626.633,0.47185831591711125,proyectado
2071,,380.438,22.1829,20.9431,23.3851,84.2825,0.9218332300000001,13050.797,27127.794,635.104,0.48108581921552485,proyectado
2072,,378.94,22.2748,21.0452,23.4693,84.4184,0.9231952499999999,13171.414,26848.033,638.229,0.49059139639764304,proyectado
2073,,376.353,22.3646,21.1419,23.5548,84.5502,0.92449767,13288.344,26561.955,639.357,0.500277332749039,proyectado
2074,,373.308,22.446,21.2292,23.6329,84.6712,0.92571811,13426.663,26245.772,665.35,0.5115743213802207,proyectado
2075,,370.602,22.5375,21.3287,23.7187,84.8045,0.92700608,13560.172,25927.149,665.65,0.5230105323188446,proyectado
2076,,366.905,22.6247,21.4254,23.7987,84.9325,0.92825758,13701.248,25594.837,677.338,0.5353129617508406,proyectado
2077,,363.438,22.7121,21.5195,23.8816,85.0587,0.9294545200000001,13841.618,25258.272,680.879,0.5480033630170742,proyectado
2078,,358.779,22.7959,21.6088,23.9622,85.1812,0.93063704,13960.38,24939.445,663.217,0.55977107750393,proyectado
2079,,354.725,22.8797,21.6989,24.0419,85.3024,0.93177792,14091.032000000001,24605.322,679.056,0.5726822839384098,proyectado
2080,,350.288,22.9615,21.785,24.1218,85.4217,0.9329132000000001,14239.423999999999,24250.313,700.568,0.5871851633420154,proyectado
2081,,345.318,23.0485,21.8755,24.207,85.5464,0.93406153,14378.747,23901.691,695.396,0.601578649811848,proyectado
2082,,340.512,23.13,21.9644,24.2828,85.6634,0.93513724,14487.994,23581.69,668.623,0.6143747119057201,proyectado
2083,,336.213,23.2092,22.0485,24.3589,85.7776,0.9361921400000001,14575.579,23281.129,650.293,0.6260683921299521,proyectado
2084,,331.639,23.2966,22.1409,24.4428,85.9021,0.9373091800000001,14633.003,23008.199,623.416,0.6359908048430909,proyectado
2085,,327.373,23.3768,22.2253,24.5203,86.0168,0.9383469,14634.981,22788.803,570.335,0.6422005139980367,proyectado
2086,,323.296,23.4669,22.318,24.6093,86.1438,0.9394553,14551.584,22652.442,487.374,0.6423847812964272,proyectado
2087,,319.619,23.5556,22.4081,24.6981,86.2684,0.94053333,14464.544,22517.477,484.698,0.6423696580216336,proyectado
2088,,316.253,23.6362,22.4898,24.7792,86.3821,0.94151867,14347.018,22411.251,455.127,0.6401703323031811,proyectado
2089,,312.681,23.7173,22.5713,24.8615,86.494,0.94245127,14236.173,22295.257,462.905,0.6385292172231969,proyectado
2090,,308.694,23.8059,22.6615,24.9495,86.6152,0.94343626,14127.794,22173.492,466.118,0.6371479061574966,proyectado
2091,,305.982,23.8889,22.7464,25.0319,86.729,0.9443603,14021.317000000001,22047.549,468.13,0.6359580831411238,proyectado
2092,,303.435,23.9744,22.8316,25.1189,86.8457,0.9452973699999999,13917.178,21915.815,470.742,0.6350289961838061,proyectado
2093,,301.395,24.0565,22.916,25.1996,86.9581,0.9462024800000001,13815.291,21778.76,472.989,0.6343469967987159,proyectado
2094,,299.674,24.1445,23.0035,25.2892,87.0769,0.94712292,13715.223,21635.805,474.816,0.633913228557939,proyectado
2095,,297.667,24.2283,23.0885,25.3727,87.191,0.94801933,13618.365,21486.776,477.364,0.6338021581273988,proyectado
2096,,296.221,24.3122,23.1725,25.4575,87.3053,0.9489153200000001,13524.761,21331.01,480.216,0.6340422230358526,proyectado
2097,,294.969,24.3959,23.2591,25.5388,87.4185,0.94978635,13434.093,21168.561,482.511,0.6346247626373848,proyectado
2098,,293.833,24.4748,23.3366,25.6201,87.5245,0.95058908,13346.761,20999.497,484.886,0.6355752711600664,proyectado
2099,,292.511,24.5557,23.4179,25.7014,87.6338,0.95141983,13262.824,20824.32,487.276,0.6368910965640175,proyectado
2100,,291.062,24.6353,23.4951,25.7846,87.7408,0.95222057,13182.104,20643.246,489.047,0.6385674035953454,proyectado
2101,,,,,,,,13104.186,20457.573,490.061,0.6405542827587613,proyectado
