cohorte,nota,anio_65,N_t,TBP_C_p0_A14_2,TBP_C_p0_A30,A_eph,TBP_C_p1,rho_t,tau_t,TBP_C_p2,rho_escenario,share_varones,S_v,S_m,S_m65,S_tot65,E_v,E_m,E_m65,A_varones_65,n_edades_obs_varones,A_mujeres_60,A_mujeres_65,n_edades_obs_mujeres,J65,J_star,TBP_C_p3,TBP_C_p3_J65,N_4,J_star_4,TBP_C_p4,J_consistente,m_v,m_m,TBP_C_p5,m_total,TBP_C_varones_p4,TBP_C_mujeres_p4,TBP_C_total_p4,TBP_A_varones_p4,TBP_A_mujeres_p4,TBP_A_total_p4,TBP_B_varones_p4,TBP_B_mujeres_p4,TBP_B_total_p4,D_star_p4,E_r_implicito_total_p4,TBP_C_p4_rho_persiste,TBP_C_p4_rho_mitad,TBP_C_p4_rho_sin_moratorias,TBP_C_p4_persistencia,TBP_C_p4_recuperacion_lenta,TBP_C_p4_caida_adicional,TBP_C_p3_m65,TBP_C_p4_m65,TBP_C_varones_p4_m65,TBP_C_mujeres_p4_m65,TBP_A_varones_p4_m65,TBP_A_mujeres_p4_m65,TBP_A_total_p4_m65,TBP_B_varones_p4_m65,TBP_B_mujeres_p4_m65,TBP_B_total_p4_m65,D_star_p4_m65,E_r_implicito_total_p4_m65
1950,niveles condicionados a supuestos; no es predicción. Ā: EPH asalariados (cota inferior). ρ post-2023 y natalidad >=2025: supuestos/escenarios,2015,438766.0,0.511113,1.079816,14.127259,0.508495,0.3947,0.2177,0.519187,0.3947,0.51148,0.664807,0.815397,0.77669,0.719791,16.153912,23.691978,19.741451,18.444201,0,10.504608,11.094633,0,4739847.0,5697287.0,0.444145,0.533861,438766.0,5697287.0,0.444145,True,1.042969,1.058051,0.46591,1.051106,0.266404,0.177741,0.444145,0.016492,0.007502,0.023994,0.629758,0.244551,0.421947,0.056864,18.510848,0.444145,0.444145,0.444145,0.444145,0.444145,0.444145,0.53515,0.53515,0.320217,0.214933,0.019823,0.010887,0.03071,0.629758,0.309974,0.461111,0.066601,17.425765
1951,niveles condicionados a supuestos; no es predicción. Ā: EPH asalariados (cota inferior). ρ post-2023 y natalidad >=2025: supuestos/escenarios,2016,444326.0,0.508894,1.075128,14.146499,0.506976,0.4059,0.2177,0.503354,0.4059,0.511241,0.671384,0.819407,0.779396,0.724519,16.506678,23.987612,20.083609,18.479793,0,10.51153,11.103105,0,4852505.0,5822223.0,0.431936,0.518253,444326.0,5822223.0,0.431936,True,1.044429,1.065328,0.454727,1.055683,0.259625,0.172311,0.431936,0.015728,0.007183,0.022912,0.60045,0.235027,0.403673,0.056758,18.852103,0.431936,0.431936,0.431936,0.431936,0.431936,0.431936,0.519225,0.519225,0.311508,0.207717,0.018872,0.010343,0.029214,0.60045,0.296512,0.44057,0.06631,17.773006
1952,niveles condicionados a supuestos; no es predicción. Ā: EPH asalariados (cota inferior). ρ post-2023 y natalidad >=2025: supuestos/escenarios,2017,443386.0,0.501779,1.060098,14.172134,0.500795,0.4332,0.2177,0.465883,0.4332,0.51148,0.678592,0.823251,0.784846,0.730847,16.648055,24.137864,20.189736,18.518566,0,10.52542,11.120115,0,4953784.0,5934259.0,0.400283,0.479509,443386.0,5934259.0,0.400283,True,1.056225,1.080903,0.426711,1.069471,0.241341,0.158942,0.400283,0.014497,0.006585,0.021081,0.559003,0.219134,0.376574,0.055982,18.987495,0.400283,0.400283,0.400283,0.400283,0.400283,0.400283,0.480882,0.480882,0.289108,0.191775,0.017366,0.009499,0.026864,0.559003,0.276789,0.410879,0.065383,17.900306
1953,niveles condicionados a supuestos; no es predicción. Ā: EPH asalariados (cota inferior). ρ post-2023 y natalidad >=2025: supuestos/escenarios,2018,452660.0,0.504881,1.066649,14.192939,0.50463,0.4345,0.2177,0.468045,0.4345,0.511241,0.683955,0.826441,0.7897,0.736006,16.423849,24.112553,20.11141,18.547256,1,10.537733,11.135202,1,5061817.0,6051946.0,0.402555,0.481298,452660.0,6051946.0,0.402555,True,1.047303,1.068583,0.424991,1.058709,0.243041,0.159514,0.402555,0.014798,0.006615,0.021413,0.565814,0.218964,0.379901,0.056366,18.799173,0.402555,0.402555,0.402555,0.402555,0.402555,0.402555,0.483151,0.483151,0.290581,0.19257,0.017693,0.009575,0.027268,0.565814,0.277411,0.414496,0.065786,17.718746
1954,niveles condicionados a supuestos; no es predicción. Ā: EPH asalariados (cota inferior). ρ post-2023 y natalidad >=2025: supuestos/escenarios,2019,457559.0,0.499801,1.055917,14.19737,0.499708,0.4562,0.2177,0.441434,0.4562,0.511002,0.686643,0.829742,0.78925,0.737108,16.168461,23.747661,19.829867,18.561585,2,10.536595,11.133807,2,5176343.0,6173704.0,0.381543,0.455058,457559.0,6173704.0,0.381543,True,1.049571,1.065435,0.402855,1.058078,0.230342,0.151201,0.381543,0.014246,0.006367,0.020613,0.547835,0.21173,0.367596,0.056076,18.509498,0.381543,0.381543,0.381543,0.381543,0.381543,0.381543,0.45598,0.45598,0.274724,0.181256,0.016991,0.009141,0.026132,0.547835,0.267934,0.401224,0.06513,17.449168
1955,niveles condicionados a supuestos; no es predicción. Ā: EPH asalariados (cota inferior). ρ post-2023 y natalidad >=2025: supuestos/escenarios,2020,461293.0,0.49558,1.047,13.517658,0.471766,0.4605,0.2177,0.41286,0.4605,0.510763,0.691806,0.830209,0.790721,0.740433,16.700866,24.148912,20.222746,18.428337,3,9.766034,10.312292,3,5286769.0,6293987.0,0.363053,0.432221,461293.0,6293987.0,0.363053,True,1.047814,1.064997,0.382774,1.057003,0.225616,0.137437,0.363053,0.013509,0.005691,0.0192,0.521646,0.191183,0.344924,0.055666,18.908553,0.363053,0.363053,0.363053,0.363053,0.363053,0.363053,0.433155,0.433155,0.2686,0.164556,0.016083,0.008137,0.02422,0.521646,0.24107,0.375009,0.064585,17.8841
1956,niveles condicionados a supuestos; no es predicción. Ā: EPH asalariados (cota inferior). ρ post-2023 y natalidad >=2025: supuestos/escenarios,2021,474142.0,0.504639,1.066138,14.384067,0.51118,0.4683,0.2177,0.439901,0.4683,0.510524,0.698028,0.83275,0.794404,0.745444,17.005639,24.410586,20.460549,19.383047,4,10.383331,10.972208,4,5372600.0,6387900.0,0.384378,0.457017,474142.0,6387900.0,0.384378,True,1.021986,1.043512,0.395972,1.033471,0.238339,0.146039,0.384378,0.014015,0.005983,0.019998,0.529863,0.197739,0.352661,0.056706,19.220911,0.384378,0.384378,0.384378,0.384378,0.384378,0.384378,0.458415,0.458415,0.28338,0.175035,0.016664,0.008555,0.025219,0.529863,0.249294,0.383463,0.065765,18.177626
1957,niveles condicionados a supuestos; no es predicción. Ā: EPH asalariados (cota inferior). ρ post-2023 y natalidad >=2025: supuestos/escenarios,2022,478368.0,0.506209,1.069456,14.05,0.500862,0.4456,0.2177,0.452979,0.4456,0.510524,0.702364,0.83583,0.796964,0.748883,17.159554,24.523769,20.590744,18.432935,5,10.278255,10.861032,5,5428598.0,6448244.0,0.391962,0.465584,478368.0,6448244.0,0.391962,True,1.015821,1.042556,0.402238,1.030069,0.239556,0.152406,0.391962,0.01396,0.006215,0.020175,0.52481,0.20476,0.354249,0.056952,19.427987,0.391962,0.391962,0.391962,0.391962,0.391962,0.391962,0.466953,0.466953,0.284551,0.182402,0.016583,0.008858,0.025441,0.52481,0.257699,0.385631,0.065973,18.354273
1958,niveles condicionados a supuestos; no es predicción. Ā: EPH asalariados (cota inferior). ρ post-2023 y natalidad >=2025: supuestos/escenarios,2023,472865.0,0.491805,1.039024,14.180643,0.491134,0.403,0.2177,0.491134,0.403,0.510284,0.697738,0.839588,0.795419,0.745755,17.254804,24.458241,20.669104,18.164638,6,10.667735,11.27635,6,5500249.0,6528594.0,0.424662,0.504058,472865.0,6528594.0,0.424662,True,1.04444,1.055838,0.44549,1.050548,0.253047,0.171614,0.424662,0.014665,0.007017,0.021682,0.568683,0.235614,0.390185,0.055568,19.58595,0.424662,0.424662,0.424662,0.424662,0.424662,0.424662,0.504352,0.504352,0.300358,0.203994,0.017407,0.00987,0.027277,0.568683,0.294714,0.425546,0.064098,18.490197
1959,niveles condicionados a supuestos; no es predicción. Ā: EPH asalariados (cota inferior). ρ post-2023 y natalidad >=2025: supuestos/escenarios,2024,476211.0,0.478218,1.010319,14.992254,0.504899,0.403,0.2177,0.504899,0.403,0.510284,0.684891,0.840758,0.786912,0.734932,17.351092,24.267048,20.746968,18.623296,7,11.688622,12.364519,7,5613873.0,6653696.0,0.437707,0.51878,476211.0,6653696.0,0.437707,True,1.05992,1.045731,0.461294,1.052245,0.25164,0.186067,0.437707,0.014503,0.007667,0.02217,0.579807,0.260195,0.406934,0.054481,19.742931,0.437707,0.365209,0.313314,0.437707,0.437707,0.437707,0.516592,0.516592,0.29825,0.218342,0.017189,0.010524,0.027713,0.579807,0.321941,0.444579,0.062336,18.640674
1960,niveles condicionados a supuestos; no es predicción. Ā: EPH asalariados (cota inferior). ρ post-2023 y natalidad >=2025: supuestos/escenarios,2025,473038.0,0.47641,1.006501,14.505096,0.486646,0.403,0.2177,0.486646,0.403,0.510524,0.709153,0.840711,0.797836,0.752759,17.447778,24.644941,20.825797,18.806861,8,10.403868,10.995479,8,5733401.0,6781047.0,0.417915,0.494279,473038.0,6781047.0,0.417915,True,1.059148,1.076195,0.445384,1.068217,0.256581,0.161334,0.417915,0.014706,0.006546,0.021252,0.582277,0.228045,0.393834,0.053962,19.664747,0.417915,0.348695,0.299147,0.417915,0.417915,0.417915,0.494845,0.494845,0.303465,0.19138,0.017393,0.00919,0.026582,0.582277,0.285211,0.428122,0.062091,18.615565
1961,niveles condicionados a supuestos; no es predicción. Ā: EPH asalariados (cota inferior). ρ post-2023 y natalidad >=2025: supuestos/escenarios,2026,476259.0,0.475069,1.003668,15.167224,0.507429,0.403,0.2177,0.507429,0.403,0.510524,0.718617,0.843736,0.804988,0.76108,17.550502,24.840579,20.909035,18.993005,9,11.364273,12.025252,9,5852723.0,6904530.0,0.43452,0.512608,476259.0,6904530.0,0.43452,True,1.051878,1.07209,0.460596,1.062582,0.259639,0.174881,0.43452,0.014794,0.00704,0.021834,0.584598,0.247134,0.405888,0.053793,19.901112,0.43452,0.36255,0.311033,0.43452,0.43452,0.43452,0.514582,0.514582,0.306299,0.208283,0.017452,0.009961,0.027414,0.584598,0.31068,0.442752,0.061917,18.770895
1962,niveles condicionados a supuestos; no es predicción. Ā: EPH asalariados (cota inferior). ρ post-2023 y natalidad >=2025: supuestos/escenarios,2027,490414.0,0.481618,1.017503,14.433445,0.489536,0.403,0.2177,0.489536,0.403,0.510524,0.722396,0.845127,0.807764,0.764357,17.651693,24.958717,20.99058,18.468496,9,10.450453,11.049123,9,5970321.0,7025472.0,0.419856,0.494059,490414.0,7025472.0,0.419856,True,1.025235,1.041069,0.433033,1.033606,0.25684,0.163016,0.419856,0.01455,0.006531,0.021082,0.565195,0.226186,0.385971,0.05462,19.915494,0.419856,0.350315,0.300537,0.419856,0.419856,0.419856,0.496081,0.496081,0.302233,0.193849,0.017122,0.009235,0.026357,0.565195,0.284352,0.419889,0.062771,18.821578
1963,niveles condicionados a supuestos; no es predicción. Ā: EPH asalariados (cota inferior). ρ post-2023 y natalidad >=2025: supuestos/escenarios,2028,491109.0,0.472956,0.999204,14.678798,0.488904,0.403,0.2177,0.488904,0.403,0.510284,0.72148,0.845847,0.808988,0.764467,17.751308,25.048532,21.069011,18.992852,9,10.535496,11.14047,9,6089155.0,7148789.0,0.421446,0.494786,491109.0,7148789.0,0.421446,True,1.042231,1.050925,0.440652,1.046834,0.259493,0.161953,0.421446,0.014618,0.006466,0.021084,0.577981,0.227209,0.392269,0.053748,19.989082,0.421446,0.351641,0.301674,0.421446,0.421446,0.421446,0.496943,0.496943,0.304649,0.192293,0.017162,0.009127,0.026289,0.577981,0.285636,0.426451,0.061646,18.903129
1964,niveles condicionados a supuestos; no es predicción. Ā: EPH asalariados (cota inferior). ρ post-2023 y natalidad >=2025: supuestos/escenarios,2029,496256.0,0.462899,0.977956,14.983458,0.488439,0.403,0.2177,0.488439,0.403,0.510284,0.709152,0.838208,0.802187,0.754758,17.853346,25.137911,21.147656,18.93218,9,11.07056,11.709758,9,6206816.0,7274472.0,0.419935,0.492169,496256.0,7274472.0,0.419935,True,1.058377,1.057293,0.444268,1.057801,0.25247,0.167465,0.419935,0.014141,0.006662,0.020803,0.572841,0.2379,0.394829,0.052689,20.186097,0.419935,0.35038,0.300593,0.419935,0.419935,0.419935,0.49458,0.49458,0.295898,0.198682,0.016574,0.009395,0.025969,0.572841,0.299116,0.430361,0.060342,19.045159
1965,niveles condicionados a supuestos; no es predicción. Ā: EPH asalariados (cota inferior). ρ post-2023 y natalidad >=2025: supuestos/escenarios,2030,481814.0,0.45073,0.952246,15.037262,0.477305,0.403,0.2177,0.477305,0.403,0.510284,0.729541,0.849705,0.813691,0.770917,17.956452,25.229083,21.228367,19.128535,9,10.862153,11.49159,9,6321396.0,7402714.0,0.409288,0.4793,481814.0,7402714.0,0.409288,True,1.063722,1.076899,0.437463,1.070677,0.250372,0.158917,0.409288,0.013943,0.006299,0.020242,0.575459,0.232578,0.394485,0.051313,20.219542,0.409288,0.341497,0.292972,0.409288,0.409288,0.409288,0.481739,0.481739,0.293199,0.18854,0.016328,0.008882,0.02521,0.575459,0.292427,0.429132,0.058746,19.109157
1966,niveles condicionados a supuestos; no es predicción. Ā: EPH asalariados (cota inferior). ρ post-2023 y natalidad >=2025: supuestos/escenarios,2031,478617.0,0.443219,0.936377,14.875159,0.464292,0.403,0.2177,0.464292,0.403,0.510044,0.735183,0.85383,0.818186,0.776004,18.06342,25.324095,21.311787,18.65326,9,11.033731,11.677014,9,6428003.0,7530149.0,0.398643,0.466994,478617.0,7530149.0,0.398643,True,1.054835,1.068462,0.422662,1.062021,0.240157,0.158485,0.398643,0.013295,0.006258,0.019554,0.557838,0.235365,0.387788,0.050423,20.387264,0.398643,0.332615,0.285352,0.398643,0.398643,0.398643,0.469616,0.469616,0.281335,0.188281,0.015575,0.008835,0.024409,0.557838,0.295982,0.422539,0.057768,19.239114
1967,niveles condicionados a supuestos; no es predicción. Ā: EPH asalariados (cota inferior). ρ post-2023 y natalidad >=2025: supuestos/escenarios,2032,478692.0,0.438588,0.926595,15.427587,0.476504,0.403,0.2177,0.476504,0.403,0.509804,0.74039,0.856215,0.820987,0.780086,18.169061,25.418048,21.394929,19.875479,9,10.936649,11.574268,9,6531054.0,7661194.0,0.408153,0.47878,478692.0,7661194.0,0.408153,True,1.049755,1.066146,0.431,1.058385,0.253218,0.154935,0.408153,0.013937,0.006095,0.020032,0.590933,0.232432,0.40218,0.049809,20.374809,0.408153,0.34055,0.292159,0.408153,0.408153,0.408153,0.481462,0.481462,0.297035,0.184428,0.016348,0.00862,0.024969,0.590933,0.292238,0.4368,0.057162,19.282762
1968,niveles condicionados a supuestos; no es predicción. Ā: EPH asalariados (cota inferior). ρ post-2023 y natalidad >=2025: supuestos/escenarios,2033,493353.0,0.445102,0.940356,15.237487,0.477622,0.403,0.2177,0.477622,0.403,0.509323,0.739516,0.85785,0.823049,0.780628,18.273323,25.507862,21.47425,19.387501,9,11.032137,11.677315,9,6637185.0,7797522.0,0.408301,0.479681,493353.0,7797522.0,0.408301,True,1.04032,1.049817,0.42627,1.045332,0.249584,0.158716,0.408301,0.013658,0.006222,0.019881,0.573136,0.233636,0.393963,0.050463,20.53759,0.408301,0.340673,0.292265,0.408301,0.408301,0.408301,0.482579,0.482579,0.293218,0.189362,0.016046,0.008818,0.024864,0.573136,0.29375,0.428575,0.058016,19.408526
1969,niveles condicionados a supuestos; no es predicción. Ā: EPH asalariados (cota inferior). ρ post-2023 y natalidad >=2025: supuestos/escenarios,2034,580699.0,0.511237,1.080079,14.814437,0.533359,0.403,0.2177,0.533359,0.403,0.508841,0.731632,0.853135,0.819042,0.774585,18.37827,25.598537,21.553653,18.829281,9,10.865352,11.497188,9,6749001.0,7941677.0,0.456722,0.537433,580699.0,7941677.0,0.456722,True,0.91639,0.917069,0.418657,0.91675,0.276886,0.179836,0.456722,0.015066,0.007025,0.022091,0.553455,0.229288,0.381798,0.057861,20.674393,0.456722,0.381074,0.326925,0.456722,0.456722,0.456722,0.54079,0.54079,0.325817,0.214973,0.017728,0.009974,0.027702,0.553455,0.288154,0.415667,0.066645,19.52153
1970,niveles condicionados a supuestos; no es predicción. Ā: EPH asalariados (cota inferior). ρ post-2023 y natalidad >=2025: supuestos/escenarios,2035,516025.0,0.453053,0.957154,15.394687,0.491169,0.403,0.2177,0.491169,0.403,0.509082,0.746268,0.861044,0.827147,0.786101,18.485091,25.69126,21.635362,18.256526,9,12.185998,12.916114,9,6868184.0,8095543.0,0.416192,0.490566,516025.0,8095543.0,0.416192,True,1.039247,1.051486,0.434697,1.045693,0.238824,0.177367,0.416192,0.01292,0.006904,0.019824,0.533519,0.256229,0.387483,0.05116,20.994717,0.416192,0.347257,0.297913,0.416192,0.416192,0.416192,0.494369,0.494369,0.281503,0.212866,0.015229,0.009839,0.025067,0.533519,0.322494,0.424496,0.059052,19.72155
1971,niveles condicionados a supuestos; no es predicción. Ā: EPH asalariados (cota inferior). ρ post-2023 y natalidad >=2025: supuestos/escenarios,2036,571733.0,0.4968,1.049579,15.229896,0.532832,0.403,0.2177,0.532832,0.403,0.509804,0.754014,0.865073,0.83156,0.792217,18.592469,25.78588,21.718139,18.19728,9,11.802064,12.506045,9,6993544.0,8257113.0,0.448839,0.529934,571733.0,8257113.0,0.448839,True,0.951925,0.968205,0.430309,0.960464,0.261642,0.187197,0.448839,0.014072,0.00726,0.021332,0.528716,0.247246,0.381078,0.055978,21.040504,0.448839,0.374497,0.321283,0.448839,0.448839,0.448839,0.534044,0.534044,0.308914,0.22513,0.016615,0.010366,0.026981,0.528716,0.311065,0.416699,0.064749,19.793337
1972,niveles condicionados a supuestos; no es predicción. Ā: EPH asalariados (cota inferior). ρ post-2023 y natalidad >=2025: supuestos/escenarios,2037,587110.0,0.502772,1.062195,15.973199,0.565555,0.403,0.2177,0.565555,0.403,0.510284,0.758149,0.867907,0.834807,0.795877,18.700322,25.881176,21.802142,18.945825,9,12.446885,13.19993,9,7129115.0,8429537.0,0.474815,0.561426,587110.0,8429537.0,0.474815,True,0.954388,0.971078,0.456479,0.963125,0.275772,0.199043,0.474815,0.014747,0.007691,0.022438,0.54729,0.259795,0.396787,0.056548,21.16162,0.474815,0.39617,0.339876,0.474815,0.474815,0.474815,0.566146,0.566146,0.326075,0.240071,0.017437,0.011011,0.028448,0.54729,0.327059,0.434137,0.065528,19.900931
1973,niveles condicionados a supuestos; no es predicción. Ā: EPH asalariados (cota inferior). ρ post-2023 y natalidad >=2025: supuestos/escenarios,2038,604141.0,0.509231,1.07584,15.951018,0.572025,0.403,0.2177,0.572025,0.403,0.511002,0.761757,0.870615,0.837892,0.79916,18.806771,25.97248,21.883144,18.888793,9,12.434299,13.187851,9,7272757.0,8611803.0,0.479248,0.567486,604141.0,8611803.0,0.479248,True,0.951083,0.965762,0.458749,0.958751,0.278638,0.20061,0.479248,0.014816,0.007724,0.02254,0.542554,0.25862,0.394234,0.057174,21.262315,0.479248,0.399869,0.34305,0.479248,0.479248,0.479248,0.572413,0.572413,0.329941,0.242472,0.017544,0.01108,0.028624,0.542554,0.32555,0.431273,0.066371,19.997629
1974,niveles condicionados a supuestos; no es predicción. Ā: EPH asalariados (cota inferior). ρ post-2023 y natalidad >=2025: supuestos/escenarios,2039,623622.0,0.513641,1.085156,16.263088,0.588266,0.403,0.2177,0.588266,0.403,0.51148,0.759911,0.868784,0.836601,0.797483,18.915099,26.064354,21.964884,18.988915,9,12.965027,13.758057,9,7427203.0,8801904.0,0.493085,0.58435,623622.0,8801904.0,0.493085,True,0.956548,0.966048,0.47366,0.961507,0.282482,0.210603,0.493085,0.014934,0.00808,0.023014,0.542307,0.268708,0.399494,0.057609,21.425142,0.493085,0.411415,0.352954,0.493085,0.493085,0.493085,0.589805,0.589805,0.334766,0.255039,0.017698,0.011611,0.02931,0.542307,0.338362,0.437775,0.066951,20.123296
1975,niveles condicionados a supuestos; no es predicción. Ā: EPH asalariados (cota inferior). ρ post-2023 y natalidad >=2025: supuestos/escenarios,2040,659013.0,0.536367,1.133169,15.941129,0.602133,0.403,0.2177,0.602133,0.403,0.511957,0.770296,0.874737,0.842805,0.805796,19.024763,26.157605,22.048066,18.034707,9,13.125169,13.933544,9,7594496.0,8999652.0,0.502981,0.596044,659013.0,8999652.0,0.502981,True,0.929133,0.939202,0.469568,0.934367,0.281334,0.221647,0.502981,0.014788,0.008474,0.023261,0.512086,0.271057,0.386795,0.060139,21.623084,0.502981,0.419672,0.360038,0.502981,0.502981,0.502981,0.602042,0.602042,0.333387,0.268655,0.017524,0.012185,0.029709,0.512086,0.341385,0.424938,0.069913,20.26476
1976,niveles condicionados a supuestos; no es predicción. Ā: EPH asalariados (cota inferior). ρ post-2023 y natalidad >=2025: supuestos/escenarios,2041,656768.0,0.525372,1.10994,16.239479,0.600828,0.403,0.2177,0.600828,0.403,0.512433,0.775773,0.878393,0.846835,0.810505,19.131824,26.252156,22.131494,18.82716,9,12.913346,13.70744,9,7772180.0,9202556.0,0.50176,0.594103,656768.0,9202556.0,0.50176,True,0.956742,0.964179,0.481641,0.960599,0.288545,0.213216,0.50176,0.015082,0.008122,0.023204,0.531596,0.265722,0.39371,0.058936,21.624098,0.50176,0.418653,0.359164,0.50176,0.50176,0.50176,0.6,0.6,0.341648,0.258352,0.017858,0.011674,0.029531,0.531596,0.334579,0.431221,0.068482,20.31758
1977,niveles condicionados a supuestos; no es predicción. Ā: EPH asalariados (cota inferior). ρ post-2023 y natalidad >=2025: supuestos/escenarios,2042,649967.0,0.509536,1.076485,16.263999,0.583598,0.403,0.2177,0.583598,0.403,0.512908,0.780034,0.880056,0.848892,0.813659,19.241957,26.347391,22.21711,18.597377,9,13.206346,14.024029,9,7961601.0,9409658.0,0.488875,0.577792,649967.0,9409658.0,0.488875,True,0.994138,1.002824,0.487844,0.998631,0.277636,0.211239,0.488875,0.014429,0.008017,0.022446,0.522103,0.270769,0.392102,0.057246,21.779925,0.488875,0.407902,0.349941,0.488875,0.488875,0.488875,0.583862,0.583862,0.328132,0.255729,0.017053,0.01151,0.028563,0.522103,0.340988,0.430053,0.066418,20.440882
1978,niveles condicionados a supuestos; no es predicción. Ā: EPH asalariados (cota inferior). ρ post-2023 y natalidad >=2025: supuestos/escenarios,2043,665623.0,0.511101,1.07979,16.039934,0.577326,0.403,0.2177,0.577326,0.403,0.513382,0.783497,0.882996,0.852219,0.817019,19.348559,26.440957,22.299889,18.615908,9,12.721062,13.503057,9,8161983.0,9620267.0,0.484168,0.570674,665623.0,9620267.0,0.484168,True,0.997387,1.004497,0.484356,1.001059,0.27987,0.204298,0.484168,0.014465,0.007727,0.022191,0.519743,0.259896,0.385533,0.05756,21.818003,0.484168,0.403975,0.346572,0.484168,0.484168,0.484168,0.576567,0.576567,0.329874,0.246693,0.017049,0.011063,0.028112,0.519743,0.327102,0.421952,0.066623,20.509975
1979,niveles condicionados a supuestos; no es predicción. Ā: EPH asalariados (cota inferior). ρ post-2023 y natalidad >=2025: supuestos/escenarios,2044,701911.0,0.525551,1.110319,16.549891,0.612522,0.403,0.2177,0.612522,0.403,0.512433,0.782808,0.882515,0.852227,0.816644,19.457795,26.534413,22.383038,18.707745,9,13.44411,14.282004,9,8366459.0,9829786.0,0.512612,0.60227,701911.0,9829786.0,0.512612,True,0.966913,0.965552,0.495348,0.966209,0.289471,0.223141,0.512612,0.014877,0.00841,0.023286,0.519375,0.273701,0.392231,0.059369,22.013405,0.512612,0.427708,0.366932,0.512612,0.512612,0.512612,0.609051,0.609051,0.3401,0.268951,0.017479,0.012016,0.029495,0.519375,0.344686,0.430492,0.068514,20.649507
1980,niveles condicionados a supuestos; no es predicción. Ā: EPH asalariados (cota inferior). ρ post-2023 y natalidad >=2025: supuestos/escenarios,2045,697461.0,0.513357,1.084557,16.164768,0.584387,0.403,0.2177,0.584387,0.403,0.511719,0.789513,0.887089,0.857102,0.822487,19.568236,26.629529,22.468208,18.105336,9,13.425826,14.264762,9,8571786.0,10038476.0,0.492803,0.577125,697461.0,10038476.0,0.492803,True,0.976151,0.976169,0.481054,0.97616,0.274538,0.218265,0.492803,0.01403,0.008196,0.022226,0.499814,0.272352,0.382124,0.058165,22.172233,0.492803,0.411179,0.352752,0.492803,0.492803,0.492803,0.583917,0.583917,0.321514,0.262403,0.01643,0.011679,0.028109,0.499814,0.342965,0.420007,0.066926,20.77312
1981,niveles condicionados a supuestos; no es predicción. Ā: EPH asalariados (cota inferior). ρ post-2023 y natalidad >=2025: supuestos/escenarios,2046,680292.0,0.491988,1.039411,16.689946,0.578257,0.403,0.2177,0.578257,0.403,0.511241,0.795163,0.890546,0.860886,0.827265,19.674926,26.723942,22.553084,18.362673,9,14.148341,15.046814,9,8774592.0,10242490.0,0.488784,0.570552,680292.0,10242490.0,0.488784,True,0.999171,1.001658,0.488928,1.000457,0.267831,0.220953,0.488784,0.013613,0.008268,0.021881,0.504169,0.285995,0.391357,0.05591,22.338498,0.488784,0.407826,0.349875,0.488784,0.488784,0.488784,0.577796,0.577796,0.312636,0.265159,0.01589,0.011757,0.027647,0.504169,0.360406,0.43105,0.064139,20.898877
1982,niveles condicionados a supuestos; no es predicción. Ā: EPH asalariados (cota inferior). ρ post-2023 y natalidad >=2025: supuestos/escenarios,2047,663429.0,0.471302,0.995708,16.083092,0.533802,0.403,0.2177,0.533802,0.403,0.510763,0.799557,0.893219,0.863927,0.831023,19.783797,26.819966,22.639181,18.051513,9,13.299828,14.132308,9,8973257.0,10445093.0,0.452356,0.526553,663429.0,10445093.0,0.452356,True,1.022123,1.024947,0.462926,1.023583,0.25294,0.199415,0.452356,0.012785,0.007435,0.020221,0.492898,0.267881,0.376582,0.053695,22.371076,0.452356,0.377431,0.3238,0.452356,0.452356,0.452356,0.532994,0.532994,0.294429,0.238565,0.014882,0.010538,0.02542,0.492898,0.337214,0.413719,0.061443,20.967478
1983,niveles condicionados a supuestos; no es predicción. Ā: EPH asalariados (cota inferior). ρ post-2023 y natalidad >=2025: supuestos/escenarios,2048,655876.0,0.457893,0.967379,16.070094,0.518196,0.403,0.2177,0.518196,0.403,0.51148,0.803175,0.895941,0.866987,0.834359,19.891125,26.914933,22.725032,18.220231,9,13.016387,13.828238,9,9167535.0,10645857.0,0.438711,0.509456,655876.0,10645857.0,0.438711,True,1.029038,1.036092,0.452788,1.032677,0.249108,0.189604,0.438711,0.012524,0.007045,0.019568,0.494821,0.261247,0.374334,0.052274,22.419707,0.438711,0.366047,0.314033,0.438711,0.438711,0.438711,0.51563,0.51563,0.289278,0.226352,0.014543,0.00996,0.024504,0.494821,0.328712,0.410499,0.059692,21.043082
1984,niveles condicionados a supuestos; no es predicción. Ā: EPH asalariados (cota inferior). ρ post-2023 y natalidad >=2025: supuestos/escenarios,2049,635323.0,0.434657,0.918289,16.21464,0.496324,0.403,0.2177,0.496324,0.403,0.511957,0.803402,0.895582,0.867068,0.83448,19.999139,27.009612,22.810404,17.378878,9,13.982233,14.870594,9,9356328.0,10847485.0,0.419512,0.486371,635323.0,10847485.0,0.419512,True,1.062791,1.067735,0.44681,1.065338,0.226155,0.193357,0.419512,0.011308,0.007159,0.018467,0.469422,0.279648,0.371652,0.049689,22.716768,0.419512,0.350028,0.30029,0.419512,0.419512,0.419512,0.493023,0.493023,0.262199,0.230825,0.01311,0.010119,0.02323,0.469422,0.352167,0.409962,0.056663,21.223772
1985,niveles condicionados a supuestos; no es predicción. Ā: EPH asalariados (cota inferior). ρ post-2023 y natalidad >=2025: supuestos/escenarios,2050,650873.0,0.438847,0.927141,16.357213,0.505515,0.403,0.2177,0.505515,0.403,0.512433,0.808832,0.898666,0.870507,0.838925,20.108707,27.105746,22.896517,18.000139,9,13.709726,14.578005,9,9544386.0,11049263.0,0.428555,0.496126,650873.0,11049263.0,0.428555,True,1.039876,1.045029,0.446629,1.042524,0.237404,0.191151,0.428555,0.011806,0.007052,0.018858,0.483554,0.273225,0.375468,0.050226,22.725281,0.428555,0.357573,0.306763,0.428555,0.428555,0.428555,0.502768,0.502768,0.274835,0.227933,0.013667,0.009955,0.023622,0.483554,0.343939,0.412918,0.057208,21.283541
1986,niveles condicionados a supuestos; no es predicción. Ā: EPH asalariados (cota inferior). ρ post-2023 y natalidad >=2025: supuestos/escenarios,2051,675388.0,0.448367,0.947254,16.304216,0.514808,0.403,0.2177,0.514808,0.403,0.512908,0.812347,0.900593,0.87283,0.841834,20.211902,27.201141,22.981755,17.961423,9,13.754782,14.627867,9,9727205.0,11252551.0,0.438285,0.507013,675388.0,11252551.0,0.438285,True,0.999554,1.004257,0.439009,1.001966,0.242648,0.195636,0.438285,0.012005,0.007192,0.019197,0.480051,0.273162,0.373944,0.051338,22.830379,0.438285,0.365691,0.313728,0.438285,0.438285,0.438285,0.513959,0.513959,0.280699,0.23326,0.013888,0.01015,0.024038,0.480051,0.343836,0.411256,0.058449,21.381464
1987,niveles condicionados a supuestos; no es predicción. Ā: EPH asalariados (cota inferior). ρ post-2023 y natalidad >=2025: supuestos/escenarios,2052,668136.0,0.436564,0.922318,15.834092,0.486802,0.403,0.2177,0.486802,0.403,0.512908,0.8154,0.90205,0.874685,0.844289,20.318133,27.297129,23.067918,17.455016,9,13.37787,14.221871,9,9911733.0,11457120.0,0.415141,0.479868,668136.0,11457120.0,0.415141,True,1.020917,1.024674,0.42452,1.022842,0.229971,0.18517,0.415141,0.011319,0.006784,0.018102,0.464077,0.264742,0.361951,0.050012,22.933426,0.415141,0.346381,0.297162,0.415141,0.415141,0.415141,0.486469,0.486469,0.265827,0.220642,0.013083,0.009565,0.022648,0.464077,0.333044,0.397953,0.056912,21.479438
1988,niveles condicionados a supuestos; no es predicción. Ā: EPH asalariados (cota inferior). ρ post-2023 y natalidad >=2025: supuestos/escenarios,2053,680605.0,0.437978,0.925307,15.903962,0.490535,0.403,0.2177,0.490535,0.403,0.513145,0.818726,0.903786,0.876782,0.847009,20.424681,27.393947,23.155721,17.185556,9,13.560811,14.420404,9,10096531.0,11661681.0,0.415752,0.480201,680605.0,11661681.0,0.415752,True,1.009277,1.013928,0.420483,1.011656,0.22763,0.188121,0.415752,0.011145,0.006867,0.018012,0.454529,0.267414,0.358808,0.0502,23.081768,0.415752,0.34689,0.297598,0.415752,0.415752,0.415752,0.48707,0.48707,0.262917,0.224153,0.012873,0.00968,0.022553,0.454529,0.336413,0.395001,0.057095,21.596917
1989,niveles condicionados a supuestos; no es predicción. Ā: EPH asalariados (cota inferior). ρ post-2023 y natalidad >=2025: supuestos/escenarios,2054,667058.0,0.42176,0.891041,15.587351,0.462966,0.403,0.2177,0.462966,0.403,0.513145,0.819895,0.904014,0.877408,0.847902,20.530884,27.490771,23.243685,16.70418,9,13.533083,14.390782,9,10286934.0,11869659.0,0.394176,0.454823,667058.0,11869659.0,0.394176,True,1.049485,1.052932,0.414305,1.051247,0.213355,0.180821,0.394176,0.010392,0.006578,0.016969,0.439512,0.265927,0.350764,0.048378,23.228611,0.394176,0.328888,0.282155,0.394176,0.394176,0.394176,0.461517,0.461517,0.246181,0.215336,0.011991,0.009264,0.021255,0.439512,0.334451,0.386582,0.054982,21.713292
1990,niveles condicionados a supuestos; no es predicción. Ā: EPH asalariados (cota inferior). ρ post-2023 y natalidad >=2025: supuestos/escenarios,2055,678644.0,0.422519,0.892646,15.398089,0.458168,0.403,0.2177,0.458168,0.403,0.513145,0.822763,0.905683,0.879423,0.850351,20.638916,27.587672,23.331982,16.711802,9,12.955341,13.768438,9,10476977.0,12076942.0,0.387585,0.446774,678644.0,12076942.0,0.387585,True,1.038114,1.041199,0.402892,1.03969,0.214179,0.173406,0.387585,0.010377,0.006286,0.016663,0.437411,0.253681,0.343551,0.048502,23.260118,0.387585,0.323388,0.277436,0.387585,0.387585,0.387585,0.453159,0.453159,0.246887,0.206273,0.011962,0.008841,0.020803,0.437411,0.318777,0.377678,0.055081,21.783405
1991,niveles condicionados a supuestos; no es predicción. Ā: EPH asalariados (cota inferior). ρ post-2023 y natalidad >=2025: supuestos/escenarios,2056,694776.0,0.425988,0.899975,14.688339,0.440638,0.403,0.2177,0.440638,0.403,0.513145,0.826079,0.907585,0.881677,0.853152,20.739629,27.682319,23.41755,16.103977,9,12.349344,13.116645,9,10673715.0,12282558.0,0.375335,0.431909,694776.0,12282558.0,0.375335,True,1.032137,1.035609,0.387976,1.033909,0.208595,0.16674,0.375335,0.010058,0.006023,0.016081,0.419455,0.240988,0.32837,0.048973,23.340079,0.375335,0.313168,0.268668,0.375335,0.375335,0.375335,0.438013,0.438013,0.240036,0.197977,0.011574,0.008454,0.020028,0.419455,0.302576,0.360649,0.055533,21.870031
1992,niveles condicionados a supuestos; no es predicción. Ā: EPH asalariados (cota inferior). ρ post-2023 y natalidad >=2025: supuestos/escenarios,2057,678761.0,0.40985,0.865881,14.631897,0.422316,0.403,0.2177,0.422316,0.403,0.513145,0.829,0.909305,0.883764,0.855669,20.842195,27.778825,23.504709,16.311787,9,12.141309,12.893684,9,10870239.0,12481550.0,0.361742,0.415363,678761.0,12481550.0,0.361742,True,1.063946,1.067597,0.38545,1.065808,0.203844,0.157898,0.361742,0.00978,0.005684,0.015464,0.422777,0.236105,0.327581,0.047208,23.391819,0.361742,0.301826,0.258938,0.361742,0.361742,0.361742,0.42119,0.42119,0.23406,0.18713,0.01123,0.007961,0.019191,0.422777,0.29633,0.359194,0.053429,21.946711
1993,niveles condicionados a supuestos; no es predicción. Ā: EPH asalariados (cota inferior). ρ post-2023 y natalidad >=2025: supuestos/escenarios,2058,667518.0,0.397218,0.839193,13.577572,0.379807,0.403,0.2177,0.379807,0.403,0.513145,0.832297,0.911189,0.885995,0.858452,20.946975,27.877145,23.594148,14.80837,9,11.567534,12.277689,9,11066020.0,12674294.0,0.325932,0.373301,667518.0,12674294.0,0.325932,True,1.087552,1.092093,0.355131,1.089866,0.179936,0.145996,0.325932,0.00859,0.005237,0.013827,0.381891,0.224154,0.301525,0.045858,23.571812,0.325932,0.271948,0.233305,0.325932,0.325932,0.325932,0.37866,0.37866,0.206087,0.172573,0.009839,0.007314,0.017153,0.381891,0.281103,0.331247,0.051782,22.075775
1994,niveles condicionados a supuestos; no es predicción. Ā: EPH asalariados (cota inferior). ρ post-2023 y natalidad >=2025: supuestos/escenarios,2059,673787.0,0.39468,0.833832,14.002376,0.389187,0.403,0.2177,0.389187,0.403,0.513382,0.834322,0.911831,0.887023,0.859992,21.050061,27.975221,23.68315,14.892593,9,12.315515,13.082641,9,11261942.0,12864163.0,0.335098,0.382772,673787.0,12864163.0,0.335098,True,1.086267,1.092558,0.364979,1.089468,0.180484,0.154614,0.335098,0.008574,0.005527,0.014101,0.382182,0.237811,0.308723,0.045675,23.764373,0.335098,0.279596,0.239866,0.335098,0.335098,0.335098,0.388669,0.388669,0.206161,0.182508,0.009794,0.007706,0.0175,0.382182,0.298407,0.340133,0.051451,22.209551
1995,niveles condicionados a supuestos; no es predicción. Ā: EPH asalariados (cota inferior). ρ post-2023 y natalidad >=2025: supuestos/escenarios,2060,658735.0,0.380345,0.803547,14.02539,0.375669,0.403,0.2177,0.375669,0.403,0.513382,0.837034,0.913404,0.888953,0.862322,21.153946,28.073704,23.772644,14.367619,9,12.865621,13.676241,9,11456284.0,13053652.0,0.324195,0.369398,658735.0,13053652.0,0.324195,True,1.117828,1.122862,0.363179,1.120387,0.168306,0.155888,0.324195,0.007956,0.005553,0.013509,0.366899,0.247562,0.306223,0.044115,23.998268,0.324195,0.270498,0.232061,0.324195,0.324195,0.324195,0.375535,0.375535,0.191774,0.183761,0.009066,0.00773,0.016796,0.366899,0.310773,0.338743,0.049582,22.359168
1996,niveles condicionados a supuestos; no es predicción. Ā: EPH asalariados (cota inferior). ρ post-2023 y natalidad >=2025: supuestos/escenarios,2061,675437.0,0.385065,0.813518,13.523356,0.366717,0.403,0.2177,0.366717,0.403,0.513145,0.840326,0.915292,0.89119,0.865098,21.251802,28.168358,23.858162,14.089008,9,12.130635,12.885484,9,11640120.0,13233694.0,0.316543,0.359879,675437.0,13233694.0,0.316543,True,1.081002,1.085368,0.342835,1.083221,0.167504,0.149039,0.316543,0.007882,0.005291,0.013173,0.358128,0.232635,0.294351,0.044752,24.029898,0.316543,0.264114,0.226584,0.316543,0.316543,0.316543,0.365683,0.365683,0.190436,0.175247,0.008961,0.007345,0.016306,0.358128,0.291754,0.324839,0.050198,22.425868
1997,niveles condicionados a supuestos; no es predicción. Ā: EPH asalariados (cota inferior). ρ post-2023 y natalidad >=2025: supuestos/escenarios,2062,692357.0,0.390303,0.824585,13.093335,0.359885,0.403,0.2177,0.359885,0.403,0.513145,0.843453,0.917578,0.893806,0.867966,21.35139,28.266648,23.947607,13.327505,9,12.124799,12.880356,9,11810608.0,13401511.0,0.312146,0.354193,692357.0,13401511.0,0.312146,True,1.040717,1.044667,0.325453,1.042723,0.160983,0.151163,0.312146,0.00754,0.005348,0.012887,0.337191,0.231715,0.283619,0.045439,24.220939,0.312146,0.260445,0.223437,0.312146,0.312146,0.312146,0.360161,0.360161,0.182667,0.177493,0.008555,0.007412,0.015967,0.337191,0.290549,0.313807,0.050882,22.556528
1998,niveles condicionados a supuestos; no es predicción. Ā: EPH asalariados (cota inferior). ρ post-2023 y natalidad >=2025: supuestos/escenarios,2063,683301.0,0.381356,0.805682,13.669186,0.367101,0.403,0.2177,0.367101,0.403,0.513382,0.84709,0.919343,0.895913,0.870862,21.453766,28.364986,24.037123,14.309267,9,12.218047,12.981674,9,11969400.0,13560150.0,0.318179,0.360465,683301.0,13560150.0,0.318179,True,1.042067,1.047284,0.33234,1.044713,0.16939,0.148788,0.318179,0.007896,0.005245,0.013141,0.360302,0.232687,0.295592,0.044457,24.212498,0.318179,0.265478,0.227755,0.318179,0.318179,0.318179,0.366436,0.366436,0.191903,0.174533,0.008945,0.007261,0.016206,0.360302,0.291744,0.32598,0.049714,22.611227
1999,niveles condicionados a supuestos; no es predicción. Ā: EPH asalariados (cota inferior). ρ post-2023 y natalidad >=2025: supuestos/escenarios,2064,686748.0,0.379351,0.801447,13.294534,0.355162,0.403,0.2177,0.355162,0.403,0.513382,0.850025,0.920217,0.897132,0.872967,21.553745,28.464214,24.128093,14.206344,9,11.510966,12.221537,9,12122581.0,13711755.0,0.30719,0.34746,686748.0,13711755.0,0.30719,True,1.0368,1.041475,0.319147,1.039168,0.167731,0.139459,0.30719,0.007782,0.004899,0.012681,0.356052,0.218457,0.286367,0.044284,24.2236,0.30719,0.25631,0.219889,0.30719,0.30719,0.30719,0.352996,0.352996,0.189719,0.163277,0.008802,0.006767,0.015569,0.356052,0.273625,0.31483,0.049453,22.672675
2000,niveles condicionados a supuestos; no es predicción. Ā: EPH asalariados (cota inferior). ρ post-2023 y natalidad >=2025: supuestos/escenarios,2065,701878.0,0.384008,0.811285,13.240154,0.358051,0.403,0.2177,0.358051,0.403,0.513382,0.853205,0.921933,0.899189,0.875599,21.653696,28.561247,24.216265,13.599055,8,12.162307,12.923107,8,12276318.0,13862353.0,0.312161,0.352491,701878.0,13862353.0,0.312161,True,1.022744,1.027413,0.319958,1.025106,0.162922,0.149239,0.312161,0.007524,0.005225,0.012749,0.339258,0.230034,0.283993,0.044893,24.484728,0.312161,0.260457,0.223448,0.312161,0.312161,0.312161,0.358615,0.358615,0.183971,0.174644,0.008496,0.007212,0.015708,0.339258,0.288279,0.313782,0.05006,22.830227
2001,niveles condicionados a supuestos; no es predicción. Ā: EPH asalariados (cota inferior). ρ post-2023 y natalidad >=2025: supuestos/escenarios,2066,683495.0,0.370397,0.782529,13.31951,0.34743,0.403,0.2177,0.34743,0.403,0.513145,0.855231,0.923591,0.901172,0.877592,21.748165,28.654584,24.301127,13.48487,7,12.482878,13.269312,7,12422308.0,14009779.0,0.303894,0.342729,683495.0,14009779.0,0.303894,True,1.0466,1.049383,0.318467,1.048009,0.155965,0.147928,0.303894,0.007171,0.005162,0.012334,0.334948,0.235328,0.284533,0.043348,24.638912,0.303894,0.253559,0.217529,0.303894,0.303894,0.303894,0.348935,0.348935,0.175896,0.173038,0.008088,0.007121,0.015208,0.334948,0.294968,0.314961,0.048287,22.94346
2002,niveles condicionados a supuestos; no es predicción. Ā: EPH asalariados (cota inferior). ρ post-2023 y natalidad >=2025: supuestos/escenarios,2067,694684.0,0.373532,0.789153,13.966196,0.367382,0.403,0.2177,0.367382,0.403,0.513145,0.858716,0.925057,0.90298,0.880267,21.843627,28.75169,24.389489,13.329337,6,14.020402,14.930681,6,12557845.0,14149833.0,0.323234,0.364211,694684.0,14149833.0,0.323234,True,1.019272,1.023276,0.330134,1.021296,0.155771,0.167463,0.323234,0.007131,0.005824,0.012956,0.329638,0.263421,0.296168,0.043744,24.94927,0.323234,0.269696,0.231374,0.323234,0.323234,0.323234,0.371666,0.371666,0.175519,0.196147,0.008035,0.008042,0.016078,0.329638,0.330697,0.330167,0.048695,23.117116
2003,niveles condicionados a supuestos; no es predicción. Ā: EPH asalariados (cota inferior). ρ post-2023 y natalidad >=2025: supuestos/escenarios,2068,697952.0,0.372597,0.787177,14.36061,0.376812,0.403,0.2177,0.376812,0.403,0.513382,0.861872,0.926959,0.905208,0.882965,21.941479,28.848624,24.477756,14.363762,5,13.688948,14.573235,5,12687363.0,14284272.0,0.330736,0.372364,697952.0,14284272.0,0.330736,True,1.011637,1.015667,0.335241,1.013671,0.167754,0.162982,0.330736,0.007646,0.00565,0.013295,0.353635,0.256329,0.304514,0.04366,24.876576,0.330736,0.275955,0.236743,0.330736,0.330736,0.330736,0.379634,0.379634,0.188868,0.190766,0.008608,0.007793,0.016401,0.353635,0.321616,0.337662,0.048573,23.146649
2004,niveles condicionados a supuestos; no es predicción. Ā: EPH asalariados (cota inferior). ρ post-2023 y natalidad >=2025: supuestos/escenarios,2069,736261.0,0.390122,0.824201,15.485414,0.425437,0.403,0.2177,0.425437,0.403,0.513619,0.864216,0.927873,0.906462,0.884769,22.034409,28.940117,24.560742,15.088847,4,15.116,16.120311,4,12808639.0,14424818.0,0.372764,0.419799,736261.0,14424818.0,0.372764,True,0.954081,0.958466,0.356472,0.956292,0.184669,0.188095,0.372764,0.008381,0.006499,0.01488,0.36992,0.282156,0.325674,0.045691,25.050683,0.372764,0.311023,0.266827,0.372764,0.372764,0.372764,0.42866,0.42866,0.20797,0.22069,0.009438,0.008985,0.018424,0.36992,0.354556,0.362264,0.050858,23.266519
2005,niveles condicionados a supuestos; no es predicción. Ā: EPH asalariados (cota inferior). ρ post-2023 y natalidad >=2025: supuestos/escenarios,2070,712220.0,0.374814,0.791861,15.117102,0.399021,0.403,0.2177,0.399021,0.403,0.514327,0.867066,0.929033,0.907944,0.886942,22.127617,29.030508,24.642885,15.298902,3,14.027393,14.940823,3,12928119.0,14561922.0,0.347486,0.391399,712220.0,14561922.0,0.347486,True,0.989069,0.995967,0.344841,0.992538,0.180261,0.167225,0.347486,0.008146,0.00576,0.013907,0.37349,0.261021,0.316927,0.04388,24.986867,0.347486,0.289931,0.248733,0.347486,0.347486,0.347486,0.399111,0.399111,0.203041,0.196069,0.009176,0.007956,0.017132,0.37349,0.327519,0.350634,0.048861,23.295731
2006,niveles condicionados a supuestos; no es predicción. Ā: EPH asalariados (cota inferior). ρ post-2023 y natalidad >=2025: supuestos/escenarios,2071,696451.0,0.363915,0.768835,14.462068,0.370631,0.403,0.2177,0.370631,0.403,0.515034,0.869257,0.930718,0.909923,0.889006,22.216366,29.118038,24.722549,14.327732,2,13.8708,14.77235,2,13050797.0,14704180.0,0.324311,0.365397,696451.0,14704180.0,0.324311,True,1.023079,1.029554,0.332833,1.02633,0.164121,0.160189,0.324311,0.007387,0.005501,0.012889,0.348384,0.257331,0.302672,0.042583,25.162241,0.324311,0.270595,0.232144,0.324311,0.324311,0.324311,0.372833,0.372833,0.184913,0.18792,0.008323,0.007601,0.015924,0.348384,0.322782,0.335675,0.04744,23.412631
2007,niveles condicionados a supuestos; no es predicción. Ā: EPH asalariados (cota inferior). ρ post-2023 y natalidad >=2025: supuestos/escenarios,2072,700792.0,0.363598,0.768165,14.468697,0.370478,0.403,0.2177,0.370478,0.403,0.515269,0.871556,0.931869,0.911389,0.890888,22.305328,29.208103,24.804517,14.335407,1,13.875081,14.777733,1,13171414.0,14844931.0,0.324003,0.36517,700792.0,14844931.0,0.324003,True,1.020721,1.024856,0.331377,1.022794,0.164174,0.159829,0.324003,0.00736,0.005472,0.012832,0.34718,0.256617,0.301767,0.042524,25.248863,0.324003,0.270338,0.231924,0.324003,0.324003,0.324003,0.372672,0.372672,0.185033,0.187639,0.008295,0.007565,0.01586,0.34718,0.321833,0.33461,0.047399,23.497347
2008,niveles condicionados a supuestos; no es predicción. Ā: EPH asalariados (cota inferior). ρ post-2023 y natalidad >=2025: supuestos/escenarios,2073,746460.0,0.38488,0.813127,14.476828,0.392383,0.403,0.2177,0.392383,0.403,0.515034,0.874174,0.933551,0.913397,0.893199,22.395184,29.298158,24.885769,14.344129,0,13.880935,14.785093,0,13288344.0,14972656.0,0.343178,0.386676,746460.0,14972656.0,0.343178,True,0.958673,0.960113,0.329239,0.959395,0.173928,0.16925,0.343178,0.007766,0.005777,0.013543,0.345997,0.255936,0.300842,0.045017,25.339649,0.343178,0.286337,0.24565,0.343178,0.343178,0.343178,0.394713,0.394713,0.195973,0.198739,0.008751,0.007986,0.016737,0.345997,0.320942,0.333572,0.050174,23.583586
2009,niveles condicionados a supuestos; no es predicción. Ā: EPH asalariados (cota inferior). ρ post-2023 y natalidad >=2025: supuestos/escenarios,2074,745336.0,0.381055,0.805045,14.482712,0.388641,0.403,0.2177,0.388641,0.403,0.514799,0.876353,0.934367,0.914536,0.894873,22.477095,29.376229,24.955379,14.351381,0,13.884252,14.789263,0,13426663.0,15116837.0,0.340098,0.38291,745336.0,15116837.0,0.340098,True,0.996937,0.99909,0.339417,0.998016,0.172447,0.167651,0.340098,0.007672,0.005707,0.013379,0.344911,0.255317,0.300004,0.044596,25.420004,0.340098,0.283767,0.243445,0.340098,0.340098,0.340098,0.390946,0.390946,0.194155,0.196792,0.008638,0.007886,0.016524,0.344911,0.320137,0.332626,0.049676,23.659832
2010,niveles condicionados a supuestos; no es predicción. Ā: EPH asalariados (cota inferior). ρ post-2023 y natalidad >=2025: supuestos/escenarios,2075,756176.0,0.383531,0.810276,14.488785,0.39133,0.403,0.2177,0.39133,0.403,0.514799,0.878648,0.935156,0.915659,0.896604,22.55791,29.453123,25.02346,14.359004,0,13.887518,14.793372,0,13560172.0,15267003.0,0.342378,0.385473,756176.0,15267003.0,0.342378,True,0.980609,0.983907,0.336295,0.982261,0.17378,0.168598,0.342378,0.007704,0.005724,0.013428,0.343858,0.25471,0.299215,0.044878,25.497305,0.342378,0.285669,0.245077,0.342378,0.342378,0.342378,0.393639,0.393639,0.195653,0.197986,0.008673,0.007912,0.016585,0.343858,0.319355,0.331716,0.049999,23.734092
2011,niveles condicionados a supuestos; no es predicción. Ā: EPH asalariados (cota inferior). ρ post-2023 y natalidad >=2025: supuestos/escenarios,2076,758042.0,0.381468,0.805918,14.496628,0.389436,0.403,0.2177,0.389436,0.403,0.515034,0.881201,0.936751,0.917559,0.898841,22.634207,29.528063,25.089864,14.367473,0,13.893042,14.800319,0,13701248.0,15416645.0,0.340845,0.383518,758042.0,15416645.0,0.340845,True,0.992809,0.996328,0.338983,0.994569,0.1732,0.167645,0.340845,0.007652,0.005677,0.01333,0.342901,0.254165,0.298511,0.044654,25.570501,0.340845,0.28439,0.243979,0.340845,0.340845,0.340845,0.39172,0.39172,0.194885,0.196835,0.00861,0.007845,0.016455,0.342901,0.318659,0.330899,0.049729,23.804957
2012,niveles condicionados a supuestos; no es predicción. Ā: EPH asalariados (cota inferior). ρ post-2023 y natalidad >=2025: supuestos/escenarios,2077,738318.0,0.368572,0.778673,14.503455,0.376449,0.403,0.2177,0.376449,0.403,0.515034,0.883431,0.938105,0.919212,0.900791,22.711691,29.604104,25.15772,14.374859,0,13.897838,14.806353,0,13841618.0,15550619.0,0.329915,0.370649,738318.0,15550619.0,0.329915,True,1.022864,1.025615,0.337904,1.024239,0.167749,0.162166,0.329915,0.007386,0.005478,0.012864,0.341907,0.2536,0.297755,0.043203,25.646686,0.329915,0.275271,0.236156,0.329915,0.329915,0.329915,0.37865,0.37865,0.188461,0.190189,0.008298,0.00756,0.015858,0.341907,0.317929,0.33004,0.048048,23.877779
2013,niveles condicionados a supuestos; no es predicción. Ā: EPH asalariados (cota inferior). ρ post-2023 y natalidad >=2025: supuestos/escenarios,2078,754603.0,0.374311,0.790798,14.510319,0.382491,0.403,0.2177,0.382491,0.403,0.514563,0.885817,0.939302,0.920717,0.902755,22.788386,29.679916,25.225169,14.382749,0,13.902201,14.811842,0,13960380.0,15662933.0,0.335593,0.376521,754603.0,15662933.0,0.335593,True,0.973492,0.974489,0.326862,0.97399,0.170617,0.164976,0.335593,0.007487,0.005559,0.013046,0.340943,0.253031,0.296979,0.043927,25.724762,0.335593,0.280008,0.24022,0.335593,0.335593,0.335593,0.38473,0.38473,0.191425,0.193305,0.0084,0.007663,0.016063,0.340943,0.317196,0.329186,0.048797,23.95088
2014,niveles condicionados a supuestos; no es predicción. Ā: EPH asalariados (cota inferior). ρ post-2023 y natalidad >=2025: supuestos/escenarios,2079,777012.0,0.382562,0.808229,14.516168,0.391079,0.403,0.2177,0.391079,0.403,0.514327,0.887815,0.940316,0.922034,0.904429,22.852946,29.740329,25.277113,14.389348,0,13.906016,14.816643,0,14091032.0,15765602.0,0.344013,0.384896,777012.0,15765602.0,0.344013,True,0.966045,0.967337,0.332551,0.966691,0.174934,0.169079,0.344013,0.007655,0.005685,0.01334,0.340136,0.252587,0.296358,0.045013,25.788195,0.344013,0.287034,0.246248,0.344013,0.344013,0.344013,0.393365,0.393365,0.195723,0.197642,0.008564,0.007819,0.016383,0.340136,0.316647,0.328506,0.049873,24.009879
2015,niveles condicionados a supuestos; no es predicción. Ā: EPH asalariados (cota inferior). ρ post-2023 y natalidad >=2025: supuestos/escenarios,2080,770040.0,0.375837,0.794022,14.521711,0.384352,0.403,0.2177,0.384352,0.403,0.513855,0.889822,0.941138,0.923155,0.906018,22.917098,29.799281,25.327773,14.395964,0,13.909259,14.820725,0,14239424.0,15848529.0,0.3398,0.378198,770040.0,15848529.0,0.3398,True,1.004148,1.004985,0.341349,1.004566,0.172768,0.167032,0.3398,0.007539,0.005605,0.013144,0.33934,0.252146,0.295729,0.044446,25.851987,0.3398,0.283518,0.243232,0.3398,0.3398,0.3398,0.386596,0.386596,0.192291,0.194305,0.008391,0.007672,0.016062,0.33934,0.316101,0.327829,0.048996,24.068473
2016,niveles condicionados a supuestos; no es predicción. Ā: EPH asalariados (cota inferior). ρ post-2023 y natalidad >=2025: supuestos/escenarios,2081,728035.0,0.352643,0.745021,14.528447,0.3608,0.403,0.2177,0.3608,0.403,0.513619,0.892064,0.942427,0.924736,0.907951,22.976336,29.856812,25.376929,14.403349,0,13.913829,14.826477,0,14378747.0,15883135.0,0.321328,0.354947,728035.0,15883135.0,0.321328,True,1.051729,1.053148,0.338174,1.052438,0.163407,0.157921,0.321328,0.007112,0.005289,0.012401,0.338638,0.251743,0.295181,0.042012,25.910946,0.321328,0.268106,0.230009,0.321328,0.321328,0.321328,0.3629,0.3629,0.180503,0.182397,0.007856,0.007188,0.015044,0.338638,0.315611,0.327231,0.045972,24.12329
2017,niveles condicionados a supuestos; no es predicción. Ā: EPH asalariados (cota inferior). ρ post-2023 y natalidad >=2025: supuestos/escenarios,2082,704609.0,0.339325,0.716884,14.534067,0.347308,0.403,0.2177,0.347308,0.403,0.512908,0.894002,0.943392,0.925984,0.909566,23.037111,29.914732,25.426901,14.409722,0,13.917436,14.831018,0,14487994.0,15899842.0,0.311275,0.341609,704609.0,15899842.0,0.311275,True,1.043787,1.043563,0.324871,1.043675,0.158177,0.153099,0.311275,0.006866,0.005118,0.011984,0.337894,0.25132,0.294561,0.040684,25.974238,0.311275,0.259718,0.222813,0.311275,0.311275,0.311275,0.349334,0.349334,0.173591,0.175743,0.007535,0.006912,0.014447,0.337894,0.315087,0.326585,0.044237,24.180432
2018,niveles condicionados a supuestos; no es predicción. Ā: EPH asalariados (cota inferior). ρ post-2023 y natalidad >=2025: supuestos/escenarios,2083,685394.0,0.328691,0.694418,14.539883,0.336559,0.403,0.2177,0.336559,0.403,0.512908,0.895994,0.94442,0.927301,0.911239,23.096774,29.972936,25.476977,14.416265,0,13.921235,14.8358,0,14575579.0,15889077.0,0.303608,0.330968,685394.0,15889077.0,0.303608,True,1.040405,1.04285,0.31624,1.041628,0.15438,0.149228,0.303608,0.006684,0.004979,0.011663,0.337175,0.250901,0.294016,0.039667,26.032143,0.303608,0.253321,0.217325,0.303608,0.303608,0.303608,0.338513,0.338513,0.168293,0.17022,0.007286,0.006681,0.013968,0.337175,0.314569,0.32597,0.04285,24.23532
2019,niveles condicionados a supuestos; no es predicción. Ā: EPH asalariados (cota inferior). ρ post-2023 y natalidad >=2025: supuestos/escenarios,2084,625441.0,0.299296,0.632316,14.545533,0.306579,0.403,0.2177,0.306579,0.403,0.512671,0.897933,0.945415,0.928583,0.912865,23.141931,30.015936,25.511606,14.422625,0,13.924929,14.840452,0,14633003.0,15865784.0,0.278006,0.301427,625441.0,15865784.0,0.278006,True,1.091318,1.093367,0.303673,1.092343,0.141385,0.136621,0.278006,0.006109,0.004552,0.010661,0.336665,0.250608,0.293618,0.036309,26.076689,0.278006,0.23196,0.198999,0.278006,0.278006,0.278006,0.308356,0.308356,0.153297,0.155059,0.006624,0.006078,0.012702,0.336665,0.314241,0.325549,0.039018,24.275818
2020,niveles condicionados a supuestos; no es predicción. Ā: EPH asalariados (cota inferior). ρ post-2023 y natalidad >=2025: supuestos/escenarios,2085,533299.0,0.255613,0.540027,14.55105,0.261932,0.403,0.2177,0.261932,0.403,0.512671,0.899842,0.946395,0.929827,0.914455,23.186982,30.057915,25.545913,14.428879,0,13.928511,14.844963,0,14634981.0,15815194.0,0.238269,0.257483,533299.0,15815194.0,0.238269,True,1.168595,1.171305,0.278756,1.16995,0.121251,0.117017,0.238269,0.005229,0.003893,0.009122,0.336157,0.250322,0.293245,0.031108,26.119225,0.238269,0.198804,0.170555,0.238269,0.238269,0.238269,0.263444,0.263444,0.13103,0.132415,0.005651,0.005183,0.010834,0.336157,0.313914,0.325135,0.033323,24.315543
2021,niveles condicionados a supuestos; no es predicción. Ā: EPH asalariados (cota inferior). ρ post-2023 y natalidad >=2025: supuestos/escenarios,2086,529794.0,0.25581,0.540443,14.556281,0.262228,0.403,0.2177,0.262228,0.403,0.512671,0.901672,0.947288,0.930992,0.915964,23.22791,30.098508,25.578592,14.434868,0,13.931864,14.849186,0,14551584.0,15721610.0,0.238547,0.257727,529794.0,15721610.0,0.238547,True,1.003427,1.006019,0.239668,1.004722,0.121468,0.117079,0.238547,0.005229,0.00389,0.009119,0.335704,0.250045,0.292903,0.031134,26.158584,0.238547,0.199036,0.170754,0.238547,0.238547,0.238547,0.263737,0.263737,0.131235,0.132502,0.00565,0.00518,0.01083,0.335704,0.313602,0.324756,0.033348,24.352276
2022,niveles condicionados a supuestos; no es predicción. Ā: EPH asalariados (cota inferior). ρ post-2023 y natalidad >=2025: supuestos/escenarios,2087,495295.0,0.240991,0.509136,14.561554,0.247127,0.403,0.2177,0.247127,0.403,0.512433,0.903486,0.948222,0.932205,0.917486,23.269226,30.139408,25.611356,14.440797,0,13.93535,14.853577,0,14464544.0,15627080.0,0.224776,0.242842,495295.0,15627080.0,0.224776,True,1.066026,1.068006,0.239835,1.067015,0.114469,0.110307,0.224776,0.004919,0.00366,0.008579,0.335245,0.249768,0.292537,0.029327,26.200033,0.224776,0.187546,0.160896,0.224776,0.224776,0.224776,0.248548,0.248548,0.123669,0.124879,0.005315,0.004876,0.010191,0.335245,0.313294,0.324371,0.031417,24.389866
2023,niveles condicionados a supuestos; no es predicción. Ā: EPH asalariados (cota inferior). ρ post-2023 y natalidad >=2025: supuestos/escenarios,2088,460902.0,0.226462,0.478441,14.566729,0.232311,0.403,0.2177,0.232311,0.403,0.512433,0.905261,0.949153,0.933405,0.918982,23.310305,30.180541,25.644666,14.446594,0,13.938797,14.85792,0,14347018.0,15517883.0,0.211021,0.228242,460902.0,15517883.0,0.211021,True,1.073764,1.076076,0.226826,1.074919,0.107524,0.103496,0.211021,0.004613,0.003429,0.008042,0.334789,0.249489,0.29219,0.027523,26.239899,0.211021,0.176069,0.15105,0.211021,0.211021,0.211021,0.233644,0.233644,0.116299,0.117345,0.004989,0.004576,0.009565,0.334789,0.312978,0.323988,0.029523,24.427041
2024,niveles condicionados a supuestos; no es predicción. Ā: EPH asalariados (cota inferior). ρ post-2023 y natalidad >=2025: supuestos/escenarios,2089,413135.0,0.204873,0.432831,14.571397,0.210232,0.403,0.2177,0.210232,0.403,0.512433,0.907272,0.949503,0.934049,0.920332,23.337233,30.208972,25.664572,14.453149,0,13.940645,14.860249,0,14236173.0,15412392.0,0.190752,0.206512,413135.0,15412392.0,0.190752,True,1.215944,1.219909,0.232314,1.217922,0.0973,0.093452,0.190752,0.004169,0.003094,0.007263,0.334554,0.249287,0.292011,0.024872,26.264178,0.190752,0.159157,0.136542,0.190752,0.190752,0.190752,0.211431,0.211431,0.105339,0.106092,0.004514,0.004134,0.008648,0.334554,0.312785,0.323782,0.026708,24.449769
2025,niveles condicionados a supuestos; no es predicción. Ā: EPH asalariados (cota inferior). ρ post-2023 y natalidad >=2025: supuestos/escenarios,2090,508067.0,0.254275,0.5372,14.576304,0.261013,0.403,0.2177,0.261013,0.403,0.512433,0.908956,0.950371,0.935193,0.921753,23.363772,30.237161,25.684506,14.458636,0,13.943927,14.864385,0,14127794.0,15309163.0,0.236568,0.25635,389973.0,14662909.877023,0.189584,True,0.994481,0.996896,0.188762,0.995686,0.096755,0.092828,0.189584,0.004141,0.00307,0.007211,0.334301,0.249114,0.291818,0.024712,26.289938,0.189584,0.158183,0.135706,0.189584,0.188633,0.190405,0.262499,0.206977,0.103158,0.103819,0.004415,0.004042,0.008457,0.334301,0.312629,0.32358,0.026137,24.472936
2026,niveles condicionados a supuestos; no es predicción. Ā: EPH asalariados (cota inferior). ρ post-2023 y natalidad >=2025: supuestos/escenarios,2091,510178.0,0.257647,0.544326,14.58097,0.26456,0.403,0.2177,0.26456,0.403,0.512195,0.91054,0.951222,0.936303,0.923105,23.388319,30.263873,25.703512,14.463789,0,13.947108,14.868393,0,14021317.0,15208245.0,0.239516,0.259791,392230.0,14473525.368029,0.19349,True,0.993583,0.995154,0.192397,0.994367,0.09875,0.09474,0.19349,0.004222,0.00313,0.007353,0.334069,0.248951,0.291618,0.025213,26.315651,0.19349,0.161442,0.138501,0.19349,0.197219,0.18901,0.266067,0.211536,0.105414,0.106122,0.004507,0.004129,0.008636,0.334069,0.312482,0.323388,0.026704,24.495193
2027,niveles condicionados a supuestos; no es predicción. Ā: EPH asalariados (cota inferior). ρ post-2023 y natalidad >=2025: supuestos/escenarios,2092,511892.0,0.260821,0.551029,14.58553,0.267902,0.403,0.2177,0.267902,0.403,0.512195,0.912101,0.952047,0.937374,0.924428,23.413662,30.290608,25.722895,14.468863,0,13.950175,14.872258,0,13917178.0,15109493.0,0.242275,0.263031,394238.0,14280976.337883,0.197415,True,0.99429,0.995977,0.196451,0.995131,0.100801,0.096614,0.197415,0.004305,0.00319,0.007495,0.333825,0.248785,0.291431,0.025717,26.340279,0.197415,0.164717,0.141311,0.197415,0.205836,0.18748,0.269424,0.216126,0.107736,0.108389,0.004601,0.004214,0.008815,0.333825,0.312328,0.323191,0.027275,24.517496
2028,niveles condicionados a supuestos; no es predicción. Ā: EPH asalariados (cota inferior). ρ post-2023 y natalidad >=2025: supuestos/escenarios,2093,513145.0,0.263772,0.557265,14.590181,0.27102,0.403,0.2177,0.27102,0.403,0.512195,0.913675,0.952898,0.938488,0.925778,23.437956,30.317617,25.742075,14.473974,0,13.953362,14.876276,0,13815291.0,15013047.0,0.244822,0.266047,395638.0,14090497.708295,0.201118,True,0.995076,0.9969,0.200307,0.995985,0.10274,0.098378,0.201118,0.004383,0.003245,0.007628,0.333596,0.248621,0.291252,0.026192,26.364368,0.201118,0.167806,0.143962,0.201118,0.214201,0.18559,0.272557,0.220483,0.109943,0.11054,0.004691,0.004294,0.008985,0.333596,0.312179,0.323006,0.027817,24.539157
2029,niveles condicionados a supuestos; no es predicción. Ā: EPH asalariados (cota inferior). ρ post-2023 y natalidad >=2025: supuestos/escenarios,2094,515188.0,0.267133,0.564365,14.5947,0.274558,0.403,0.2177,0.274558,0.403,0.512195,0.915223,0.953722,0.939552,0.927091,23.450427,30.333917,25.751069,14.478997,0,13.956404,14.88011,0,13715223.0,14918718.0,0.24774,0.269478,397166.0,13903608.858414,0.20493,True,0.993532,0.995373,0.203789,0.994449,0.104737,0.100193,0.20493,0.004466,0.003303,0.007769,0.333535,0.248541,0.291199,0.02668,26.376846,0.20493,0.170987,0.146691,0.20493,0.222635,0.189571,0.276111,0.224973,0.112218,0.112755,0.004785,0.004379,0.009164,0.333535,0.312151,0.322963,0.028375,24.549698
2030,niveles condicionados a supuestos; no es predicción. Ā: EPH asalariados (cota inferior). ρ post-2023 y natalidad >=2025: supuestos/escenarios,2095,517557.0,0.27065,0.571795,14.599186,0.278258,0.403,0.2177,0.278258,0.403,0.512195,0.916757,0.954529,0.940613,0.928395,23.462433,30.35024,25.759695,14.483969,0,13.959437,14.883934,0,13618365.0,14827186.0,0.250804,0.273066,398959.0,13715896.69192,0.208997,True,0.992798,0.99483,0.207699,0.993809,0.106865,0.102132,0.208997,0.004555,0.003365,0.00792,0.333479,0.248462,0.291149,0.027202,26.389037,0.208997,0.17438,0.149601,0.208997,0.231277,0.193817,0.27983,0.229752,0.114638,0.115114,0.004886,0.004469,0.009355,0.333479,0.312126,0.322926,0.028969,24.559828
2031,niveles condicionados a supuestos; no es predicción. Ā: EPH asalariados (cota inferior). ρ post-2023 y natalidad >=2025: supuestos/escenarios,2096,519318.0,0.273819,0.578491,14.603491,0.2816,0.403,0.2177,0.2816,0.403,0.512195,0.918221,0.955321,0.941643,0.929647,23.47312,30.365769,25.76797,14.488708,0,13.962378,14.887642,0,13524761.0,14738014.0,0.253558,0.276304,400594.0,13592172.641166,0.212079,False,0.99402,0.996003,0.211016,0.995007,0.108488,0.103591,0.212079,0.004622,0.003411,0.008033,0.333436,0.248387,0.291107,0.027596,26.400199,0.212079,0.176952,0.151808,0.212079,0.239708,0.196927,0.283187,0.23443,0.117006,0.117424,0.004985,0.004557,0.009542,0.333436,0.312104,0.322896,0.02955,24.569108
2032,niveles condicionados a supuestos; no es predicción. Ā: EPH asalariados (cota inferior). ρ post-2023 y natalidad >=2025: supuestos/escenarios,2097,521170.0,0.27702,0.585252,14.607752,0.284974,0.403,0.2177,0.284974,0.403,0.512195,0.919675,0.956093,0.942659,0.930888,23.484347,30.381555,25.776377,14.493413,0,13.965276,14.891297,0,13434093.0,14651170.0,0.256347,0.279571,401730.0,13468623.5724,0.214948,False,0.993903,0.995862,0.213843,0.994878,0.110003,0.104945,0.214948,0.004684,0.003454,0.008138,0.333385,0.248309,0.291059,0.027961,26.41179,0.214948,0.179346,0.153861,0.214948,0.247917,0.199849,0.286577,0.238939,0.119292,0.119647,0.00508,0.004642,0.009721,0.333385,0.312079,0.32286,0.03011,24.578742
2033,niveles condicionados a supuestos; no es predicción. Ā: EPH asalariados (cota inferior). ρ post-2023 y natalidad >=2025: supuestos/escenarios,2098,523037.0,0.280204,0.591981,14.612014,0.288334,0.403,0.2177,0.288334,0.403,0.512195,0.921117,0.956884,0.943691,0.93213,23.495053,30.397006,25.784569,14.498073,0,13.968217,14.895005,0,13346761.0,14566790.0,0.259137,0.282825,402533.0,13340752.847427,0.217762,False,0.993883,0.995873,0.216642,0.994873,0.11149,0.106273,0.217762,0.004745,0.003496,0.008241,0.33334,0.248235,0.291015,0.028319,26.422988,0.217762,0.181694,0.155876,0.217762,0.256062,0.202732,0.289954,0.24346,0.121582,0.121878,0.005175,0.004727,0.009902,0.33334,0.312057,0.322829,0.030671,24.588015
2034,niveles condicionados a supuestos; no es predicción. Ā: EPH asalariados (cota inferior). ρ post-2023 y natalidad >=2025: supuestos/escenarios,2099,524247.0,0.283002,0.597892,14.616223,0.291297,0.403,0.2177,0.291297,0.403,0.512195,0.922564,0.957644,0.944688,0.933358,23.495053,30.404275,25.784569,14.502743,0,13.971057,14.898587,0,13262824.0,14484277.0,0.261597,0.285689,402883.0,13215869.556925,0.220332,False,0.995108,0.997217,0.21948,0.996156,0.112854,0.107477,0.220332,0.004803,0.003535,0.008338,0.333447,0.248226,0.291081,0.028646,26.424159,0.220332,0.183838,0.157715,0.220332,0.263904,0.205396,0.29293,0.247754,0.123763,0.123991,0.005268,0.004809,0.010076,0.333447,0.312132,0.322923,0.031204,24.587675
2035,niveles condicionados a supuestos; no es predicción. Ā: EPH asalariados (cota inferior). ρ post-2023 y natalidad >=2025: supuestos/escenarios,2100,524661.0,0.285324,0.602797,14.620305,0.293769,0.403,0.2177,0.293769,0.403,0.512195,0.923962,0.958391,0.945662,0.934549,23.495053,30.411261,25.784569,14.507252,0,13.973831,14.902086,0,13182104.0,14403214.0,0.263649,0.288072,402229.0,13095615.160836,0.222308,False,0.996681,0.998748,0.221794,0.997708,0.113914,0.108394,0.222308,0.004848,0.003564,0.008413,0.333551,0.248219,0.291145,0.028895,26.425303,0.222308,0.185486,0.15913,0.222308,0.270992,0.207512,0.295413,0.251416,0.125628,0.125788,0.005347,0.004878,0.010225,0.333551,0.312206,0.323015,0.031656,24.587356
