cohorte,anio_65,N_t,fuente_N,N_un,S65,J,E65,pob_edad65,TBP_A_obs,TBP_C_obs,TBP_B_obs,TBP_A_legal,TBP_C_legal,TBP_B_legal,D
1950,2015,438766.0,DEIS,443092.0,0.7197909064311493,4739847.0,17.8744,331505.0,0.028594680873408038,0.5111127638036447,0.42915112443275255,0.06041129761987613,1.0798156981767142,0.9066573051396182,0.06663079564618217
1951,2016,444326.0,DEIS,450310.0,0.7245188010793745,4852505.0,17.4514,339713.0,0.02916062644392747,0.5088937563235558,0.4395532082561166,0.0616069572759031,1.0751276542046955,0.9286335385692606,0.06634151655864222
1952,2017,443386.0,DEIS,456457.0,0.7308466563760583,4953784.0,17.675,345814.0,0.02838922123024413,0.501779485244565,0.4339925803994791,0.05997722795122,1.0600975040378136,0.9168857332383362,0.06541407045280032
1953,2018,452660.0,DEIS,461876.0,0.7360060911208408,5061817.0,17.866,351534.0,0.02825930555033705,0.5048807529623217,0.42935289704247137,0.05970275820493743,1.0666494780894122,0.907083585300996,0.06581836467157144
1954,2019,457559.0,DEIS,465811.0,0.7371076282925119,5176343.0,17.8078,356656.0,0.028066381194661216,0.49980050303828805,0.4307561213940404,0.05929517153801667,1.0559165557146932,0.9100481437902264,0.0651560820629339
1955,2020,461293.0,DEIS,470534.0,0.740432731709538,5286769.0,17.0377,360619.0,0.029087265762477048,0.4955801078813552,0.4502261959396393,0.061451969920726164,1.0470002279183561,0.9511821040978297,0.06460589371475998
1956,2021,474142.0,DEIS,476402.0,0.7454440761758478,5372600.0,16.0978,364203.0,0.03134831393481044,0.5046388880597914,0.4765134899527136,0.06622883225664178,1.0661384959009679,1.0067186407451698,0.06578683415221101
1957,2022,478368.0,DEIS,479273.0,0.7488829568081967,5428598.0,16.7818,367217.0,0.030164183291084876,0.5062092911543282,0.4570915431336801,0.06372714779806664,1.069456248917595,0.9656863587331271,0.06599155846176553
1958,2023,472865.0,DEIS,477922.0,0.7457549504160155,5500249.0,18.11,369870.0,0.027156527827584927,0.49180471895756306,0.4235681313396352,0.057372946114616054,1.0390240541356968,0.8948622493090886,0.06411371823865959
1959,2024,476211.0,DEIS,488560.0,0.7349316562106539,5613873.0,18.2536,370320.0,0.02619853410126329,0.4782175620708195,0.42023594570719164,0.05534901570689427,1.0103187931073652,0.8878224205081515,0.062342439691053166
1960,2025,473038.0,DEIS,492363.0,0.7527587501201144,5733401.0,18.3261,379769.0,0.025996279621074307,0.4764104199637698,0.418573447627198,0.05492171750931193,1.0065008872474013,0.8843101006208409,0.062106853094580104
1961,2026,476259.0,DEIS,494461.0,0.7610797140354573,5852723.0,18.3949,383921.0,0.02582614993373716,0.47506944541610174,0.41700791298462037,0.054562288592402454,1.003667842428384,0.8810026330660995,0.0619320380490949
1962,2027,490414.0,DEIS,500531.0,0.7643565642365403,5970321.0,18.4648,386735.0,0.026083045353198598,0.48161821583774145,0.41542929566314246,0.05510502539408155,1.017503272896637,0.8776675260488926,0.06278576312622029
1963,2028,491109.0,DEIS,503504.0,0.7644667486991453,6089155.0,18.5398,392510.0,0.02551033409279337,0.47295649201357054,0.4137487383122144,0.05389507202702825,0.9992038563666983,0.8741170527722841,0.06165658461426726
1964,2029,496256.0,DEIS,504485.0,0.7547584278624409,6206816.0,18.617,395834.0,0.024864337915602296,0.4628993789747679,0.4120330267261531,0.052530291370990766,0.977956434453735,0.8704923099848306,0.06034549733346428
1965,2030,481814.0,DEIS,500004.0,0.7709174531541616,6321396.0,18.6875,397208.0,0.02411930655286587,0.45072954120668096,0.4104786011269989,0.05095628144971663,0.9522455095915795,0.8672083122401387,0.058758986428633676
1966,2031,478617.0,DEIS,501007.0,0.7760043466689177,6428003.0,18.7679,393964.0,0.023615777583073486,0.44321855210136485,0.4087201476223122,0.04989248785156371,0.9363772227493625,0.8634932696246034,0.05777982250313782
1967,2032,478692.0,DEIS,511715.0,0.7800856737467333,6531054.0,18.8472,394719.0,0.023270734176172977,0.4385881811651674,0.4070004487966803,0.049163522907407706,0.9265947489404947,0.8598601030915782,0.05717618799923738
1968,2033,493353.0,DEIS,525320.0,0.7806276245832233,6637185.0,18.9339,402138.0,0.023508202036986624,0.44510194654810104,0.40513675780271324,0.0496652155710985,0.9403562251016219,0.8559227277522112,0.058025349673243555
1969,2034,580699.0,DEIS,541333.0,0.7745851064499973,6749001.0,19.0179,411991.0,0.026881895945803688,0.5112372089076999,0.40334731271911156,0.056792737913669775,1.0800786103683804,0.8521422099699542,0.06664701882995824
1970,2035,516025.0,DEIS,557684.0,0.7861008419639796,6868184.0,19.0976,423709.0,0.023723022293105855,0.45305279054481834,0.401664023676315,0.050119061182618004,0.9571537828411656,0.8485859655133416,0.05906185492037816
1971,2036,571733.0,ONU proyectado,571733.0,0.7922173345147892,6993544.0,19.1746,434486.0,0.025909301440914568,0.49680049140896054,0.40005104975127476,0.054737960790664585,1.049578502976677,0.8451782741224115,0.06476498801096325
1972,2037,587110.0,ONU proyectado,587110.0,0.7958767888748147,7129115.0,19.2544,449477.0,0.026112077960352573,0.5027723938798125,0.398393035283405,0.05516636188806882,1.0621951983376323,0.8416754266550811,0.0655435101714999
1973,2038,604141.0,ONU proyectado,604141.0,0.7991601748396915,7272757.0,19.3422,462342.0,0.026327457719549162,0.5092309527030638,0.39658461077647805,0.0556213895483433,1.075840040921966,0.8378548114996016,0.06638547488769748
1974,2039,623622.0,ONU proyectado,623622.0,0.7974829638415384,7427203.0,19.4185,477695.0,0.026451091369028523,0.5136405177494804,0.3950263335767846,0.05588258739935604,1.0851560234143953,0.834562676570672,0.06696032421313755
1975,2040,659013.0,DEIS,644972.0,0.8057959409957917,7594496.0,19.5066,495672.0,0.02749667929172587,0.5363667242719797,0.3932422287103233,0.05809157596843493,1.1331691357858726,0.830793440937303,0.0699230074600684
1976,2041,656768.0,DEIS,663228.0,0.8105049279247849,7772180.0,19.591,510851.0,0.026816982994587114,0.5253715138469561,0.3915481016058799,0.05665559787588827,1.1099398179865272,0.827214299167352,0.06848962588402549
1977,2042,649967.0,DEIS,680351.0,0.8136589941639623,7961601.0,19.673,527634.0,0.02590028024324268,0.5095362132253132,0.3899160706837185,0.054718901922343695,1.0764849575182673,0.8237663465148983,0.06642526992495204
1978,2043,665623.0,DEIS,688694.0,0.8170190948874042,8161983.0,19.754,543907.0,0.02587328181290868,0.5111008089321981,0.3883172450420569,0.05466186298501834,1.0797904414060524,0.8203885458635006,0.06662923715918528
1979,2044,701911.0,DEIS,692524.0,0.8166441495255715,8366459.000000001,19.8397,553444.0,0.026489870974372682,0.5255510931702617,0.3866398614172993,0.05596451614304088,1.1103192109230882,0.8168447776421817,0.06851303659500911
1980,2045,697461.0,DEIS,692446.0,0.822487296020122,8571786.0,19.9193,559587.0,0.025771842081887836,0.5133570539817484,0.38509480044784666,0.054447553694129236,1.0845571562994685,0.8135805643264368,0.06692337069188269
1981,2046,680292.0,DEIS,690240.0,0.8272645715204292,8774592.0,20.0027,562638.0,0.024596083765785405,0.4919880847418757,0.3834891718898345,0.0519635572516593,1.0394114466377655,0.8101883913165518,0.06413762256852237
1982,2047,663429.0,DEIS,687567.0,0.831023063367386,8973257.0,20.092,563928.0,0.02345718969315442,0.47130185531485863,0.3817847331555243,0.04955744301370653,0.9957081450313915,0.8065874644130796,0.06144087926009045
1983,2048,655876.0,DEIS,683884.0,0.8343585212358734,9167535.0,20.1815,564686.0,0.02268872824759311,0.45789256912880033,0.38009161155319443,0.04793393291745024,0.9673786671735219,0.8030104469433686,0.05969278868028316
1984,2049,635323.0,DEIS,686243.0,0.8344796464986378,9356328.0,20.2708,564398.0,0.021442515204208906,0.4346569372014779,0.3784171743868418,0.04530108845959628,0.9182893039467843,0.799472903634173,0.0566636946088737
1985,2050,650873.0,DEIS,683974.0,0.8389247886406326,9544386.0,20.352,568835.0,0.021562838077263134,0.43884688054845933,0.3769073731604163,0.04555529171252774,0.9271412969333648,0.796283182733274,0.05720991313185515
1986,2051,675388.0,DEIS,690120.0,0.8418341997616289,9727205.0,20.4357,569264.0,0.021940374950455317,0.44836692037501974,0.3753636459020632,0.04635290482490561,0.9472540571303236,0.7930217871170351,0.0584509853044741
1987,2052,668136.0,DEIS,694917.0,0.844288592381884,9911733.0,20.5158,576578.0,0.02127940449641243,0.4365640067674982,0.37389811065426615,0.044956488372702316,0.9223183241566862,0.7899255858892948,0.056912308166459126
1988,2053,680605.0,DEIS,706153.0,0.8470091550251337,10096531.0,20.6011,582786.0,0.021259956606956544,0.43797849205557243,0.37234996473784376,0.044915401282302564,0.9253066733568432,0.7866548550799517,0.057096706379238686
1989,2054,667058.0,DEIS,710333.0,0.8479018260847163,10286934.0,20.6915,594187.0,0.020383228173730034,0.42175956575673496,0.3707231886794477,0.04306315811351416,0.8910413361057783,0.7832180042523544,0.05498233937385218
1990,2055,678644.0,DEIS,723193.0,0.8503514036603518,10476977.0,20.7771,599603.0,0.020335799599237918,0.4225189418533261,0.3691958386185171,0.04296295689979843,0.8926456518028018,0.7799912083489801,0.05508133481496388
1991,2056,694776.0,DEIS,728216.0,0.8531521790949738,10673715.0,20.8645,612456.0,0.020416883725999996,0.4259880705011269,0.36764930185534245,0.04313426139295774,0.8999747968333669,0.7767238771591743,0.055533584921734325
1992,2057,678761.0,DEIS,732042.0,0.8556689115225068,10870239.0,20.956,618619.0,0.019557659411457665,0.40985031062650684,0.3660440379156706,0.041318998756600694,0.8658809379433243,0.7733324744697267,0.05342979911057413
1993,2058,667518.0,DEIS,737559.0,0.858451748262312,11066020.0,21.0441,624129.0,0.01887551415112897,0.39721820734777313,0.3645116141132571,0.0398778467981598,0.8391933958051544,0.7700949593942052,0.05178302534213402
1994,2059,673787.0,DEIS,741217.0,0.8599919950263211,11261942.0,21.1331,630880.0,0.018675931359686513,0.39468032501739103,0.3629765088207974,0.03945619301342222,0.8338316725719531,0.7668517791988679,0.05145217639664631
1995,2060,658735.0,DEIS,734845.0,0.862322112331222,11456284.0,21.2182,636023.0,0.017925433993286145,0.38034544355634403,0.36152071610979225,0.037870635197083405,0.803546711738755,0.7637761607953358,0.049583421349061144
1996,2061,675437.0,DEIS,725246.0,0.8650978617365831,11640120.0,21.303,632562.0,0.018075636048169856,0.38506527473416247,0.36008162505566316,0.038187963482048996,0.8135181860580898,0.7607358275823871,0.05019871826388152
1997,2062,692357.0,DEIS,717421.0,0.8679660662798698,11810608.0,21.3919,626249.0,0.018245381396348497,0.39030337429254747,0.3585852055479314,0.03854658041482077,0.8245845935758046,0.757574377918165,0.05088157881045005
1998,2063,683301.0,DEIS,716801.0,0.8708621503290292,11969400.0,21.476,621293.0,0.017757320083422384,0.3813562061115791,0.357180986150158,0.03751546496497686,0.805682125587843,0.7546077172186438,0.04971518857937541
1999,2064,686748.0,DEIS,722777.0,0.872966619701836,12122581.0,21.5666,622622.0,0.017589763086507892,0.3793513845814811,0.35568049013570946,0.03716147130952372,0.8014465871439742,0.7514376552162878,0.04945383166728244
2000,2065,701878.0,DEIS,719276.0,0.8755989930706942,12276318.0,21.6581,629626.0,0.01773046503190063,0.38400818470740705,0.354177829937104,0.037458728940635136,0.8112848972691699,0.7482630209938819,0.05006091159079397
2001,2066,683495.0,DEIS,712599.0,0.8775921837071393,12422308.0,21.7472,628293.0,0.017031942184837133,0.37039705308209003,0.3527267353296421,0.03598297644683902,0.7825289853846974,0.7451973281612159,0.0482865075960853
2002,2067,694684.0,DEIS,711232.0,0.8802667084981177,12557845.0,21.836,624192.0,0.01710626111235944,0.37353231764948064,0.3512923089650482,0.036139988265548116,0.7891527837665085,0.7421668499261583,0.04869523378623533
2003,2068,697952.0,DEIS,707388.0,0.8829654746700717,12687363.0,21.9161,624355.0,0.017001074347270342,0.37259724550221157,0.3500083892006695,0.03591776270550071,0.7871772792300243,0.7394543433816962,0.048573333873786526
2004,2069,736261.0,DEIS,710123.0,0.8847686776997429,12808639.0,22.0025,622613.0,0.017730796601385202,0.390121852221978,0.34863396698378785,0.03745942943954621,0.8242010962436155,0.7365506344727913,0.050857914834815034
2005,2070,712220.0,DEIS,717902.0,0.8869419965544194,12928119.0,22.0947,626633.0,0.016963976467039506,0.37481397084629775,0.3471791361077902,0.03583938690219614,0.791860501787953,0.7334770481150499,0.04886231545254098
2006,2071,696451.0,DEIS,719581.0,0.889006180284378,13050797.0,22.1829,635104.0,0.016405207121562203,0.3639150690569022,0.3457987395047894,0.034658888284990565,0.7688346529371172,0.7305607172636397,0.047441489072677735
2007,2072,700792.0,DEIS,718989.0,0.8908877630718394,13171414.0,22.2748,638229.0,0.01632328797432012,0.3635979749703859,0.3443720643310285,0.034485819664056595,0.7681647358529279,0.7275466147838632,0.04740015136253712
2008,2073,746460.0,DEIS,746330.0,0.8931988928601509,13288344.0,22.3646,639357.0,0.0172093491759322,0.38488021058005334,0.34298931608706584,0.036357779949152534,0.8131272054508168,0.7246253156768998,0.05017459252743519
2009,2074,745336.0,DEIS,744841.0,0.8948732409889898,13426663.0,22.446,665350.0,0.016976505567099107,0.38105464395910654,0.3417454717348655,0.03586585683189953,0.8050450224488168,0.721997475496195,0.04967587567705913
2010,2075,756176.0,DEIS,756144.0,0.8966036787976187,13560172.0,22.5375,665650.0,0.017017438708789818,0.3835305248993505,0.34035801923730635,0.03595233530026019,0.810275756829614,0.7190662378252952,0.04999864186224689
2011,2076,758042.0,DEIS,758343.0,0.898841119388241,13701248.0,22.6247,677338.0,0.01686067555143288,0.3814677261485035,0.3390462131458447,0.03562114553119623,0.8059177312996555,0.7162948165053058,0.04972972679739108
2012,2077,738318.0,DEIS,736973.0,0.9007911920805434,13841618.0,22.7121,680879.0,0.016228006152638533,0.36857209853934164,0.33774150600608455,0.034284520040785645,0.7786734476183275,0.7135383929706013,0.04804859889606278
2013,2078,754603.0,DEIS,752967.0,0.9027545846076707,13960380.0,22.7959,663217.0,0.01642010667855761,0.3743111098337314,0.33649993457423455,0.034690366222304814,0.7907981193670383,0.7109153547342985,0.048796760389667196
2014,2079,777012.0,DEIS,775263.0,0.9044293817786839,14091032.0,22.8797,679056.0,0.016720566563351316,0.38256154679950904,0.33526745798943136,0.03532514062679857,0.808228619998963,0.7083115309635876,0.049872321828139964
2015,2080,770040.0,DEIS,768023.0,0.9060181858921604,14239424.0,22.9615,700568.0,0.01636813694794383,0.3758369765302122,0.3340730726895365,0.034580571016782746,0.794021781401857,0.7057881817384576,0.048995678748269544
2016,2081,728035.0,DEIS,737028.0,0.9079512342551606,14378747.0,23.0485,695396.0,0.015300048239234055,0.3526431618419861,0.3328120640632055,0.032324045575846595,0.7450207644549002,0.7031240790067723,0.045972036146887885
2017,2082,704609.0,DEIS,715490.0,0.9095657591520172,14487994.0,23.13,668623.0,0.014670338205803258,0.33932492270022935,0.3316393799637178,0.030993672265781536,0.7168836395075269,0.7006465773881363,0.04423581484022865
2018,2083,685394.0,DEIS,684660.0,0.911238509030919,14575579.0,23.2092,650293.0,0.014162114576851651,0.32869134963706537,0.3305076805129342,0.02991996037363025,0.6944183443036592,0.6982556630554949,0.04284957782183045
2019,2084,625441.0,DEIS,625199.0,0.9128650433478902,14633003.0,23.2966,623416.0,0.012847204788558109,0.29929619107712285,0.3292677411536788,0.027141981947657975,0.6323158966418089,0.6956360728598848,0.03901750212014224
2020,2085,533299.0,DEIS,533228.0,0.9144549266067894,14634981.0,23.3768,570335.0,0.010934465947411601,0.25561282355945153,0.32813810523941656,0.02310098439594,0.5400270920270103,0.6932495181114435,0.033322755793429054
2021,2086,529794.0,DEIS,529339.0,0.9159638883568118,14551584.0,23.4669,487374.0,0.01090086902444643,0.255809603309782,0.32687823524030846,0.023030004981224858,0.5404428238939056,0.6905878209302292,0.03334840882395406
2022,2087,495295.0,DEIS,496115.0,0.917486404780264,14464544.0,23.5556,484698.0,0.01023072452508783,0.24099085462315883,0.32564735598162614,0.0216142067431433,0.5091356083587862,0.6879873717921681,0.03141657482293537
2023,2088,460902.0,DEIS,503823.0,0.9189821551473698,14347018.0,23.6362,455127.0,0.009581160137558121,0.22646221724335122,0.32453689080989306,0.02024188761455941,0.47844130403524904,0.6856413186124503,0.029522560944144145
2024,2089,413135.0,DEIS,506609.0,0.920332403479255,14236173.0,23.7173,462905.0,0.008638133776337745,0.20487321021353522,0.3234271548009593,0.018249578400713548,0.43283072580324344,0.6832968059175197,0.026708127775027884
2025,2090,508067.0,ONU proyectado,508067.0,0.921753338091757,14127794.0,23.8059,466118.0,0.010681161339219076,0.2542746587253154,0.3222234344662791,0.022565833815251568,0.5371999832224973,0.6807537347879137,0.03314830703394066
2026,2091,510178.0,ONU proyectado,510178.0,0.9231053529845342,14021317.0,23.8889,468130.0,0.010785238740232354,0.2576474897415367,0.3211038958914305,0.022785715648378214,0.5443256825525423,0.6783885124466842,0.03358800337906515
2027,2092,511892.0,ONU proyectado,511892.0,0.9244277289343835,13917178.0,23.9744,470742.0,0.010879128455059573,0.26082057723298024,0.31995874176458194,0.022984074200830085,0.5510293885203809,0.6759691727420746,0.03400166032364316
2028,2093,513145.0,ONU proyectado,513145.0,0.925777946550447,13815291.0,24.0565,472989.0,0.010964685541269574,0.26377195772355155,0.3188667868792548,0.023164828608316007,0.557264699415954,0.6736622258012426,0.03438641461715349
2029,2094,515188.0,ONU proyectado,515188.0,0.9270906700757071,13715223.0,24.1445,474816.0,0.011063908793599232,0.2671325458670567,0.3177046059583256,0.023374455197744858,0.5643645335219508,0.6712069139964627,0.03482451493023215
2030,2095,517557.0,ONU proyectado,517557.0,0.9283947788465007,13618365.0,24.2283,477364.0,0.011170810664605743,0.2706497520252673,0.3166057403350954,0.023600304220998052,0.5717952507576071,0.6688853669051312,0.03528303262215827
2031,2096,519318.0,ONU proyectado,519318.0,0.9296474859242997,13524761.0,24.3122,480216.0,0.011262622903927811,0.2738191405648738,0.3155131521853552,0.02379427374069256,0.5784911420384659,0.6665770820817365,0.03569620735591819
2032,2097,521169.99999999994,ONU proyectado,521169.99999999994,0.9308883088033385,13434093.0,24.3959,482511.0,0.011355166766981025,0.27701951293059246,0.3144306567316964,0.023989788944326115,0.5852524921068856,0.6642901198556967,0.03611342127072039
2033,2098,523037.00000000006,ONU proyectado,523037.00000000006,0.9321301467760577,13346761.0,24.4748,484886.0,0.011448686372361771,0.28020430922627987,0.31341701907924857,0.024187365575412192,0.5919809349850983,0.6621486318575676,0.03652860462394651
2034,2099,524246.99999999994,ONU proyectado,524246.99999999994,0.933357729789023,13262824.0,24.5557,487276.0,0.011524908452820582,0.28300219449492636,0.3123844508020864,0.024348398139761796,0.5978919602005487,0.6599671495818727,0.0368933486389253
2035,2100,524661.0,ONU proyectado,524661.0,0.9345491825789513,13182104.0,24.6353,489047.0,0.011581907255633858,0.2853237598147168,0.3113750942168674,0.024468818145705333,0.6027966756648947,0.6578347060919734,0.03719599759500116
