cohorte,escenario,anio_65,N_propio,J_onu,J_reponderado,TBP_C_A30,TBP_A_A30,TBP_C_A14_2,TBP_A_A14_2,TBP_C_A30_sinrepond,TBP_A_A30_sinrepond,TBP_C_A14_2_sinrepond,TBP_A_A14_2_sinrepond
1950,persistencia,2015,438766.0,4739847.0,4736610.0,1.080554,0.060453,0.511462,0.028614,1.079816,0.060411,0.511113,0.028595
1951,persistencia,2016,444326.0,4852505.0,4844809.0,1.076835,0.061705,0.509702,0.029207,1.075128,0.061607,0.508894,0.029161
1952,persistencia,2017,443386.0,4953784.0,4936329.0,1.063846,0.060189,0.503554,0.02849,1.060098,0.059977,0.501779,0.028389
1953,persistencia,2018,452660.0,5061817.0,5037666.0,1.071763,0.059989,0.507301,0.028395,1.066649,0.059703,0.504881,0.028259
1954,persistencia,2019,457559.0,5176343.0,5146336.0,1.062073,0.059641,0.502715,0.02823,1.055917,0.059295,0.499801,0.028066
1955,persistencia,2020,461293.0,5286769.0,5250280.0,1.054277,0.061879,0.499024,0.029289,1.047,0.061452,0.49558,0.029087
1956,persistencia,2021,474142.0,5372600.0,5335247.0,1.073603,0.066693,0.508172,0.031568,1.066138,0.066229,0.504639,0.031348
1957,persistencia,2022,478368.0,5428598.0,5391668.0,1.076782,0.064164,0.509677,0.030371,1.069456,0.063727,0.506209,0.030164
1958,persistencia,2023,472865.0,5500249.0,5460402.0,1.046606,0.057792,0.495394,0.027355,1.039024,0.057373,0.491805,0.027157
1959,persistencia,2024,476211.0,5613873.0,5565635.0,1.019075,0.055829,0.482362,0.026426,1.010319,0.055349,0.478218,0.026199
1960,persistencia,2025,473038.0,5733401.0,5671381.0,1.017508,0.055522,0.48162,0.026281,1.006501,0.054922,0.47641,0.025996
1961,persistencia,2026,476259.0,5852723.0,5777982.0,1.016651,0.055268,0.481215,0.02616,1.003668,0.054562,0.475069,0.025826
1962,persistencia,2027,490414.0,5970321.0,5889464.0,1.031473,0.055862,0.48823,0.026441,1.017503,0.055105,0.481618,0.026083
1963,persistencia,2028,491109.0,6089155.0,6000543.0,1.013959,0.054691,0.479941,0.025887,0.999204,0.053895,0.472956,0.02551
1964,persistencia,2029,496256.0,6206816.0,6113899.0,0.992819,0.053329,0.469934,0.025242,0.977956,0.05253,0.462899,0.024864
1965,persistencia,2030,481814.0,6321396.0,6216387.0,0.968331,0.051817,0.458343,0.024527,0.952246,0.050956,0.45073,0.024119
1966,persistencia,2031,478617.0,6428003.0,6308083.0,0.954178,0.050841,0.451644,0.024065,0.936377,0.049892,0.443219,0.023616
1967,persistencia,2032,478692.0,6531054.0,6388748.0,0.947234,0.050259,0.448357,0.023789,0.926595,0.049164,0.438588,0.023271
1968,persistencia,2033,493353.0,6637185.0,6474014.0,0.964057,0.050917,0.45632,0.024101,0.940356,0.049665,0.445102,0.023508
1969,persistencia,2034,580699.0,6749001.0,6619911.0,1.10114,0.0579,0.521206,0.027406,1.080079,0.056793,0.511237,0.026882
1970,persistencia,2035,516025.0,6868184.0,6711343.0,0.979522,0.05129,0.46364,0.024277,0.957154,0.050119,0.453053,0.023723
1971,persistencia,2036,571733.0,6993544.0,6841202.0,1.072951,0.055957,0.507863,0.026486,1.049579,0.054738,0.4968,0.025909
1972,persistencia,2037,587110.0,7129115.0,6981467.0,1.084659,0.056333,0.513405,0.026664,1.062195,0.055166,0.502772,0.026112
1973,persistencia,2038,604141.0,7272757.0,7129997.0,1.097381,0.056735,0.519427,0.026855,1.07584,0.055621,0.509231,0.026327
1974,persistencia,2039,623622.0,7427203.0,7289518.0,1.105653,0.056938,0.523342,0.026951,1.085156,0.055883,0.513641,0.026451
1975,persistencia,2040,659013.0,7594496.0,7472871.0,1.151612,0.059037,0.545096,0.027944,1.133169,0.058092,0.536367,0.027497
1976,persistencia,2041,656768.0,7772180.0,7650893.0,1.127535,0.057554,0.5337,0.027242,1.10994,0.056656,0.525372,0.026817
1977,persistencia,2042,649967.0,7961601.0,7822295.0,1.095656,0.055693,0.51861,0.026362,1.076485,0.054719,0.509536,0.0259
1978,persistencia,2043,665623.0,8161983.0,8010450.0,1.100217,0.055696,0.520769,0.026363,1.07979,0.054662,0.511101,0.025873
1979,persistencia,2044,701911.0,8366459.0,8228802.0,1.128893,0.056901,0.534343,0.026933,1.110319,0.055965,0.525551,0.02649
1980,persistencia,2045,697461.0,8571786.0,8444616.0,1.10089,0.055267,0.521088,0.02616,1.084557,0.054448,0.513357,0.025772
1981,persistencia,2046,680292.0,8774592.0,8645826.0,1.054892,0.052737,0.499315,0.024962,1.039411,0.051964,0.491988,0.024596
1982,persistencia,2047,663429.0,8973257.0,8831395.0,1.011703,0.050354,0.478873,0.023834,0.995708,0.049557,0.471302,0.023457
1983,persistencia,2048,655876.0,9167535.0,9009539.0,0.984343,0.048775,0.465922,0.023087,0.967379,0.047934,0.457893,0.022689
1984,persistencia,2049,635323.0,9356328.0,9163753.0,0.937587,0.046253,0.443791,0.021893,0.918289,0.045301,0.434657,0.021443
1985,persistencia,2050,650873.0,9544386.0,9331920.0,0.94825,0.046592,0.448838,0.022054,0.927141,0.045555,0.438847,0.021563
1986,persistencia,2051,675388.0,9727205.0,9510682.0,0.96882,0.047408,0.458575,0.02244,0.947254,0.046353,0.448367,0.02194
1987,persistencia,2052,668136.0,9911733.0,9681021.0,0.944298,0.046028,0.446968,0.021787,0.922318,0.044956,0.436564,0.021279
1988,persistencia,2053,680605.0,10096531.0,9853442.0,0.948134,0.046023,0.448784,0.021784,0.925307,0.044915,0.437978,0.02126
1989,persistencia,2054,667058.0,10286934.0,10016341.0,0.915113,0.044227,0.433153,0.020934,0.891041,0.043063,0.42176,0.020383
1990,persistencia,2055,678644.0,10476977.0,10178360.0,0.918834,0.044223,0.434915,0.020932,0.892646,0.042963,0.422519,0.020336
1991,persistencia,2056,694776.0,10673715.0,10356555.0,0.927536,0.044455,0.439034,0.021042,0.899975,0.043134,0.425988,0.020417
1992,persistencia,2057,678761.0,10870239.0,10517554.0,0.894916,0.042705,0.423594,0.020213,0.865881,0.041319,0.40985,0.019558
1993,persistencia,2058,667518.0,11066020.0,10663744.0,0.870851,0.041382,0.412203,0.019588,0.839193,0.039878,0.397218,0.018876
1994,persistencia,2059,673787.0,11261942.0,10812463.0,0.868494,0.041096,0.411087,0.019452,0.833832,0.039456,0.39468,0.018676
1995,persistencia,2060,658735.0,11456284.0,10951810.0,0.840561,0.039615,0.397865,0.018751,0.803547,0.037871,0.380345,0.017925
1996,persistencia,2061,675437.0,11640120.0,11104236.0,0.852778,0.040031,0.403648,0.018948,0.813518,0.038188,0.385065,0.018076
1997,persistencia,2062,692357.0,11810608.0,11265730.0,0.864466,0.040411,0.409181,0.019128,0.824585,0.038547,0.390303,0.018245
1998,persistencia,2063,683301.0,11969400.0,11408121.0,0.845322,0.039361,0.400119,0.018631,0.805682,0.037515,0.381356,0.017757
1999,persistencia,2064,686748.0,12122581.0,11543853.0,0.841626,0.039024,0.398369,0.018472,0.801447,0.037161,0.379351,0.01759
2000,persistencia,2065,701878.0,12276318.0,11695745.0,0.851557,0.039318,0.40307,0.018611,0.811285,0.037459,0.384008,0.01773
2001,persistencia,2066,683495.0,12422308.0,11830546.0,0.821671,0.037783,0.388924,0.017884,0.782529,0.035983,0.370397,0.017032
2002,persistencia,2067,694684.0,12557845.0,11966450.0,0.828154,0.037926,0.391993,0.017952,0.789153,0.03614,0.373532,0.017106
2003,persistencia,2068,697952.0,12687363.0,12104055.0,0.825112,0.037649,0.390553,0.01782,0.787177,0.035918,0.372597,0.017001
2004,persistencia,2069,736261.0,12808639.0,12269342.0,0.860429,0.039106,0.40727,0.01851,0.824201,0.037459,0.390122,0.017731
2005,persistencia,2070,712220.0,12928119.0,12395082.0,0.825914,0.037381,0.390932,0.017693,0.791861,0.035839,0.374814,0.016964
2006,persistencia,2071,696451.0,13050797.0,12518576.0,0.801521,0.036132,0.379387,0.017103,0.768835,0.034659,0.363915,0.016405
2007,persistencia,2072,700792.0,13171414.0,12641644.0,0.800356,0.035931,0.378835,0.017007,0.768165,0.034486,0.363598,0.016323
2008,persistencia,2073,746460.0,13288344.0,12778298.0,0.845583,0.037809,0.400243,0.017896,0.813127,0.036358,0.38488,0.017209
2009,persistencia,2074,745336.0,13426663.0,12937540.0,0.835481,0.037222,0.395461,0.017618,0.805045,0.035866,0.381055,0.016977
2010,persistencia,2075,756176.0,13560172.0,13093319.0,0.839167,0.037234,0.397206,0.017624,0.810276,0.035952,0.383531,0.017017
2011,persistencia,2076,758042.0,13701248.0,13254452.0,0.833085,0.036822,0.394327,0.017429,0.805918,0.035621,0.381468,0.016861
2012,persistencia,2077,738318.0,13841618.0,13417300.0,0.803299,0.035369,0.380228,0.016741,0.778673,0.034285,0.368572,0.016228
2013,persistencia,2078,754603.0,13960380.0,13561948.0,0.814031,0.03571,0.385308,0.016903,0.790798,0.03469,0.374311,0.01642
2014,persistencia,2079,777012.0,14091032.0,13720598.0,0.83005,0.036279,0.39289,0.017172,0.808229,0.035325,0.382562,0.016721
2015,persistencia,2080,770040.0,14239424.0,13893804.0,0.813774,0.035441,0.385186,0.016775,0.794022,0.034581,0.375837,0.016368
2016,persistencia,2081,728035.0,14378747.0,14047095.0,0.762611,0.033087,0.360969,0.015661,0.745021,0.032324,0.352643,0.0153
2017,persistencia,2082,704609.0,14487994.0,14169160.0,0.733015,0.031691,0.34696,0.015,0.716884,0.030994,0.339325,0.01467
2018,persistencia,2083,685394.0,14575579.0,14281606.0,0.708712,0.030536,0.335457,0.014454,0.694418,0.02992,0.328691,0.014162
2019,persistencia,2084,625441.0,14633003.0,14361237.0,0.644282,0.027656,0.30496,0.01309,0.632316,0.027142,0.299296,0.012847
2020,persistencia,2085,533299.0,14634981.0,14389339.0,0.549246,0.023495,0.259976,0.011121,0.540027,0.023101,0.255613,0.010934
2021,persistencia,2086,529794.0,14551584.0,14331087.0,0.548758,0.023384,0.259745,0.011069,0.540443,0.02303,0.25581,0.010901
2022,persistencia,2087,495295.0,14464544.0,14263274.0,0.51632,0.021919,0.244391,0.010375,0.509136,0.021614,0.240991,0.010231
2023,persistencia,2088,460902.0,14347018.0,14128019.0,0.485858,0.020556,0.229973,0.00973,0.478441,0.020242,0.226462,0.009581
2024,persistencia,2089,413135.0,14236173.0,13949753.0,0.441718,0.018624,0.20908,0.008815,0.432831,0.01825,0.204873,0.008638
2025,persistencia,2090,389973.0,14127794.0,13752836.0,0.423576,0.017793,0.200493,0.008422,0.412334,0.017321,0.195172,0.008198
2026,persistencia,2091,392230.0,14021317.0,13558562.0,0.432766,0.018116,0.204843,0.008575,0.418483,0.017518,0.198082,0.008292
2027,persistencia,2092,394238.0,13917178.0,13361706.0,0.442022,0.018437,0.209224,0.008727,0.42438,0.017701,0.200873,0.008379
2028,persistencia,2093,395638.0,13815291.0,13167373.0,0.450796,0.018739,0.213377,0.00887,0.429655,0.01786,0.20337,0.008454
2029,persistencia,2094,397166.0,13715223.0,12976649.0,0.45984,0.019045,0.217657,0.009015,0.435077,0.01802,0.205936,0.008529
2030,persistencia,2095,398959.0,13618365.0,12785860.0,0.469468,0.019377,0.222215,0.009172,0.440769,0.018192,0.20863,0.008611
2031,persistencia,2096,400594.0,13524761.0,12602614.0,0.478891,0.019698,0.226675,0.009324,0.446239,0.018355,0.21122,0.008688
2032,persistencia,2097,401730.0,13434093.0,12419916.0,0.487964,0.020002,0.23097,0.009468,0.451126,0.018492,0.213533,0.008753
2033,persistencia,2098,402533.0,13346761.0,12233371.0,0.497057,0.020309,0.235274,0.009613,0.455593,0.018615,0.215647,0.008811
2034,persistencia,2099,402883.0,13262824.0,12050972.0,0.505684,0.020593,0.239357,0.009748,0.459479,0.018712,0.217487,0.008857
2035,persistencia,2100,402229.0,13182104.0,11874505.0,0.51302,0.020825,0.24283,0.009857,0.462131,0.018759,0.218742,0.008879
1950,recuperacion_lenta,2015,438766.0,4739847.0,4736610.0,1.080554,0.060453,0.511462,0.028614,1.079816,0.060411,0.511113,0.028595
1951,recuperacion_lenta,2016,444326.0,4852505.0,4844809.0,1.076835,0.061705,0.509702,0.029207,1.075128,0.061607,0.508894,0.029161
1952,recuperacion_lenta,2017,443386.0,4953784.0,4936329.0,1.063846,0.060189,0.503554,0.02849,1.060098,0.059977,0.501779,0.028389
1953,recuperacion_lenta,2018,452660.0,5061817.0,5037666.0,1.071763,0.059989,0.507301,0.028395,1.066649,0.059703,0.504881,0.028259
1954,recuperacion_lenta,2019,457559.0,5176343.0,5146336.0,1.062073,0.059641,0.502715,0.02823,1.055917,0.059295,0.499801,0.028066
1955,recuperacion_lenta,2020,461293.0,5286769.0,5250280.0,1.054277,0.061879,0.499024,0.029289,1.047,0.061452,0.49558,0.029087
1956,recuperacion_lenta,2021,474142.0,5372600.0,5335247.0,1.073603,0.066693,0.508172,0.031568,1.066138,0.066229,0.504639,0.031348
1957,recuperacion_lenta,2022,478368.0,5428598.0,5391668.0,1.076782,0.064164,0.509677,0.030371,1.069456,0.063727,0.506209,0.030164
1958,recuperacion_lenta,2023,472865.0,5500249.0,5460402.0,1.046606,0.057792,0.495394,0.027355,1.039024,0.057373,0.491805,0.027157
1959,recuperacion_lenta,2024,476211.0,5613873.0,5565635.0,1.019075,0.055829,0.482362,0.026426,1.010319,0.055349,0.478218,0.026199
1960,recuperacion_lenta,2025,473038.0,5733401.0,5671381.0,1.017508,0.055522,0.48162,0.026281,1.006501,0.054922,0.47641,0.025996
1961,recuperacion_lenta,2026,476259.0,5852723.0,5777982.0,1.016651,0.055268,0.481215,0.02616,1.003668,0.054562,0.475069,0.025826
1962,recuperacion_lenta,2027,490414.0,5970321.0,5889464.0,1.031473,0.055862,0.48823,0.026441,1.017503,0.055105,0.481618,0.026083
1963,recuperacion_lenta,2028,491109.0,6089155.0,6000543.0,1.013959,0.054691,0.479941,0.025887,0.999204,0.053895,0.472956,0.02551
1964,recuperacion_lenta,2029,496256.0,6206816.0,6113899.0,0.992819,0.053329,0.469934,0.025242,0.977956,0.05253,0.462899,0.024864
1965,recuperacion_lenta,2030,481814.0,6321396.0,6216387.0,0.968331,0.051817,0.458343,0.024527,0.952246,0.050956,0.45073,0.024119
1966,recuperacion_lenta,2031,478617.0,6428003.0,6308083.0,0.954178,0.050841,0.451644,0.024065,0.936377,0.049892,0.443219,0.023616
1967,recuperacion_lenta,2032,478692.0,6531054.0,6388748.0,0.947234,0.050259,0.448357,0.023789,0.926595,0.049164,0.438588,0.023271
1968,recuperacion_lenta,2033,493353.0,6637185.0,6474014.0,0.964057,0.050917,0.45632,0.024101,0.940356,0.049665,0.445102,0.023508
1969,recuperacion_lenta,2034,580699.0,6749001.0,6619911.0,1.10114,0.0579,0.521206,0.027406,1.080079,0.056793,0.511237,0.026882
1970,recuperacion_lenta,2035,516025.0,6868184.0,6711343.0,0.979522,0.05129,0.46364,0.024277,0.957154,0.050119,0.453053,0.023723
1971,recuperacion_lenta,2036,571733.0,6993544.0,6841202.0,1.072951,0.055957,0.507863,0.026486,1.049579,0.054738,0.4968,0.025909
1972,recuperacion_lenta,2037,587110.0,7129115.0,6981467.0,1.084659,0.056333,0.513405,0.026664,1.062195,0.055166,0.502772,0.026112
1973,recuperacion_lenta,2038,604141.0,7272757.0,7129997.0,1.097381,0.056735,0.519427,0.026855,1.07584,0.055621,0.509231,0.026327
1974,recuperacion_lenta,2039,623622.0,7427203.0,7289518.0,1.105653,0.056938,0.523342,0.026951,1.085156,0.055883,0.513641,0.026451
1975,recuperacion_lenta,2040,659013.0,7594496.0,7472871.0,1.151612,0.059037,0.545096,0.027944,1.133169,0.058092,0.536367,0.027497
1976,recuperacion_lenta,2041,656768.0,7772180.0,7650893.0,1.127535,0.057554,0.5337,0.027242,1.10994,0.056656,0.525372,0.026817
1977,recuperacion_lenta,2042,649967.0,7961601.0,7822295.0,1.095656,0.055693,0.51861,0.026362,1.076485,0.054719,0.509536,0.0259
1978,recuperacion_lenta,2043,665623.0,8161983.0,8010450.0,1.100217,0.055696,0.520769,0.026363,1.07979,0.054662,0.511101,0.025873
1979,recuperacion_lenta,2044,701911.0,8366459.0,8228802.0,1.128893,0.056901,0.534343,0.026933,1.110319,0.055965,0.525551,0.02649
1980,recuperacion_lenta,2045,697461.0,8571786.0,8444616.0,1.10089,0.055267,0.521088,0.02616,1.084557,0.054448,0.513357,0.025772
1981,recuperacion_lenta,2046,680292.0,8774592.0,8645826.0,1.054892,0.052737,0.499315,0.024962,1.039411,0.051964,0.491988,0.024596
1982,recuperacion_lenta,2047,663429.0,8973257.0,8831395.0,1.011703,0.050354,0.478873,0.023834,0.995708,0.049557,0.471302,0.023457
1983,recuperacion_lenta,2048,655876.0,9167535.0,9009539.0,0.984343,0.048775,0.465922,0.023087,0.967379,0.047934,0.457893,0.022689
1984,recuperacion_lenta,2049,635323.0,9356328.0,9163753.0,0.937587,0.046253,0.443791,0.021893,0.918289,0.045301,0.434657,0.021443
1985,recuperacion_lenta,2050,650873.0,9544386.0,9331920.0,0.94825,0.046592,0.448838,0.022054,0.927141,0.045555,0.438847,0.021563
1986,recuperacion_lenta,2051,675388.0,9727205.0,9510682.0,0.96882,0.047408,0.458575,0.02244,0.947254,0.046353,0.448367,0.02194
1987,recuperacion_lenta,2052,668136.0,9911733.0,9681021.0,0.944298,0.046028,0.446968,0.021787,0.922318,0.044956,0.436564,0.021279
1988,recuperacion_lenta,2053,680605.0,10096531.0,9853442.0,0.948134,0.046023,0.448784,0.021784,0.925307,0.044915,0.437978,0.02126
1989,recuperacion_lenta,2054,667058.0,10286934.0,10016341.0,0.915113,0.044227,0.433153,0.020934,0.891041,0.043063,0.42176,0.020383
1990,recuperacion_lenta,2055,678644.0,10476977.0,10178360.0,0.918834,0.044223,0.434915,0.020932,0.892646,0.042963,0.422519,0.020336
1991,recuperacion_lenta,2056,694776.0,10673715.0,10356555.0,0.927536,0.044455,0.439034,0.021042,0.899975,0.043134,0.425988,0.020417
1992,recuperacion_lenta,2057,678761.0,10870239.0,10517554.0,0.894916,0.042705,0.423594,0.020213,0.865881,0.041319,0.40985,0.019558
1993,recuperacion_lenta,2058,667518.0,11066020.0,10663744.0,0.870851,0.041382,0.412203,0.019588,0.839193,0.039878,0.397218,0.018876
1994,recuperacion_lenta,2059,673787.0,11261942.0,10812463.0,0.868494,0.041096,0.411087,0.019452,0.833832,0.039456,0.39468,0.018676
1995,recuperacion_lenta,2060,658735.0,11456284.0,10951810.0,0.840561,0.039615,0.397865,0.018751,0.803547,0.037871,0.380345,0.017925
1996,recuperacion_lenta,2061,675437.0,11640120.0,11104236.0,0.852778,0.040031,0.403648,0.018948,0.813518,0.038188,0.385065,0.018076
1997,recuperacion_lenta,2062,692357.0,11810608.0,11265730.0,0.864466,0.040411,0.409181,0.019128,0.824585,0.038547,0.390303,0.018245
1998,recuperacion_lenta,2063,683301.0,11969400.0,11408121.0,0.845322,0.039361,0.400119,0.018631,0.805682,0.037515,0.381356,0.017757
1999,recuperacion_lenta,2064,686748.0,12122581.0,11543853.0,0.841626,0.039024,0.398369,0.018472,0.801447,0.037161,0.379351,0.01759
2000,recuperacion_lenta,2065,701878.0,12276318.0,11695745.0,0.851557,0.039318,0.40307,0.018611,0.811285,0.037459,0.384008,0.01773
2001,recuperacion_lenta,2066,683495.0,12422308.0,11830546.0,0.821671,0.037783,0.388924,0.017884,0.782529,0.035983,0.370397,0.017032
2002,recuperacion_lenta,2067,694684.0,12557845.0,11966450.0,0.828154,0.037926,0.391993,0.017952,0.789153,0.03614,0.373532,0.017106
2003,recuperacion_lenta,2068,697952.0,12687363.0,12104055.0,0.825112,0.037649,0.390553,0.01782,0.787177,0.035918,0.372597,0.017001
2004,recuperacion_lenta,2069,736261.0,12808639.0,12269342.0,0.860429,0.039106,0.40727,0.01851,0.824201,0.037459,0.390122,0.017731
2005,recuperacion_lenta,2070,712220.0,12928119.0,12395082.0,0.825914,0.037381,0.390932,0.017693,0.791861,0.035839,0.374814,0.016964
2006,recuperacion_lenta,2071,696451.0,13050797.0,12518576.0,0.801521,0.036132,0.379387,0.017103,0.768835,0.034659,0.363915,0.016405
2007,recuperacion_lenta,2072,700792.0,13171414.0,12641644.0,0.800356,0.035931,0.378835,0.017007,0.768165,0.034486,0.363598,0.016323
2008,recuperacion_lenta,2073,746460.0,13288344.0,12778298.0,0.845583,0.037809,0.400243,0.017896,0.813127,0.036358,0.38488,0.017209
2009,recuperacion_lenta,2074,745336.0,13426663.0,12937540.0,0.835481,0.037222,0.395461,0.017618,0.805045,0.035866,0.381055,0.016977
2010,recuperacion_lenta,2075,756176.0,13560172.0,13093319.0,0.839167,0.037234,0.397206,0.017624,0.810276,0.035952,0.383531,0.017017
2011,recuperacion_lenta,2076,758042.0,13701248.0,13254452.0,0.833085,0.036822,0.394327,0.017429,0.805918,0.035621,0.381468,0.016861
2012,recuperacion_lenta,2077,738318.0,13841618.0,13417300.0,0.803299,0.035369,0.380228,0.016741,0.778673,0.034285,0.368572,0.016228
2013,recuperacion_lenta,2078,754603.0,13960380.0,13561948.0,0.814031,0.03571,0.385308,0.016903,0.790798,0.03469,0.374311,0.01642
2014,recuperacion_lenta,2079,777012.0,14091032.0,13720598.0,0.83005,0.036279,0.39289,0.017172,0.808229,0.035325,0.382562,0.016721
2015,recuperacion_lenta,2080,770040.0,14239424.0,13893804.0,0.813774,0.035441,0.385186,0.016775,0.794022,0.034581,0.375837,0.016368
2016,recuperacion_lenta,2081,728035.0,14378747.0,14047095.0,0.762611,0.033087,0.360969,0.015661,0.745021,0.032324,0.352643,0.0153
2017,recuperacion_lenta,2082,704609.0,14487994.0,14169160.0,0.733015,0.031691,0.34696,0.015,0.716884,0.030994,0.339325,0.01467
2018,recuperacion_lenta,2083,685394.0,14575579.0,14281606.0,0.708712,0.030536,0.335457,0.014454,0.694418,0.02992,0.328691,0.014162
2019,recuperacion_lenta,2084,625441.0,14633003.0,14361237.0,0.644282,0.027656,0.30496,0.01309,0.632316,0.027142,0.299296,0.012847
2020,recuperacion_lenta,2085,533299.0,14634981.0,14389339.0,0.549246,0.023495,0.259976,0.011121,0.540027,0.023101,0.255613,0.010934
2021,recuperacion_lenta,2086,529794.0,14551584.0,14331087.0,0.548758,0.023384,0.259745,0.011069,0.540443,0.02303,0.25581,0.010901
2022,recuperacion_lenta,2087,495295.0,14464544.0,14263274.0,0.51632,0.021919,0.244391,0.010375,0.509136,0.021614,0.240991,0.010231
2023,recuperacion_lenta,2088,460902.0,14347018.0,14128019.0,0.485858,0.020556,0.229973,0.00973,0.478441,0.020242,0.226462,0.009581
2024,recuperacion_lenta,2089,413135.0,14236173.0,13949753.0,0.441718,0.018624,0.20908,0.008815,0.432831,0.01825,0.204873,0.008638
2025,recuperacion_lenta,2090,389973.0,14127794.0,13752836.0,0.423576,0.017793,0.200493,0.008422,0.412334,0.017321,0.195172,0.008198
2026,recuperacion_lenta,2091,402790.0,14021317.0,13568252.0,0.4441,0.01859,0.210207,0.008799,0.42975,0.01799,0.203415,0.008515
2027,recuperacion_lenta,2092,415467.0,13917178.0,13390866.0,0.46481,0.019388,0.22001,0.009177,0.447232,0.018655,0.21169,0.00883
2028,recuperacion_lenta,2093,427593.0,13815291.0,13225826.0,0.485053,0.020163,0.229592,0.009544,0.464357,0.019303,0.219796,0.009137
2029,recuperacion_lenta,2094,439937.0,13715223.0,13074193.0,0.50556,0.020939,0.239298,0.009911,0.481931,0.01996,0.228114,0.009448
2030,recuperacion_lenta,2095,452664.0,13618365.0,12932378.0,0.526629,0.021736,0.249271,0.010288,0.500102,0.020641,0.236715,0.00977
2031,recuperacion_lenta,2096,465305.0,13524761.0,12808111.0,0.547325,0.022512,0.259067,0.010656,0.518324,0.021319,0.24534,0.010091
2032,recuperacion_lenta,2097,477441.0,13434093.0,12694274.0,0.567393,0.023258,0.268566,0.011009,0.536147,0.021977,0.253776,0.010402
2033,recuperacion_lenta,2098,489232.0,13346761.0,12586419.0,0.58717,0.023991,0.277927,0.011356,0.55372,0.022624,0.262094,0.010709
2034,recuperacion_lenta,2099,500505.0,13262824.0,12492533.0,0.606011,0.024679,0.286845,0.011681,0.570815,0.023246,0.270186,0.011003
2035,recuperacion_lenta,2100,510521.0,13182104.0,12414153.0,0.622835,0.025282,0.294809,0.011967,0.586551,0.023809,0.277634,0.01127
1950,caida_adicional,2015,438766.0,4739847.0,4736610.0,1.080554,0.060453,0.511462,0.028614,1.079816,0.060411,0.511113,0.028595
1951,caida_adicional,2016,444326.0,4852505.0,4844809.0,1.076835,0.061705,0.509702,0.029207,1.075128,0.061607,0.508894,0.029161
1952,caida_adicional,2017,443386.0,4953784.0,4936329.0,1.063846,0.060189,0.503554,0.02849,1.060098,0.059977,0.501779,0.028389
1953,caida_adicional,2018,452660.0,5061817.0,5037666.0,1.071763,0.059989,0.507301,0.028395,1.066649,0.059703,0.504881,0.028259
1954,caida_adicional,2019,457559.0,5176343.0,5146336.0,1.062073,0.059641,0.502715,0.02823,1.055917,0.059295,0.499801,0.028066
1955,caida_adicional,2020,461293.0,5286769.0,5250280.0,1.054277,0.061879,0.499024,0.029289,1.047,0.061452,0.49558,0.029087
1956,caida_adicional,2021,474142.0,5372600.0,5335247.0,1.073603,0.066693,0.508172,0.031568,1.066138,0.066229,0.504639,0.031348
1957,caida_adicional,2022,478368.0,5428598.0,5391668.0,1.076782,0.064164,0.509677,0.030371,1.069456,0.063727,0.506209,0.030164
1958,caida_adicional,2023,472865.0,5500249.0,5460402.0,1.046606,0.057792,0.495394,0.027355,1.039024,0.057373,0.491805,0.027157
1959,caida_adicional,2024,476211.0,5613873.0,5565635.0,1.019075,0.055829,0.482362,0.026426,1.010319,0.055349,0.478218,0.026199
1960,caida_adicional,2025,473038.0,5733401.0,5671381.0,1.017508,0.055522,0.48162,0.026281,1.006501,0.054922,0.47641,0.025996
1961,caida_adicional,2026,476259.0,5852723.0,5777982.0,1.016651,0.055268,0.481215,0.02616,1.003668,0.054562,0.475069,0.025826
1962,caida_adicional,2027,490414.0,5970321.0,5889464.0,1.031473,0.055862,0.48823,0.026441,1.017503,0.055105,0.481618,0.026083
1963,caida_adicional,2028,491109.0,6089155.0,6000543.0,1.013959,0.054691,0.479941,0.025887,0.999204,0.053895,0.472956,0.02551
1964,caida_adicional,2029,496256.0,6206816.0,6113899.0,0.992819,0.053329,0.469934,0.025242,0.977956,0.05253,0.462899,0.024864
1965,caida_adicional,2030,481814.0,6321396.0,6216387.0,0.968331,0.051817,0.458343,0.024527,0.952246,0.050956,0.45073,0.024119
1966,caida_adicional,2031,478617.0,6428003.0,6308083.0,0.954178,0.050841,0.451644,0.024065,0.936377,0.049892,0.443219,0.023616
1967,caida_adicional,2032,478692.0,6531054.0,6388748.0,0.947234,0.050259,0.448357,0.023789,0.926595,0.049164,0.438588,0.023271
1968,caida_adicional,2033,493353.0,6637185.0,6474014.0,0.964057,0.050917,0.45632,0.024101,0.940356,0.049665,0.445102,0.023508
1969,caida_adicional,2034,580699.0,6749001.0,6619911.0,1.10114,0.0579,0.521206,0.027406,1.080079,0.056793,0.511237,0.026882
1970,caida_adicional,2035,516025.0,6868184.0,6711343.0,0.979522,0.05129,0.46364,0.024277,0.957154,0.050119,0.453053,0.023723
1971,caida_adicional,2036,571733.0,6993544.0,6841202.0,1.072951,0.055957,0.507863,0.026486,1.049579,0.054738,0.4968,0.025909
1972,caida_adicional,2037,587110.0,7129115.0,6981467.0,1.084659,0.056333,0.513405,0.026664,1.062195,0.055166,0.502772,0.026112
1973,caida_adicional,2038,604141.0,7272757.0,7129997.0,1.097381,0.056735,0.519427,0.026855,1.07584,0.055621,0.509231,0.026327
1974,caida_adicional,2039,623622.0,7427203.0,7289518.0,1.105653,0.056938,0.523342,0.026951,1.085156,0.055883,0.513641,0.026451
1975,caida_adicional,2040,659013.0,7594496.0,7472871.0,1.151612,0.059037,0.545096,0.027944,1.133169,0.058092,0.536367,0.027497
1976,caida_adicional,2041,656768.0,7772180.0,7650893.0,1.127535,0.057554,0.5337,0.027242,1.10994,0.056656,0.525372,0.026817
1977,caida_adicional,2042,649967.0,7961601.0,7822295.0,1.095656,0.055693,0.51861,0.026362,1.076485,0.054719,0.509536,0.0259
1978,caida_adicional,2043,665623.0,8161983.0,8010450.0,1.100217,0.055696,0.520769,0.026363,1.07979,0.054662,0.511101,0.025873
1979,caida_adicional,2044,701911.0,8366459.0,8228802.0,1.128893,0.056901,0.534343,0.026933,1.110319,0.055965,0.525551,0.02649
1980,caida_adicional,2045,697461.0,8571786.0,8444616.0,1.10089,0.055267,0.521088,0.02616,1.084557,0.054448,0.513357,0.025772
1981,caida_adicional,2046,680292.0,8774592.0,8645826.0,1.054892,0.052737,0.499315,0.024962,1.039411,0.051964,0.491988,0.024596
1982,caida_adicional,2047,663429.0,8973257.0,8831395.0,1.011703,0.050354,0.478873,0.023834,0.995708,0.049557,0.471302,0.023457
1983,caida_adicional,2048,655876.0,9167535.0,9009539.0,0.984343,0.048775,0.465922,0.023087,0.967379,0.047934,0.457893,0.022689
1984,caida_adicional,2049,635323.0,9356328.0,9163753.0,0.937587,0.046253,0.443791,0.021893,0.918289,0.045301,0.434657,0.021443
1985,caida_adicional,2050,650873.0,9544386.0,9331920.0,0.94825,0.046592,0.448838,0.022054,0.927141,0.045555,0.438847,0.021563
1986,caida_adicional,2051,675388.0,9727205.0,9510682.0,0.96882,0.047408,0.458575,0.02244,0.947254,0.046353,0.448367,0.02194
1987,caida_adicional,2052,668136.0,9911733.0,9681021.0,0.944298,0.046028,0.446968,0.021787,0.922318,0.044956,0.436564,0.021279
1988,caida_adicional,2053,680605.0,10096531.0,9853442.0,0.948134,0.046023,0.448784,0.021784,0.925307,0.044915,0.437978,0.02126
1989,caida_adicional,2054,667058.0,10286934.0,10016341.0,0.915113,0.044227,0.433153,0.020934,0.891041,0.043063,0.42176,0.020383
1990,caida_adicional,2055,678644.0,10476977.0,10178360.0,0.918834,0.044223,0.434915,0.020932,0.892646,0.042963,0.422519,0.020336
1991,caida_adicional,2056,694776.0,10673715.0,10356555.0,0.927536,0.044455,0.439034,0.021042,0.899975,0.043134,0.425988,0.020417
1992,caida_adicional,2057,678761.0,10870239.0,10517554.0,0.894916,0.042705,0.423594,0.020213,0.865881,0.041319,0.40985,0.019558
1993,caida_adicional,2058,667518.0,11066020.0,10663744.0,0.870851,0.041382,0.412203,0.019588,0.839193,0.039878,0.397218,0.018876
1994,caida_adicional,2059,673787.0,11261942.0,10812463.0,0.868494,0.041096,0.411087,0.019452,0.833832,0.039456,0.39468,0.018676
1995,caida_adicional,2060,658735.0,11456284.0,10951810.0,0.840561,0.039615,0.397865,0.018751,0.803547,0.037871,0.380345,0.017925
1996,caida_adicional,2061,675437.0,11640120.0,11104236.0,0.852778,0.040031,0.403648,0.018948,0.813518,0.038188,0.385065,0.018076
1997,caida_adicional,2062,692357.0,11810608.0,11265730.0,0.864466,0.040411,0.409181,0.019128,0.824585,0.038547,0.390303,0.018245
1998,caida_adicional,2063,683301.0,11969400.0,11408121.0,0.845322,0.039361,0.400119,0.018631,0.805682,0.037515,0.381356,0.017757
1999,caida_adicional,2064,686748.0,12122581.0,11543853.0,0.841626,0.039024,0.398369,0.018472,0.801447,0.037161,0.379351,0.01759
2000,caida_adicional,2065,701878.0,12276318.0,11695745.0,0.851557,0.039318,0.40307,0.018611,0.811285,0.037459,0.384008,0.01773
2001,caida_adicional,2066,683495.0,12422308.0,11830546.0,0.821671,0.037783,0.388924,0.017884,0.782529,0.035983,0.370397,0.017032
2002,caida_adicional,2067,694684.0,12557845.0,11966450.0,0.828154,0.037926,0.391993,0.017952,0.789153,0.03614,0.373532,0.017106
2003,caida_adicional,2068,697952.0,12687363.0,12104055.0,0.825112,0.037649,0.390553,0.01782,0.787177,0.035918,0.372597,0.017001
2004,caida_adicional,2069,736261.0,12808639.0,12269342.0,0.860429,0.039106,0.40727,0.01851,0.824201,0.037459,0.390122,0.017731
2005,caida_adicional,2070,712220.0,12928119.0,12395082.0,0.825914,0.037381,0.390932,0.017693,0.791861,0.035839,0.374814,0.016964
2006,caida_adicional,2071,696451.0,13050797.0,12518576.0,0.801521,0.036132,0.379387,0.017103,0.768835,0.034659,0.363915,0.016405
2007,caida_adicional,2072,700792.0,13171414.0,12641644.0,0.800356,0.035931,0.378835,0.017007,0.768165,0.034486,0.363598,0.016323
2008,caida_adicional,2073,746460.0,13288344.0,12778298.0,0.845583,0.037809,0.400243,0.017896,0.813127,0.036358,0.38488,0.017209
2009,caida_adicional,2074,745336.0,13426663.0,12937540.0,0.835481,0.037222,0.395461,0.017618,0.805045,0.035866,0.381055,0.016977
2010,caida_adicional,2075,756176.0,13560172.0,13093319.0,0.839167,0.037234,0.397206,0.017624,0.810276,0.035952,0.383531,0.017017
2011,caida_adicional,2076,758042.0,13701248.0,13254452.0,0.833085,0.036822,0.394327,0.017429,0.805918,0.035621,0.381468,0.016861
2012,caida_adicional,2077,738318.0,13841618.0,13417300.0,0.803299,0.035369,0.380228,0.016741,0.778673,0.034285,0.368572,0.016228
2013,caida_adicional,2078,754603.0,13960380.0,13561948.0,0.814031,0.03571,0.385308,0.016903,0.790798,0.03469,0.374311,0.01642
2014,caida_adicional,2079,777012.0,14091032.0,13720598.0,0.83005,0.036279,0.39289,0.017172,0.808229,0.035325,0.382562,0.016721
2015,caida_adicional,2080,770040.0,14239424.0,13893804.0,0.813774,0.035441,0.385186,0.016775,0.794022,0.034581,0.375837,0.016368
2016,caida_adicional,2081,728035.0,14378747.0,14047095.0,0.762611,0.033087,0.360969,0.015661,0.745021,0.032324,0.352643,0.0153
2017,caida_adicional,2082,704609.0,14487994.0,14169160.0,0.733015,0.031691,0.34696,0.015,0.716884,0.030994,0.339325,0.01467
2018,caida_adicional,2083,685394.0,14575579.0,14281606.0,0.708712,0.030536,0.335457,0.014454,0.694418,0.02992,0.328691,0.014162
2019,caida_adicional,2084,625441.0,14633003.0,14361237.0,0.644282,0.027656,0.30496,0.01309,0.632316,0.027142,0.299296,0.012847
2020,caida_adicional,2085,533299.0,14634981.0,14389339.0,0.549246,0.023495,0.259976,0.011121,0.540027,0.023101,0.255613,0.010934
2021,caida_adicional,2086,529794.0,14551584.0,14331087.0,0.548758,0.023384,0.259745,0.011069,0.540443,0.02303,0.25581,0.010901
2022,caida_adicional,2087,495295.0,14464544.0,14263274.0,0.51632,0.021919,0.244391,0.010375,0.509136,0.021614,0.240991,0.010231
2023,caida_adicional,2088,460902.0,14347018.0,14128019.0,0.485858,0.020556,0.229973,0.00973,0.478441,0.020242,0.226462,0.009581
2024,caida_adicional,2089,413135.0,14236173.0,13949753.0,0.441718,0.018624,0.20908,0.008815,0.432831,0.01825,0.204873,0.008638
2025,caida_adicional,2090,389973.0,14127794.0,13752836.0,0.423576,0.017793,0.200493,0.008422,0.412334,0.017321,0.195172,0.008198
2026,caida_adicional,2091,380915.0,14021317.0,13548180.0,0.420604,0.017607,0.199086,0.008334,0.406411,0.017013,0.192368,0.008053
2027,caida_adicional,2092,371494.0,13917178.0,13330464.0,0.417498,0.017414,0.197616,0.008243,0.399897,0.01668,0.189285,0.007895
2028,caida_adicional,2093,361400.0,13815291.0,13104744.0,0.413753,0.017199,0.195843,0.008141,0.392473,0.016315,0.18577,0.007722
2029,caida_adicional,2094,362796.0,13715223.0,12882696.0,0.423109,0.017524,0.200272,0.008295,0.397426,0.01646,0.188115,0.007791
2030,caida_adicional,2095,364433.0,13618365.0,12660607.0,0.433082,0.017875,0.204992,0.008461,0.402624,0.016618,0.190576,0.007866
2031,caida_adicional,2096,365927.0,13524761.0,12446060.0,0.442951,0.018219,0.209663,0.008624,0.407622,0.016766,0.192941,0.007936
2032,caida_adicional,2097,366965.0,13434093.0,12232157.0,0.452578,0.018551,0.21422,0.008781,0.412087,0.016892,0.195054,0.007995
2033,caida_adicional,2098,367698.0,13346761.0,12014543.0,0.462312,0.018889,0.218828,0.008941,0.416166,0.017004,0.196985,0.008048
2034,caida_adicional,2099,368018.0,13262824.0,11801230.0,0.471699,0.019209,0.223271,0.009092,0.419716,0.017092,0.198666,0.00809
2035,caida_adicional,2100,367420.0,13182104.0,11594095.0,0.479957,0.019483,0.22718,0.009222,0.422138,0.017136,0.199812,0.008111
1950,onu_medio,2015,438766.0,4739847.0,4736610.0,1.080554,0.060453,0.511462,0.028614,1.079816,0.060411,0.511113,0.028595
1951,onu_medio,2016,444326.0,4852505.0,4844809.0,1.076835,0.061705,0.509702,0.029207,1.075128,0.061607,0.508894,0.029161
1952,onu_medio,2017,443386.0,4953784.0,4936329.0,1.063846,0.060189,0.503554,0.02849,1.060098,0.059977,0.501779,0.028389
1953,onu_medio,2018,452660.0,5061817.0,5037666.0,1.071763,0.059989,0.507301,0.028395,1.066649,0.059703,0.504881,0.028259
1954,onu_medio,2019,457559.0,5176343.0,5146336.0,1.062073,0.059641,0.502715,0.02823,1.055917,0.059295,0.499801,0.028066
1955,onu_medio,2020,461293.0,5286769.0,5250280.0,1.054277,0.061879,0.499024,0.029289,1.047,0.061452,0.49558,0.029087
1956,onu_medio,2021,474142.0,5372600.0,5335247.0,1.073603,0.066693,0.508172,0.031568,1.066138,0.066229,0.504639,0.031348
1957,onu_medio,2022,478368.0,5428598.0,5391668.0,1.076782,0.064164,0.509677,0.030371,1.069456,0.063727,0.506209,0.030164
1958,onu_medio,2023,472865.0,5500249.0,5460402.0,1.046606,0.057792,0.495394,0.027355,1.039024,0.057373,0.491805,0.027157
1959,onu_medio,2024,476211.0,5613873.0,5565635.0,1.019075,0.055829,0.482362,0.026426,1.010319,0.055349,0.478218,0.026199
1960,onu_medio,2025,473038.0,5733401.0,5671381.0,1.017508,0.055522,0.48162,0.026281,1.006501,0.054922,0.47641,0.025996
1961,onu_medio,2026,476259.0,5852723.0,5777982.0,1.016651,0.055268,0.481215,0.02616,1.003668,0.054562,0.475069,0.025826
1962,onu_medio,2027,490414.0,5970321.0,5889464.0,1.031473,0.055862,0.48823,0.026441,1.017503,0.055105,0.481618,0.026083
1963,onu_medio,2028,491109.0,6089155.0,6000543.0,1.013959,0.054691,0.479941,0.025887,0.999204,0.053895,0.472956,0.02551
1964,onu_medio,2029,496256.0,6206816.0,6113899.0,0.992819,0.053329,0.469934,0.025242,0.977956,0.05253,0.462899,0.024864
1965,onu_medio,2030,481814.0,6321396.0,6216387.0,0.968331,0.051817,0.458343,0.024527,0.952246,0.050956,0.45073,0.024119
1966,onu_medio,2031,478617.0,6428003.0,6308083.0,0.954178,0.050841,0.451644,0.024065,0.936377,0.049892,0.443219,0.023616
1967,onu_medio,2032,478692.0,6531054.0,6388748.0,0.947234,0.050259,0.448357,0.023789,0.926595,0.049164,0.438588,0.023271
1968,onu_medio,2033,493353.0,6637185.0,6474014.0,0.964057,0.050917,0.45632,0.024101,0.940356,0.049665,0.445102,0.023508
1969,onu_medio,2034,580699.0,6749001.0,6619911.0,1.10114,0.0579,0.521206,0.027406,1.080079,0.056793,0.511237,0.026882
1970,onu_medio,2035,516025.0,6868184.0,6711343.0,0.979522,0.05129,0.46364,0.024277,0.957154,0.050119,0.453053,0.023723
1971,onu_medio,2036,571733.0,6993544.0,6841202.0,1.072951,0.055957,0.507863,0.026486,1.049579,0.054738,0.4968,0.025909
1972,onu_medio,2037,587110.0,7129115.0,6981467.0,1.084659,0.056333,0.513405,0.026664,1.062195,0.055166,0.502772,0.026112
1973,onu_medio,2038,604141.0,7272757.0,7129997.0,1.097381,0.056735,0.519427,0.026855,1.07584,0.055621,0.509231,0.026327
1974,onu_medio,2039,623622.0,7427203.0,7289518.0,1.105653,0.056938,0.523342,0.026951,1.085156,0.055883,0.513641,0.026451
1975,onu_medio,2040,659013.0,7594496.0,7472871.0,1.151612,0.059037,0.545096,0.027944,1.133169,0.058092,0.536367,0.027497
1976,onu_medio,2041,656768.0,7772180.0,7650893.0,1.127535,0.057554,0.5337,0.027242,1.10994,0.056656,0.525372,0.026817
1977,onu_medio,2042,649967.0,7961601.0,7822295.0,1.095656,0.055693,0.51861,0.026362,1.076485,0.054719,0.509536,0.0259
1978,onu_medio,2043,665623.0,8161983.0,8010450.0,1.100217,0.055696,0.520769,0.026363,1.07979,0.054662,0.511101,0.025873
1979,onu_medio,2044,701911.0,8366459.0,8228802.0,1.128893,0.056901,0.534343,0.026933,1.110319,0.055965,0.525551,0.02649
1980,onu_medio,2045,697461.0,8571786.0,8444616.0,1.10089,0.055267,0.521088,0.02616,1.084557,0.054448,0.513357,0.025772
1981,onu_medio,2046,680292.0,8774592.0,8645826.0,1.054892,0.052737,0.499315,0.024962,1.039411,0.051964,0.491988,0.024596
1982,onu_medio,2047,663429.0,8973257.0,8831395.0,1.011703,0.050354,0.478873,0.023834,0.995708,0.049557,0.471302,0.023457
1983,onu_medio,2048,655876.0,9167535.0,9009539.0,0.984343,0.048775,0.465922,0.023087,0.967379,0.047934,0.457893,0.022689
1984,onu_medio,2049,635323.0,9356328.0,9163753.0,0.937587,0.046253,0.443791,0.021893,0.918289,0.045301,0.434657,0.021443
1985,onu_medio,2050,650873.0,9544386.0,9331920.0,0.94825,0.046592,0.448838,0.022054,0.927141,0.045555,0.438847,0.021563
1986,onu_medio,2051,675388.0,9727205.0,9510682.0,0.96882,0.047408,0.458575,0.02244,0.947254,0.046353,0.448367,0.02194
1987,onu_medio,2052,668136.0,9911733.0,9681021.0,0.944298,0.046028,0.446968,0.021787,0.922318,0.044956,0.436564,0.021279
1988,onu_medio,2053,680605.0,10096531.0,9853442.0,0.948134,0.046023,0.448784,0.021784,0.925307,0.044915,0.437978,0.02126
1989,onu_medio,2054,667058.0,10286934.0,10016341.0,0.915113,0.044227,0.433153,0.020934,0.891041,0.043063,0.42176,0.020383
1990,onu_medio,2055,678644.0,10476977.0,10178360.0,0.918834,0.044223,0.434915,0.020932,0.892646,0.042963,0.422519,0.020336
1991,onu_medio,2056,694776.0,10673715.0,10356555.0,0.927536,0.044455,0.439034,0.021042,0.899975,0.043134,0.425988,0.020417
1992,onu_medio,2057,678761.0,10870239.0,10517554.0,0.894916,0.042705,0.423594,0.020213,0.865881,0.041319,0.40985,0.019558
1993,onu_medio,2058,667518.0,11066020.0,10663744.0,0.870851,0.041382,0.412203,0.019588,0.839193,0.039878,0.397218,0.018876
1994,onu_medio,2059,673787.0,11261942.0,10812463.0,0.868494,0.041096,0.411087,0.019452,0.833832,0.039456,0.39468,0.018676
1995,onu_medio,2060,658735.0,11456284.0,10951810.0,0.840561,0.039615,0.397865,0.018751,0.803547,0.037871,0.380345,0.017925
1996,onu_medio,2061,675437.0,11640120.0,11104236.0,0.852778,0.040031,0.403648,0.018948,0.813518,0.038188,0.385065,0.018076
1997,onu_medio,2062,692357.0,11810608.0,11265730.0,0.864466,0.040411,0.409181,0.019128,0.824585,0.038547,0.390303,0.018245
1998,onu_medio,2063,683301.0,11969400.0,11408121.0,0.845322,0.039361,0.400119,0.018631,0.805682,0.037515,0.381356,0.017757
1999,onu_medio,2064,686748.0,12122581.0,11543853.0,0.841626,0.039024,0.398369,0.018472,0.801447,0.037161,0.379351,0.01759
2000,onu_medio,2065,701878.0,12276318.0,11695745.0,0.851557,0.039318,0.40307,0.018611,0.811285,0.037459,0.384008,0.01773
2001,onu_medio,2066,683495.0,12422308.0,11830546.0,0.821671,0.037783,0.388924,0.017884,0.782529,0.035983,0.370397,0.017032
2002,onu_medio,2067,694684.0,12557845.0,11966450.0,0.828154,0.037926,0.391993,0.017952,0.789153,0.03614,0.373532,0.017106
2003,onu_medio,2068,697952.0,12687363.0,12104055.0,0.825112,0.037649,0.390553,0.01782,0.787177,0.035918,0.372597,0.017001
2004,onu_medio,2069,736261.0,12808639.0,12269342.0,0.860429,0.039106,0.40727,0.01851,0.824201,0.037459,0.390122,0.017731
2005,onu_medio,2070,712220.0,12928119.0,12395082.0,0.825914,0.037381,0.390932,0.017693,0.791861,0.035839,0.374814,0.016964
2006,onu_medio,2071,696451.0,13050797.0,12518576.0,0.801521,0.036132,0.379387,0.017103,0.768835,0.034659,0.363915,0.016405
2007,onu_medio,2072,700792.0,13171414.0,12641644.0,0.800356,0.035931,0.378835,0.017007,0.768165,0.034486,0.363598,0.016323
2008,onu_medio,2073,746460.0,13288344.0,12778298.0,0.845583,0.037809,0.400243,0.017896,0.813127,0.036358,0.38488,0.017209
2009,onu_medio,2074,745336.0,13426663.0,12937540.0,0.835481,0.037222,0.395461,0.017618,0.805045,0.035866,0.381055,0.016977
2010,onu_medio,2075,756176.0,13560172.0,13093319.0,0.839167,0.037234,0.397206,0.017624,0.810276,0.035952,0.383531,0.017017
2011,onu_medio,2076,758042.0,13701248.0,13254452.0,0.833085,0.036822,0.394327,0.017429,0.805918,0.035621,0.381468,0.016861
2012,onu_medio,2077,738318.0,13841618.0,13417300.0,0.803299,0.035369,0.380228,0.016741,0.778673,0.034285,0.368572,0.016228
2013,onu_medio,2078,754603.0,13960380.0,13561948.0,0.814031,0.03571,0.385308,0.016903,0.790798,0.03469,0.374311,0.01642
2014,onu_medio,2079,777012.0,14091032.0,13720598.0,0.83005,0.036279,0.39289,0.017172,0.808229,0.035325,0.382562,0.016721
2015,onu_medio,2080,770040.0,14239424.0,13893804.0,0.813774,0.035441,0.385186,0.016775,0.794022,0.034581,0.375837,0.016368
2016,onu_medio,2081,728035.0,14378747.0,14047095.0,0.762611,0.033087,0.360969,0.015661,0.745021,0.032324,0.352643,0.0153
2017,onu_medio,2082,704609.0,14487994.0,14169160.0,0.733015,0.031691,0.34696,0.015,0.716884,0.030994,0.339325,0.01467
2018,onu_medio,2083,685394.0,14575579.0,14281606.0,0.708712,0.030536,0.335457,0.014454,0.694418,0.02992,0.328691,0.014162
2019,onu_medio,2084,625441.0,14633003.0,14361237.0,0.644282,0.027656,0.30496,0.01309,0.632316,0.027142,0.299296,0.012847
2020,onu_medio,2085,533299.0,14634981.0,14389339.0,0.549246,0.023495,0.259976,0.011121,0.540027,0.023101,0.255613,0.010934
2021,onu_medio,2086,529794.0,14551584.0,14331087.0,0.548758,0.023384,0.259745,0.011069,0.540443,0.02303,0.25581,0.010901
2022,onu_medio,2087,495295.0,14464544.0,14263274.0,0.51632,0.021919,0.244391,0.010375,0.509136,0.021614,0.240991,0.010231
2023,onu_medio,2088,460902.0,14347018.0,14128019.0,0.485858,0.020556,0.229973,0.00973,0.478441,0.020242,0.226462,0.009581
2024,onu_medio,2089,413135.0,14236173.0,13949753.0,0.441718,0.018624,0.20908,0.008815,0.432831,0.01825,0.204873,0.008638
2025,onu_medio,2090,508067.0,14127794.0,13861179.0,0.547533,0.023,0.259166,0.010887,0.5372,0.022566,0.254275,0.010681
2026,onu_medio,2091,510178.0,14021317.0,13774539.0,0.554078,0.023194,0.262263,0.010978,0.544326,0.022786,0.257647,0.010785
2027,onu_medio,2092,511892.0,13917178.0,13684647.0,0.560393,0.023375,0.265252,0.011064,0.551029,0.022984,0.260821,0.010879
2028,onu_medio,2093,513145.0,13815291.0,13596711.0,0.566223,0.023537,0.268012,0.011141,0.557265,0.023165,0.263772,0.010965
2029,onu_medio,2094,515188.0,13715223.0,13512112.0,0.572848,0.023726,0.271148,0.01123,0.564365,0.023374,0.267133,0.011064
2030,onu_medio,2095,517557.0,13618365.0,13427271.0,0.579933,0.023936,0.274502,0.01133,0.571795,0.0236,0.27065,0.011171
2031,onu_medio,2096,519318.0,13524761.0,13349517.0,0.586085,0.024107,0.277414,0.01141,0.578491,0.023794,0.273819,0.011263
2032,onu_medio,2097,521170.0,13434093.0,13272185.0,0.592392,0.024282,0.280399,0.011494,0.585252,0.02399,0.27702,0.011355
2033,onu_medio,2098,523037.0,13346761.0,13191140.0,0.598965,0.024473,0.28351,0.011584,0.591981,0.024187,0.280204,0.011449
2034,onu_medio,2099,524247.0,13262824.0,13114236.0,0.604666,0.024624,0.286209,0.011655,0.597892,0.024348,0.283002,0.011525
2035,onu_medio,2100,524661.0,13182104.0,13043389.0,0.609207,0.024729,0.288358,0.011705,0.602797,0.024469,0.285324,0.011582
