cohorte,anio_65,fuente_N,A_barra,TBP_A,TBP_C,TBP_B,TBP_A_idx,TBP_B_idx,TBP_C_idx
1950,2015,DEIS,15,0.030205648809938066,0.5399078490883571,0.4533286525698091,100.0,100.0,100.0
1951,2016,DEIS,15,0.03080347863795155,0.5375638271023477,0.4643167692846303,101.97919876436089,102.42387430234825,99.5658477664351
1952,2017,DEIS,15,0.02998861397561,0.5300487520189068,0.4584428666191681,99.28147600571765,101.12814710042434,98.17392966483122
1953,2018,DEIS,15,0.029851379102468715,0.5333247390447061,0.453541792650498,98.82714087785861,100.04701667972688,98.78069747369543
1954,2019,DEIS,15,0.029647585769008333,0.5279582778573466,0.4550240718951132,98.15245471321867,100.37399341861432,97.7867387460309
1955,2020,DEIS,15,0.030725984960363082,0.5235001139591781,0.47559105204891483,101.72264517044182,104.91087412033315,96.96101192881642
1956,2021,DEIS,15,0.03311441612832089,0.5330692479504839,0.5033593203725849,109.62987862530468,111.03629067325971,98.73337623273672
1957,2022,DEIS,15,0.03186357389903332,0.5347281244587975,0.48284317936656357,105.48879151554517,106.51062460522711,99.04062801859509
1958,2023,DEIS,15,0.028686473057308027,0.5195120270678484,0.4474311246545443,94.97055745370974,98.69906129210383,96.22235126698985
1959,2024,DEIS,15,0.027674507853447133,0.5051593965536826,0.44391121025407576,91.62030594867358,97.9226015690056,93.56400308064647
1960,2025,DEIS,15,0.027460858754655964,0.5032504436237006,0.44215505031042046,90.91299090261876,97.53520934623299,93.21043294211168
1961,2026,DEIS,15,0.027281144296201227,0.501833921214192,0.44050131653304975,90.31802120146932,97.17041136401939,92.94806920505907
1962,2027,DEIS,15,0.027552512697040774,0.5087516364483184,0.4388337630244463,91.21642402190554,96.8025648802045,94.22934623146405
1963,2028,DEIS,15,0.026947536013514125,0.49960192818334914,0.43705852638614207,89.21356459871183,96.41096451957411,92.53466661522607
1964,2029,DEIS,15,0.026265145685495383,0.4889782172268675,0.4352461549924153,86.95441654229191,96.01117258419725,90.56697694847647
1965,2030,DEIS,15,0.025478140724858316,0.47612275479578975,0.43360415612006936,84.34892719958944,95.64896321070235,88.18592943216709
1966,2031,DEIS,15,0.024946243925781854,0.46818861137468126,0.4317466348123017,82.58800889446283,95.23921163262807,86.71639283726383
1967,2032,DEIS,15,0.024581761453703853,0.4632973744702473,0.4299300515457891,81.38133899516214,94.83849059807294,85.8104536269536
1968,2033,DEIS,15,0.02483260778554925,0.47017811255081093,0.4279613638761056,82.21180065292617,94.40421677520216,87.08488186358359
1969,2034,DEIS,15,0.028396368956834887,0.5400393051841902,0.4260711049849771,94.01012749473568,93.98724359682195,100.0243478764117
1970,2035,DEIS,15,0.025059530591309002,0.4785768914205828,0.4242929827566708,82.96306015139817,93.59500670241287,88.64047674592385
1971,2036,ONU proyectado,15,0.027368980395332292,0.5247892514883385,0.42258913706120577,90.60881481985425,93.21915450648254,97.19978184693062
1972,2037,ONU proyectado,15,0.02758318094403441,0.5310975991688162,0.42083771332754055,91.31795551750959,92.83280704670102,98.36819376965585
1973,2038,ONU proyectado,15,0.02781069477417165,0.537920020460983,0.4189274057498008,92.07117168435579,92.4114113182575,99.63182075779586
1974,2039,ONU proyectado,15,0.02794129369967802,0.5425780117071977,0.417281338285336,92.50353758494656,92.04830445194018,100.49455895544938
1975,2040,DEIS,15,0.029045787984217464,0.5665845678929363,0.4153967204686515,96.16011947626501,91.63257564106509,104.94097628875433
1976,2041,DEIS,15,0.028327798937944133,0.5549699089932636,0.413607149583676,93.7831169136281,91.23781328160892,102.78974642253101
1977,2042,DEIS,15,0.027359450961171847,0.5382424787591337,0.41188317325744916,90.57726630314997,90.85752045951307,99.69154544946227
1978,2043,DEIS,15,0.02733093149250917,0.5398952207030262,0.4101942729317503,90.48284863696398,90.4849650703655,99.99766101097582
1979,2044,DEIS,15,0.02798225807152044,0.5551596054615441,0.40842238882109083,92.63915583337477,90.09410424552792,102.82488139391562
1980,2045,DEIS,15,0.027223776847064618,0.5422785781497342,0.4067902821632184,90.12809828507186,89.73407700069782,100.43909883239893
1981,2046,DEIS,15,0.02598177862582965,0.5197057233188828,0.4050941956582759,86.01629049358904,89.35993640858484,96.25822706530644
1982,2047,DEIS,15,0.024778721506853264,0.49785407251569574,0.4032937322065398,82.03340263527375,88.96277125223972,92.21093439488428
1983,2048,DEIS,15,0.02396696645872512,0.48368933358676097,0.4015052234716843,79.34597468682634,88.56824319302333,89.58738688527644
1984,2049,DEIS,15,0.02265054422979814,0.45914465197339216,0.3997364518170865,74.98777587040543,88.17806894646488,85.0412996863567
1985,2050,DEIS,15,0.02277764585626387,0.4635706484666824,0.398141591366637,75.40856347627839,87.82625786163524,85.86106856001977
1986,2051,DEIS,15,0.023176452412452805,0.4736270285651618,0.39651089355851754,76.72886802824588,87.4665413956948,87.72367902502037
1987,2052,DEIS,15,0.022478244186351158,0.4611591620783431,0.3949627929446474,74.41735262099556,87.1250450872011,85.4144207862541
1988,2053,DEIS,15,0.022457700641151282,0.4626533366784216,0.39332742753997585,74.34934035835839,86.76429899374307,85.69116701296696
1989,2054,DEIS,15,0.02153157905675708,0.44552066805288915,0.3916090021261772,71.28328609075565,86.38523065026702,82.5179090848851
1990,2055,DEIS,15,0.021481478449899213,0.4463228259014009,0.38999560417449003,71.11742106606073,86.02933036853075,82.66648218858532
1991,2056,DEIS,15,0.02156713069647887,0.44998739841668345,0.3883619385795872,71.4009847369443,85.6689592369815,83.345222555385
1992,2057,DEIS,15,0.020659499378300347,0.43294046897166216,0.3866662372348634,68.39614506642576,85.29490360755871,80.18784496330049
1993,2058,DEIS,15,0.0199389233990799,0.4195966979025772,0.3850474796971026,66.01057810259557,84.93782105198135,77.71635448735795
1994,2059,DEIS,15,0.01972809650671111,0.41691583628597656,0.38342588959943397,65.31260636328494,84.58011366056095,77.21981389786156
1995,2060,DEIS,15,0.018935317598541702,0.4017733558693775,0.3818880803976679,62.68800156450117,84.24088753994214,74.41517224611165
1996,2061,DEIS,15,0.019093981741024498,0.4067590930290449,0.38036791379119356,63.2132812679141,83.9055532084683,75.33861449057723
1997,2062,DEIS,15,0.019273290207410386,0.4122922967879023,0.3787871889590825,63.806906875872876,83.55686030693862,76.36345674249122
1998,2063,DEIS,15,0.01875773248248843,0.4028410627939215,0.3773038586093219,62.10008134742294,83.229651704228,74.6129294978995
1999,2064,DEIS,15,0.01858073565476186,0.4007232935719871,0.3757188276081439,61.5141087406424,82.88000890265504,74.2206830755683
2000,2065,DEIS,15,0.018729364470317568,0.40564244863458493,0.37413151049694093,62.00616509901074,82.52986180689905,75.13179319758336
2001,2066,DEIS,15,0.01799148822341951,0.3912644926923487,0.37259866408060793,59.56332319370696,82.19173042966453,72.46875431668663
2002,2067,DEIS,15,0.018069994132774058,0.3945763918832543,0.37108342496307917,59.823227921622355,81.85748305550469,73.08217366157999
2003,2068,DEIS,15,0.017958881352750356,0.39358863961501217,0.3697271716908481,59.45537361489034,81.558306450509,72.89922535476985
2004,2069,DEIS,15,0.018729714719773104,0.41210054812180774,0.36827531723639567,62.007324648529895,81.23804113168958,76.3279416696101
2005,2070,DEIS,15,0.01791969345109807,0.3959302508939765,0.36673852405752494,59.32563661801645,80.89903913608241,73.33293108490847
2006,2071,DEIS,15,0.017329444142495282,0.3844173264685586,0.36528035863181985,57.37153421711525,80.57738167687724,71.20054415168316
2007,2072,DEIS,15,0.017242909832028298,0.38408236792646394,0.3637733073919316,57.085050351095745,80.24494047084599,71.13850420492923
2008,2073,DEIS,15,0.018178889974576267,0.4065636027254084,0.3623126578384499,60.18374274614213,79.92273503662038,75.3024064035923
2009,2074,DEIS,15,0.017932928415949765,0.4025225112244084,0.3609987377480975,59.369452809269205,79.63289672992963,74.55392839798013
2010,2075,DEIS,15,0.017976167650130093,0.405137878414807,0.3595331189126476,59.51260230575048,79.3095951192457,75.03833831993528
2011,2076,DEIS,15,0.017810572765598116,0.40295886564982775,0.3581474082526529,58.964377417174354,79.00392049397341,74.63474856500606
2012,2077,DEIS,15,0.017142260020392822,0.38933672380916373,0.35676919648530064,56.75183515592219,78.69990005327558,72.1116991476536
2013,2078,DEIS,15,0.01734518311115241,0.3953990596835192,0.3554576773671492,57.42364026110776,78.41059137827418,73.23454555275622
2014,2079,DEIS,15,0.017662570313399288,0.4041143099994816,0.3541557654817938,58.47439472178483,78.12340196768317,74.84875626124624
2015,2080,DEIS,15,0.017290285508391373,0.3970108907009285,0.3528940908692288,57.24189411452946,77.84508851773623,73.53308372369241
2016,2081,DEIS,15,0.016162022787923298,0.3725103822274501,0.35156203950338616,53.506623511446556,77.55125062368484,68.99517813205341
2017,2082,DEIS,15,0.015496836132890768,0.35844181975376344,0.35032328869406815,51.3044306063444,77.27799394725464,66.3894441169911
2018,2083,DEIS,15,0.014959980186815125,0.3472091721518296,0.34912783152774746,49.52709435558653,77.01428743774021,64.30896915799572
2019,2084,DEIS,15,0.013570990973828988,0.31615794832090444,0.3478180364299424,44.928652449153645,76.72535906527133,58.55776107992172
2020,2085,DEIS,15,0.01155049219797,0.27001354601350513,0.34662475905572177,38.23951033347687,76.46213339721434,50.01104289730687
2021,2086,DEIS,15,0.011515002490612429,0.2702214119469528,0.3452939104651146,38.12201672299069,76.16856082396909,50.04954315874939
2022,2087,DEIS,15,0.01080710337157165,0.2545678041793931,0.34399368589608403,35.77841826730094,75.88174361935167,47.1502321385464
2023,2088,DEIS,15,0.010120943807279705,0.23922065201762452,0.34282065930622513,33.506791630146274,75.62298508220445,44.307681842661175
2024,2089,DEIS,15,0.009124789200356774,0.21641536290162172,0.34164840295875987,30.208883304485074,75.36439645322191,40.083759342829055
2025,2090,ONU proyectado,15,0.011282916907625784,0.26859999161124865,0.34037686739395684,37.35366513270707,75.08390777076272,49.74922888503732
2026,2091,ONU proyectado,15,0.011392857824189107,0.27216284127627116,0.3391942562233421,37.71763982252453,74.82303496603026,50.40912847179799
2027,2092,ONU proyectado,15,0.011492037100415044,0.27551469426019043,0.3379845863710373,38.045986605770274,74.55619327282434,51.029947930077576
2028,2093,ONU proyectado,15,0.011582414304158004,0.278632349707977,0.3368311129006213,38.345192904273034,74.30174796832458,51.60739007192656
2029,2094,ONU proyectado,15,0.01168722759887243,0.28218226676097546,0.33560345699823135,38.69219188904552,74.03093872310465,52.264894321770775
2030,2095,ONU proyectado,15,0.011800152110499026,0.28589762537880353,0.3344426834525656,39.06604418514135,73.77488309126105,52.95304112758245
2031,2096,ONU proyectado,15,0.011897136870346279,0.28924557101923287,0.33328854104086825,39.38712571680288,73.52029022466088,53.573136880234024
2032,2097,ONU proyectado,15,0.011994894472163056,0.29262624605344273,0.3321450599278484,39.7107658492559,73.26804913940458,54.199294666218826
2033,2098,ONU proyectado,15,0.012093682787706096,0.29599046749254915,0.3310743159287838,40.03781830280405,73.03185317142531,54.82240497009512
2034,2099,ONU proyectado,15,0.012174199069880898,0.29894598010027434,0.3299835747909364,40.30437864945123,72.79124602434466,55.369815535197226
2035,2100,ONU proyectado,15,0.012234409072852667,0.30139833783244735,0.3289173530459867,40.50371223553185,72.55604762272024,55.824033368168884
1950,2015,DEIS,20,0.04027419841325076,0.7198771321178095,0.6044382034264121,100.0,100.0,100.0
1951,2016,DEIS,20,0.041071304850602064,0.7167517694697969,0.6190890257128403,101.97919876436089,102.42387430234825,99.56584776643508
1952,2017,DEIS,20,0.039984818634146664,0.7067316693585424,0.611257155492224,99.28147600571764,101.12814710042433,98.17392966483122
1953,2018,DEIS,20,0.03980183880329162,0.711099652059608,0.604722390200664,98.8271408778586,100.04701667972688,98.78069747369543
1954,2019,DEIS,20,0.03953011435867777,0.7039443704764621,0.6066987625268175,98.15245471321866,100.37399341861433,97.7867387460309
1955,2020,DEIS,20,0.04096797994715076,0.6980001519455706,0.6341214027318863,101.72264517044178,104.91087412033315,96.9610119288164
1956,2021,DEIS,20,0.04415255483776118,0.710758997267312,0.6711457604967798,109.62987862530466,111.03629067325971,98.73337623273672
1957,2022,DEIS,20,0.0424847651987111,0.71297083261173,0.6437909058220848,105.48879151554519,106.51062460522711,99.04062801859509
1958,2023,DEIS,20,0.03824863074307737,0.6926827027571312,0.5965748328727257,94.97055745370974,98.69906129210383,96.22235126698985
1959,2024,DEIS,20,0.03689934380459618,0.6735458620715769,0.591881613672101,91.62030594867358,97.9226015690056,93.56400308064649
1960,2025,DEIS,20,0.03661447833954128,0.6710005914982675,0.5895400670805606,90.91299090261874,97.53520934623299,93.21043294211168
1961,2026,DEIS,20,0.036374859061601636,0.6691118949522561,0.587335088710733,90.3180212014693,97.1704113640194,92.94806920505908
1962,2027,DEIS,20,0.036736683596054365,0.6783355152644246,0.5851116840325951,91.21642402190554,96.8025648802045,94.22934623146406
1963,2028,DEIS,20,0.035930048018018836,0.6661359042444656,0.5827447018481894,89.21356459871183,96.41096451957412,92.53466661522607
1964,2029,DEIS,20,0.03502019424732718,0.65197095630249,0.5803282066565537,86.9544165422919,96.01117258419724,90.56697694847648
1965,2030,DEIS,20,0.03397085429981109,0.6348303397277197,0.5781388748267591,84.34892719958944,95.64896321070235,88.1859294321671
1966,2031,DEIS,20,0.033261658567709136,0.6242514818329084,0.5756621797497355,82.58800889446282,95.23921163262807,86.71639283726383
1967,2032,DEIS,20,0.0327756819382718,0.6177298326269963,0.5732400687277188,81.38133899516211,94.83849059807294,85.81045362695359
1968,2033,DEIS,20,0.03311014371406567,0.626904150067748,0.5706151518348075,82.21180065292617,94.40421677520217,87.0848818635836
1969,2034,DEIS,20,0.037861825275779845,0.7200524069122535,0.5680948066466361,94.01012749473567,93.98724359682195,100.0243478764117
1970,2035,DEIS,20,0.03341270745507867,0.6381025218941103,0.5657239770088944,82.96306015139815,93.59500670241289,88.64047674592383
1971,2036,ONU proyectado,20,0.036491973860443054,0.6997190019844515,0.5634521827482744,90.60881481985425,93.21915450648255,97.19978184693063
1972,2037,ONU proyectado,20,0.03677757459204588,0.7081301322250881,0.5611169511033873,91.31795551750959,92.83280704670102,98.36819376965583
1973,2038,ONU proyectado,20,0.037080926365562206,0.7172266939479773,0.5585698743330677,92.0711716843558,92.4114113182575,99.63182075779588
1974,2039,ONU proyectado,20,0.03725505826623736,0.7234373489429302,0.5563751177137812,92.50353758494654,92.04830445194017,100.49455895544938
1975,2040,DEIS,20,0.03872771731228995,0.7554460905239151,0.553862293958202,96.16011947626501,91.63257564106509,104.94097628875433
1976,2041,DEIS,20,0.037770398583925516,0.7399598786576848,0.5514761994449013,93.7831169136281,91.23781328160891,102.78974642253098
1977,2042,DEIS,20,0.03647926794822913,0.7176566383455115,0.5491775643432656,90.57726630314994,90.85752045951307,99.69154544946225
1978,2043,DEIS,20,0.03644124199001223,0.7198602942707016,0.5469256972423338,90.48284863696398,90.4849650703655,99.99766101097582
1979,2044,DEIS,20,0.03730967742869391,0.7402128072820587,0.5445631850947877,92.63915583337476,90.09410424552792,102.82488139391562
1980,2045,DEIS,20,0.036298369129419486,0.7230381041996456,0.5423870428842912,90.12809828507184,89.73407700069782,100.43909883239893
1981,2046,DEIS,20,0.0346423715011062,0.6929409644251772,0.5401255942110346,86.01629049358904,89.35993640858484,96.25822706530644
1982,2047,DEIS,20,0.03303829534247101,0.6638054300209276,0.5377249762753864,82.03340263527372,88.96277125223973,92.21093439488428
1983,2048,DEIS,20,0.03195595527830016,0.6449191114490146,0.5353402979622457,79.34597468682634,88.56824319302333,89.58738688527644
1984,2049,DEIS,20,0.030200725639730856,0.6121928692978563,0.5329819357561153,74.98777587040541,88.17806894646488,85.04129968635671
1985,2050,DEIS,20,0.030370194475018496,0.6180941979555765,0.5308554551555159,75.40856347627837,87.82625786163523,85.86106856001977
1986,2051,DEIS,20,0.030901936549937066,0.631502704753549,0.5286811914113567,76.72886802824587,87.4665413956948,87.72367902502036
1987,2052,DEIS,20,0.029970992248468217,0.6148788827711242,0.5266170572595298,74.41735262099556,87.12504508720109,85.41442078625411
1988,2053,DEIS,20,0.029943600854868375,0.6168711155712289,0.5244365700533011,74.34934035835838,86.76429899374307,85.69116701296696
1989,2054,DEIS,20,0.028708772075676105,0.594027557403852,0.5221453361682362,71.28328609075564,86.38523065026702,82.51790908488508
1990,2055,DEIS,20,0.02864197126653228,0.5950971012018678,0.51999413889932,71.11742106606071,86.02933036853075,82.66648218858532
1991,2056,DEIS,20,0.02875617426197183,0.5999831978889112,0.5178159181061162,71.40098473694428,85.66895923698148,83.34522255538499
1992,2057,DEIS,20,0.02754599917106713,0.5772539586288828,0.5155549829798178,68.39614506642576,85.29490360755872,80.18784496330048
1993,2058,DEIS,20,0.026585231198773197,0.5594622638701029,0.5133966395961368,66.01057810259557,84.93782105198133,77.71635448735795
1994,2059,DEIS,20,0.02630412867561481,0.5558877817146354,0.5112345194659119,65.31260636328493,84.58011366056094,77.21981389786156
1995,2060,DEIS,20,0.025247090131388934,0.5356978078258366,0.5091841071968906,62.688001564501164,84.24088753994215,74.41517224611165
1996,2061,DEIS,20,0.025458642321365996,0.5423454573720599,0.507157218388258,63.21328126791409,83.90555320846829,75.33861449057724
1997,2062,DEIS,20,0.025697720276547188,0.5497230623838698,0.5050495852787766,63.80690687587289,83.55686030693862,76.36345674249122
1998,2063,DEIS,20,0.025010309976651244,0.5371214170585621,0.5030718114790959,62.10008134742295,83.229651704228,74.61292949789951
1999,2064,DEIS,20,0.024774314206349145,0.5342977247626495,0.5009584368108585,61.5141087406424,82.88000890265505,74.2206830755683
2000,2065,DEIS,20,0.024972485960423424,0.5408565981794465,0.4988420139959212,62.00616509901073,82.52986180689905,75.13179319758336
2001,2066,DEIS,20,0.023988650964559346,0.5216859902564649,0.4967982187741438,59.56332319370696,82.19173042966452,72.46875431668661
2002,2067,DEIS,20,0.024093325510365412,0.526101855844339,0.4947778999507722,59.823227921622355,81.85748305550469,73.08217366157997
2003,2068,DEIS,20,0.02394517513700048,0.5247848528200162,0.49296956225446414,59.45537361489035,81.558306450509,72.89922535476985
2004,2069,DEIS,20,0.02497295295969747,0.5494673974957437,0.4910337563151942,62.007324648529895,81.23804113168958,76.32794166961011
2005,2070,DEIS,20,0.023892924601464093,0.5279070011919688,0.4889846987433666,59.32563661801645,80.89903913608242,73.33293108490848
2006,2071,DEIS,20,0.023105925523327044,0.5125564352914115,0.4870404781757598,57.37153421711524,80.57738167687725,71.20054415168316
2007,2072,DEIS,20,0.022990546442704395,0.5121098239019519,0.48503107652257543,57.08505035109574,80.244940470846,71.13850420492925
2008,2073,DEIS,20,0.024238519966101692,0.5420848036338779,0.48308354378459983,60.18374274614213,79.92273503662038,75.3024064035923
2009,2074,DEIS,20,0.023910571221266348,0.5366966816325445,0.48133165033079656,59.369452809269184,79.63289672992961,74.55392839798013
2010,2075,DEIS,20,0.023968223533506788,0.5401838378864092,0.4793774918835301,59.51260230575046,79.3095951192457,75.03833831993526
2011,2076,DEIS,20,0.023747430354130822,0.5372784875331036,0.4775298776702039,58.964377417174354,79.00392049397341,74.63474856500606
2012,2077,DEIS,20,0.022856346693857093,0.5191156317455516,0.4756922619804008,56.75183515592218,78.69990005327558,72.11169914765361
2013,2078,DEIS,20,0.02312691081486988,0.5271987462446922,0.4739435698228656,57.42364026110775,78.41059137827418,73.23454555275622
2014,2079,DEIS,20,0.023550093751199045,0.5388190799993087,0.4722076873090583,58.47439472178481,78.12340196768315,74.84875626124622
2015,2080,DEIS,20,0.023053714011188498,0.5293478542679046,0.470525454492305,57.24189411452945,77.84508851773622,73.5330837236924
2016,2081,DEIS,20,0.021549363717231065,0.49668050963660015,0.4687493860045149,53.50662351144655,77.55125062368484,68.99517813205341
2017,2082,DEIS,20,0.020662448177187688,0.47792242633835125,0.4670977182587575,51.30443060634439,77.27799394725466,66.38944411699109
2018,2083,DEIS,20,0.019946640249086836,0.4629455628691062,0.46550377537032994,49.52709435558653,77.01428743774022,64.30896915799572
2019,2084,DEIS,20,0.018094654631771984,0.4215439310945392,0.4637573819065899,44.92865244915364,76.72535906527133,58.55776107992171
2020,2085,DEIS,20,0.015400656263960004,0.36001806135134024,0.46216634540762896,38.23951033347688,76.46213339721433,50.011042897306886
2021,2086,DEIS,20,0.015353336654149903,0.36029521592927033,0.4603918806201528,38.122016722990686,76.1685608239691,50.04954315874938
2022,2087,DEIS,20,0.014409471162095535,0.3394237389058576,0.4586582478614454,35.77841826730094,75.88174361935168,47.15023213854641
2023,2088,DEIS,20,0.013494591743039607,0.3189608693568327,0.4570942124083001,33.506791630146274,75.62298508220444,44.30768184266118
2024,2089,DEIS,20,0.012166385600475697,0.2885538172021623,0.4555312039450132,30.208883304485067,75.36439645322191,40.083759342829055
2025,2090,ONU proyectado,20,0.015043889210167713,0.35813332214833155,0.45383582319194243,37.35366513270707,75.08390777076274,49.74922888503732
2026,2091,ONU proyectado,20,0.015190477098918808,0.3628837883683615,0.4522590082977895,37.717639822524525,74.82303496603028,50.40912847179799
2027,2092,ONU proyectado,20,0.015322716133886728,0.36735292568025396,0.45064611516138303,38.04598660577028,74.55619327282436,51.029947930077576
2028,2093,ONU proyectado,20,0.01544321907221067,0.371509799610636,0.4491081505341617,38.34519290427303,74.30174796832458,51.60739007192655
2029,2094,ONU proyectado,20,0.015582970131829908,0.37624302234796725,0.44747127599764175,38.69219188904552,74.03093872310465,52.26489432177077
2030,2095,ONU proyectado,20,0.015733536147332035,0.3811968338384047,0.44592357793675413,39.066044185141344,73.77488309126105,52.953041127582445
2031,2096,ONU proyectado,20,0.015862849160461705,0.38566076135897714,0.44438472138782426,39.38712571680288,73.52029022466087,53.573136880234024
2032,2097,ONU proyectado,20,0.01599319262955074,0.39016832807125695,0.4428600799037978,39.71076584925589,73.26804913940458,54.199294666218826
2033,2098,ONU proyectado,20,0.01612491038360813,0.39465395665673225,0.4414324212383783,40.037818302804055,73.03185317142531,54.822404970095135
2034,2099,ONU proyectado,20,0.016232265426507863,0.39859464013369916,0.43997809972124846,40.30437864945123,72.79124602434466,55.36981553519723
2035,2100,ONU proyectado,20,0.016312545430470223,0.40186445044326313,0.4385564707279822,40.50371223553185,72.55604762272024,55.82403336816888
1950,2015,DEIS,25,0.05034274801656345,0.8998464151472618,0.7555477542830151,99.99999999999999,100.0,100.0
1951,2016,DEIS,25,0.05133913106325259,0.8959397118372463,0.7738612821410503,101.97919876436087,102.42387430234822,99.5658477664351
1952,2017,DEIS,25,0.049981023292683335,0.883414586698178,0.7640714443652801,99.28147600571764,101.12814710042431,98.17392966483122
1953,2018,DEIS,25,0.04975229850411453,0.8888745650745101,0.75590298775083,98.8271408778586,100.04701667972688,98.78069747369543
1954,2019,DEIS,25,0.04941264294834721,0.8799304630955775,0.7583734531585219,98.15245471321863,100.37399341861432,97.7867387460309
1955,2020,DEIS,25,0.05120997493393846,0.8725001899319633,0.7926517534148579,101.72264517044178,104.91087412033315,96.9610119288164
1956,2021,DEIS,25,0.055190693547201485,0.88844874658414,0.8389322006209747,109.62987862530467,111.03629067325971,98.73337623273672
1957,2022,DEIS,25,0.05310595649838886,0.8912135407646624,0.8047386322776059,105.48879151554515,106.5106246052271,99.04062801859509
1958,2023,DEIS,25,0.0478107884288467,0.8658533784464139,0.7457185410909071,94.97055745370972,98.69906129210382,96.22235126698983
1959,2024,DEIS,25,0.04612417975574524,0.8419323275894711,0.7398520170901262,91.62030594867359,97.92260156900558,93.5640030806465
1960,2025,DEIS,25,0.0457680979244266,0.8387507393728342,0.7369250838507008,90.91299090261872,97.53520934623297,93.21043294211167
1961,2026,DEIS,25,0.04546857382700205,0.8363898686903201,0.7341688608884162,90.3180212014693,97.17041136401939,92.94806920505907
1962,2027,DEIS,25,0.045920854495067956,0.8479193940805307,0.7313896050407438,91.21642402190552,96.8025648802045,94.22934623146405
1963,2028,DEIS,25,0.04491256002252354,0.832669880305582,0.7284308773102367,89.21356459871181,96.41096451957411,92.53466661522607
1964,2029,DEIS,25,0.04377524280915897,0.8149636953781124,0.7254102583206922,86.95441654229188,96.01117258419725,90.56697694847647
1965,2030,DEIS,25,0.04246356787476386,0.7935379246596497,0.7226735935334488,84.34892719958944,95.64896321070235,88.1859294321671
1966,2031,DEIS,25,0.04157707320963641,0.7803143522911353,0.7195777246871694,82.58800889446277,95.23921163262806,86.7163928372638
1967,2032,DEIS,25,0.04096960242283976,0.7721622907837455,0.7165500859096484,81.38133899516211,94.83849059807292,85.8104536269536
1968,2033,DEIS,25,0.04138767964258208,0.783630187584685,0.7132689397935094,82.21180065292616,94.40421677520217,87.0848818635836
1969,2034,DEIS,25,0.0473272815947248,0.9000655086403168,0.710118508308295,94.01012749473566,93.98724359682193,100.02434787641168
1970,2035,DEIS,25,0.04176588431884833,0.7976281523676378,0.7071549712611179,82.96306015139815,93.59500670241287,88.64047674592383
1971,2036,ONU proyectado,25,0.045614967325553826,0.8746487524805644,0.7043152284353429,90.60881481985425,93.21915450648252,97.19978184693065
1972,2037,ONU proyectado,25,0.045971968240057344,0.8851626652813602,0.7013961888792342,91.31795551750956,92.83280704670102,98.36819376965585
1973,2038,ONU proyectado,25,0.04635115795695276,0.8965333674349717,0.6982123429163346,92.07117168435579,92.41141131825749,99.63182075779588
1974,2039,ONU proyectado,25,0.046568822832796695,0.9042966861786627,0.6954688971422265,92.50353758494653,92.04830445194015,100.49455895544936
1975,2040,DEIS,25,0.048409646640362444,0.9443076131548939,0.6923278674477524,96.160119476265,91.63257564106509,104.94097628875433
1976,2041,DEIS,25,0.04721299822990689,0.9249498483221059,0.6893452493061266,93.78311691362809,91.23781328160892,102.78974642253098
1977,2042,DEIS,25,0.04559908493528641,0.8970707979318895,0.6864719554290819,90.57726630314994,90.85752045951305,99.69154544946228
1978,2043,DEIS,25,0.04555155248751528,0.899825367838377,0.6836571215529171,90.48284863696395,90.4849650703655,99.99766101097582
1979,2044,DEIS,25,0.046637096785867395,0.9252660091025734,0.6807039813684846,92.63915583337476,90.0941042455279,102.8248813939156
1980,2045,DEIS,25,0.04537296141177436,0.9037976302495571,0.6779838036053639,90.12809828507184,89.73407700069782,100.43909883239893
1981,2046,DEIS,25,0.04330296437638276,0.8661762055314715,0.6751569927637932,86.01629049358904,89.35993640858483,96.25822706530646
1982,2047,DEIS,25,0.041297869178088774,0.8297567875261597,0.672156220344233,82.03340263527372,88.9627712522397,92.21093439488428
1983,2048,DEIS,25,0.0399449440978752,0.8061488893112682,0.6691753724528071,79.34597468682632,88.56824319302332,89.58738688527643
1984,2049,DEIS,25,0.037750907049663565,0.7652410866223204,0.6662274196951441,74.9877758704054,88.17806894646488,85.0412996863567
1985,2050,DEIS,25,0.03796274309377312,0.7726177474444706,0.663569318944395,75.40856347627837,87.82625786163523,85.86106856001977
1986,2051,DEIS,25,0.03862742068742134,0.7893783809419362,0.6608514892641959,76.72886802824587,87.4665413956948,87.72367902502037
1987,2052,DEIS,25,0.03746374031058526,0.7685986034639052,0.6582713215744123,74.41735262099554,87.1250450872011,85.4144207862541
1988,2053,DEIS,25,0.03742950106858547,0.7710888944640361,0.6555457125666263,74.34934035835838,86.76429899374304,85.69116701296696
1989,2054,DEIS,25,0.035885965094595136,0.7425344467548152,0.6526816702102953,71.28328609075564,86.385230650267,82.51790908488509
1990,2055,DEIS,25,0.03580246408316535,0.7438713765023346,0.6499926736241499,71.1174210660607,86.02933036853074,82.6664821885853
1991,2056,DEIS,25,0.035945217827464786,0.749978997361139,0.6472698976326452,71.40098473694427,85.66895923698148,83.345222555385
1992,2057,DEIS,25,0.034432498963833914,0.7215674482861035,0.6444437287247722,68.39614506642576,85.2949036075587,80.18784496330049
1993,2058,DEIS,25,0.033231538998466495,0.6993278298376288,0.641745799495171,66.01057810259556,84.93782105198133,77.71635448735796
1994,2059,DEIS,25,0.03288016084451851,0.6948597271432941,0.6390431493323898,65.31260636328491,84.58011366056093,77.21981389786154
1995,2060,DEIS,25,0.031558862664236166,0.6696222597822958,0.6364801339961131,62.68800156450115,84.24088753994214,74.41517224611165
1996,2061,DEIS,25,0.0318233029017075,0.6779318217150748,0.6339465229853225,63.2132812679141,83.90555320846829,75.33861449057724
1997,2062,DEIS,25,0.03212215034568398,0.6871538279798372,0.6313119815984708,63.80690687587286,83.55686030693862,76.36345674249122
1998,2063,DEIS,25,0.03126288747081405,0.6714017713232026,0.6288397643488698,62.100081347422936,83.22965170422799,74.61292949789951
1999,2064,DEIS,25,0.030967892757936433,0.6678721559533118,0.6261980460135731,61.51410874064239,82.88000890265504,74.2206830755683
2000,2065,DEIS,25,0.03121560745052928,0.6760707477243082,0.6235525174949015,62.00616509901072,82.52986180689904,75.13179319758336
2001,2066,DEIS,25,0.029985813705699183,0.6521074878205811,0.6209977734676798,59.56332319370695,82.19173042966452,72.46875431668663
2002,2067,DEIS,25,0.030116656887956762,0.6576273198054238,0.6184723749384652,59.82322792162234,81.85748305550467,73.08217366157999
2003,2068,DEIS,25,0.0299314689212506,0.6559810660250204,0.6162119528180802,59.45537361489035,81.558306450509,72.89922535476987
2004,2069,DEIS,25,0.031216191199621834,0.6868342468696794,0.6137921953939928,62.007324648529874,81.23804113168958,76.32794166961008
2005,2070,DEIS,25,0.029866155751830117,0.6598837514899609,0.6112308734292081,59.32563661801645,80.89903913608241,73.33293108490848
2006,2071,DEIS,25,0.028882406904158806,0.6406955441142643,0.6088005977196997,57.37153421711524,80.57738167687725,71.20054415168318
2007,2072,DEIS,25,0.028738183053380495,0.64013727987744,0.6062888456532193,57.08505035109573,80.24494047084599,71.13850420492925
2008,2073,DEIS,25,0.030298149957627116,0.6776060045423474,0.6038544297307498,60.18374274614213,79.92273503662037,75.3024064035923
2009,2074,DEIS,25,0.02988821402658294,0.6708708520406808,0.6016645629134957,59.36945280926919,79.6328967299296,74.55392839798014
2010,2075,DEIS,25,0.029960279416883485,0.6752297973580116,0.5992218648544126,59.512602305750455,79.3095951192457,75.03833831993526
2011,2076,DEIS,25,0.02968428794266353,0.6715981094163795,0.5969123470877548,58.964377417174354,79.0039204939734,74.63474856500608
2012,2077,DEIS,25,0.028570433367321367,0.6488945396819396,0.594615327475501,56.75183515592217,78.69990005327558,72.11169914765361
2013,2078,DEIS,25,0.028908638518587357,0.6589984328058655,0.5924294622785821,57.423640261107764,78.41059137827418,73.23454555275625
2014,2079,DEIS,25,0.029437617188998805,0.6735238499991358,0.5902596091363229,58.474394721784805,78.12340196768315,74.84875626124622
2015,2080,DEIS,25,0.028817142513985615,0.6616848178348808,0.5881568181153812,57.24189411452943,77.84508851773622,73.5330837236924
2016,2081,DEIS,25,0.026936704646538828,0.6208506370457502,0.5859367325056435,53.50662351144655,77.55125062368484,68.99517813205341
2017,2082,DEIS,25,0.025828060221484612,0.5974030329229391,0.5838721478234469,51.30443060634438,77.27799394725464,66.3894441169911
2018,2083,DEIS,25,0.02493330031135854,0.5786819535863827,0.5818797192129124,49.52709435558652,77.01428743774021,64.30896915799572
2019,2084,DEIS,25,0.02261831828971498,0.526929913868174,0.5796967273832373,44.92865244915364,76.72535906527133,58.557761079921704
2020,2085,DEIS,25,0.019250820329950003,0.4500225766891752,0.5777079317595362,38.23951033347687,76.46213339721433,50.01104289730687
2021,2086,DEIS,25,0.01919167081768738,0.450369019911588,0.575489850775191,38.122016722990686,76.1685608239691,50.04954315874939
2022,2087,DEIS,25,0.01801183895261942,0.42427967363232194,0.5733228098268067,35.778418267300935,75.88174361935168,47.1502321385464
2023,2088,DEIS,25,0.01686823967879951,0.39870108669604093,0.5713677655103752,33.50679163014627,75.62298508220444,44.30768184266119
2024,2089,DEIS,25,0.015207982000594623,0.3606922715027029,0.5694140049312664,30.208883304485067,75.3643964532219,40.083759342829055
2025,2090,ONU proyectado,25,0.01880486151270964,0.44766665268541445,0.567294778989928,37.353665132707064,75.08390777076272,49.749228885037326
2026,2091,ONU proyectado,25,0.01898809637364851,0.4536047354604519,0.5653237603722369,37.717639822524525,74.82303496603026,50.409128471797985
2027,2092,ONU proyectado,25,0.019153395167358405,0.4591911571003174,0.5633076439517288,38.04598660577026,74.55619327282436,51.029947930077576
2028,2093,ONU proyectado,25,0.019304023840263338,0.464387249513295,0.5613851881677021,38.34519290427303,74.30174796832456,51.60739007192656
2029,2094,ONU proyectado,25,0.019478712664787384,0.4703037779349591,0.5593390949970521,38.69219188904551,74.03093872310464,52.26489432177077
2030,2095,ONU proyectado,25,0.019666920184165045,0.4764960422980059,0.5574044724209427,39.066044185141344,73.77488309126105,52.95304112758245
2031,2096,ONU proyectado,25,0.019828561450577133,0.48207595169872147,0.5554809017347803,39.38712571680288,73.52029022466085,53.573136880234024
2032,2097,ONU proyectado,25,0.019991490786938425,0.48771041008907123,0.5535750998797472,39.710765849255885,73.26804913940457,54.19929466621883
2033,2098,ONU proyectado,25,0.02015613797951016,0.4933174458209153,0.5517905265479729,40.03781830280404,73.03185317142531,54.82240497009513
2034,2099,ONU proyectado,25,0.02029033178313483,0.4982433001671239,0.5499726246515606,40.30437864945123,72.79124602434466,55.36981553519723
2035,2100,ONU proyectado,25,0.02039068178808778,0.5023305630540789,0.5481955884099777,40.50371223553185,72.55604762272023,55.82403336816888
1950,2015,DEIS,30,0.06041129761987613,1.0798156981767142,0.9066573051396182,100.0,100.0,100.0
1951,2016,DEIS,30,0.0616069572759031,1.0751276542046955,0.9286335385692606,101.97919876436089,102.42387430234825,99.5658477664351
1952,2017,DEIS,30,0.05997722795122,1.0600975040378136,0.9168857332383362,99.28147600571765,101.12814710042434,98.17392966483122
1953,2018,DEIS,30,0.05970275820493743,1.0666494780894122,0.907083585300996,98.82714087785861,100.04701667972688,98.78069747369543
1954,2019,DEIS,30,0.05929517153801667,1.0559165557146932,0.9100481437902264,98.15245471321867,100.37399341861432,97.7867387460309
1955,2020,DEIS,30,0.061451969920726164,1.0470002279183561,0.9511821040978297,101.72264517044182,104.91087412033315,96.96101192881642
1956,2021,DEIS,30,0.06622883225664178,1.0661384959009679,1.0067186407451698,109.62987862530468,111.03629067325971,98.73337623273672
1957,2022,DEIS,30,0.06372714779806664,1.069456248917595,0.9656863587331271,105.48879151554517,106.51062460522711,99.04062801859509
1958,2023,DEIS,30,0.057372946114616054,1.0390240541356968,0.8948622493090886,94.97055745370974,98.69906129210383,96.22235126698985
1959,2024,DEIS,30,0.05534901570689427,1.0103187931073652,0.8878224205081515,91.62030594867358,97.9226015690056,93.56400308064647
1960,2025,DEIS,30,0.05492171750931193,1.0065008872474013,0.8843101006208409,90.91299090261876,97.53520934623299,93.21043294211168
1961,2026,DEIS,30,0.054562288592402454,1.003667842428384,0.8810026330660995,90.31802120146932,97.17041136401939,92.94806920505907
1962,2027,DEIS,30,0.05510502539408155,1.017503272896637,0.8776675260488926,91.21642402190554,96.8025648802045,94.22934623146405
1963,2028,DEIS,30,0.05389507202702825,0.9992038563666983,0.8741170527722841,89.21356459871183,96.41096451957411,92.53466661522607
1964,2029,DEIS,30,0.052530291370990766,0.977956434453735,0.8704923099848306,86.95441654229191,96.01117258419725,90.56697694847647
1965,2030,DEIS,30,0.05095628144971663,0.9522455095915795,0.8672083122401387,84.34892719958944,95.64896321070235,88.18592943216709
1966,2031,DEIS,30,0.04989248785156371,0.9363772227493625,0.8634932696246034,82.58800889446283,95.23921163262807,86.71639283726383
1967,2032,DEIS,30,0.049163522907407706,0.9265947489404947,0.8598601030915782,81.38133899516214,94.83849059807294,85.8104536269536
1968,2033,DEIS,30,0.0496652155710985,0.9403562251016219,0.8559227277522112,82.21180065292617,94.40421677520216,87.08488186358359
1969,2034,DEIS,30,0.056792737913669775,1.0800786103683804,0.8521422099699542,94.01012749473568,93.98724359682195,100.0243478764117
1970,2035,DEIS,30,0.050119061182618004,0.9571537828411656,0.8485859655133416,82.96306015139817,93.59500670241287,88.64047674592385
1971,2036,ONU proyectado,30,0.054737960790664585,1.049578502976677,0.8451782741224115,90.60881481985425,93.21915450648254,97.19978184693062
1972,2037,ONU proyectado,30,0.05516636188806882,1.0621951983376323,0.8416754266550811,91.31795551750959,92.83280704670102,98.36819376965585
1973,2038,ONU proyectado,30,0.0556213895483433,1.075840040921966,0.8378548114996016,92.07117168435579,92.4114113182575,99.63182075779586
1974,2039,ONU proyectado,30,0.05588258739935604,1.0851560234143953,0.834562676570672,92.50353758494656,92.04830445194018,100.49455895544938
1975,2040,DEIS,30,0.05809157596843493,1.1331691357858726,0.830793440937303,96.16011947626501,91.63257564106509,104.94097628875433
1976,2041,DEIS,30,0.05665559787588827,1.1099398179865272,0.827214299167352,93.7831169136281,91.23781328160892,102.78974642253101
1977,2042,DEIS,30,0.054718901922343695,1.0764849575182673,0.8237663465148983,90.57726630314997,90.85752045951307,99.69154544946227
1978,2043,DEIS,30,0.05466186298501834,1.0797904414060524,0.8203885458635006,90.48284863696398,90.4849650703655,99.99766101097582
1979,2044,DEIS,30,0.05596451614304088,1.1103192109230882,0.8168447776421817,92.63915583337477,90.09410424552792,102.82488139391562
1980,2045,DEIS,30,0.054447553694129236,1.0845571562994685,0.8135805643264368,90.12809828507186,89.73407700069782,100.43909883239893
1981,2046,DEIS,30,0.0519635572516593,1.0394114466377655,0.8101883913165518,86.01629049358904,89.35993640858484,96.25822706530644
1982,2047,DEIS,30,0.04955744301370653,0.9957081450313915,0.8065874644130796,82.03340263527375,88.96277125223972,92.21093439488428
1983,2048,DEIS,30,0.04793393291745024,0.9673786671735219,0.8030104469433686,79.34597468682634,88.56824319302333,89.58738688527644
1984,2049,DEIS,30,0.04530108845959628,0.9182893039467843,0.799472903634173,74.98777587040543,88.17806894646488,85.0412996863567
1985,2050,DEIS,30,0.04555529171252774,0.9271412969333648,0.796283182733274,75.40856347627839,87.82625786163524,85.86106856001977
1986,2051,DEIS,30,0.04635290482490561,0.9472540571303236,0.7930217871170351,76.72886802824588,87.4665413956948,87.72367902502037
1987,2052,DEIS,30,0.044956488372702316,0.9223183241566862,0.7899255858892948,74.41735262099556,87.1250450872011,85.4144207862541
1988,2053,DEIS,30,0.044915401282302564,0.9253066733568432,0.7866548550799517,74.34934035835839,86.76429899374307,85.69116701296696
1989,2054,DEIS,30,0.04306315811351416,0.8910413361057783,0.7832180042523544,71.28328609075565,86.38523065026702,82.5179090848851
1990,2055,DEIS,30,0.04296295689979843,0.8926456518028018,0.7799912083489801,71.11742106606073,86.02933036853075,82.66648218858532
1991,2056,DEIS,30,0.04313426139295774,0.8999747968333669,0.7767238771591743,71.4009847369443,85.6689592369815,83.345222555385
1992,2057,DEIS,30,0.041318998756600694,0.8658809379433243,0.7733324744697267,68.39614506642576,85.29490360755871,80.18784496330049
1993,2058,DEIS,30,0.0398778467981598,0.8391933958051544,0.7700949593942052,66.01057810259557,84.93782105198135,77.71635448735795
1994,2059,DEIS,30,0.03945619301342222,0.8338316725719531,0.7668517791988679,65.31260636328494,84.58011366056095,77.21981389786156
1995,2060,DEIS,30,0.037870635197083405,0.803546711738755,0.7637761607953358,62.68800156450117,84.24088753994214,74.41517224611165
1996,2061,DEIS,30,0.038187963482048996,0.8135181860580898,0.7607358275823871,63.2132812679141,83.9055532084683,75.33861449057723
1997,2062,DEIS,30,0.03854658041482077,0.8245845935758046,0.757574377918165,63.806906875872876,83.55686030693862,76.36345674249122
1998,2063,DEIS,30,0.03751546496497686,0.805682125587843,0.7546077172186438,62.10008134742294,83.229651704228,74.6129294978995
1999,2064,DEIS,30,0.03716147130952372,0.8014465871439742,0.7514376552162878,61.5141087406424,82.88000890265504,74.2206830755683
2000,2065,DEIS,30,0.037458728940635136,0.8112848972691699,0.7482630209938819,62.00616509901074,82.52986180689905,75.13179319758336
2001,2066,DEIS,30,0.03598297644683902,0.7825289853846974,0.7451973281612159,59.56332319370696,82.19173042966453,72.46875431668663
2002,2067,DEIS,30,0.036139988265548116,0.7891527837665085,0.7421668499261583,59.823227921622355,81.85748305550469,73.08217366157999
2003,2068,DEIS,30,0.03591776270550071,0.7871772792300243,0.7394543433816962,59.45537361489034,81.558306450509,72.89922535476985
2004,2069,DEIS,30,0.03745942943954621,0.8242010962436155,0.7365506344727913,62.007324648529895,81.23804113168958,76.3279416696101
2005,2070,DEIS,30,0.03583938690219614,0.791860501787953,0.7334770481150499,59.32563661801645,80.89903913608241,73.33293108490847
2006,2071,DEIS,30,0.034658888284990565,0.7688346529371172,0.7305607172636397,57.37153421711525,80.57738167687724,71.20054415168316
2007,2072,DEIS,30,0.034485819664056595,0.7681647358529279,0.7275466147838632,57.085050351095745,80.24494047084599,71.13850420492923
2008,2073,DEIS,30,0.036357779949152534,0.8131272054508168,0.7246253156768998,60.18374274614213,79.92273503662038,75.3024064035923
2009,2074,DEIS,30,0.03586585683189953,0.8050450224488168,0.721997475496195,59.369452809269205,79.63289672992963,74.55392839798013
2010,2075,DEIS,30,0.03595233530026019,0.810275756829614,0.7190662378252952,59.51260230575048,79.3095951192457,75.03833831993528
2011,2076,DEIS,30,0.03562114553119623,0.8059177312996555,0.7162948165053058,58.964377417174354,79.00392049397341,74.63474856500606
2012,2077,DEIS,30,0.034284520040785645,0.7786734476183275,0.7135383929706013,56.75183515592219,78.69990005327558,72.1116991476536
2013,2078,DEIS,30,0.03469036622230482,0.7907981193670384,0.7109153547342985,57.42364026110776,78.41059137827418,73.23454555275622
2014,2079,DEIS,30,0.035325140626798576,0.8082286199989632,0.7083115309635876,58.47439472178483,78.12340196768317,74.84875626124624
2015,2080,DEIS,30,0.034580571016782746,0.794021781401857,0.7057881817384576,57.24189411452946,77.84508851773623,73.53308372369241
2016,2081,DEIS,30,0.032324045575846595,0.7450207644549002,0.7031240790067723,53.506623511446556,77.55125062368484,68.99517813205341
2017,2082,DEIS,30,0.030993672265781536,0.7168836395075269,0.7006465773881363,51.3044306063444,77.27799394725464,66.3894441169911
2018,2083,DEIS,30,0.02991996037363025,0.6944183443036592,0.6982556630554949,49.52709435558653,77.01428743774021,64.30896915799572
2019,2084,DEIS,30,0.027141981947657975,0.6323158966418089,0.6956360728598848,44.928652449153645,76.72535906527133,58.55776107992172
2020,2085,DEIS,30,0.02310098439594,0.5400270920270103,0.6932495181114435,38.23951033347687,76.46213339721434,50.01104289730687
2021,2086,DEIS,30,0.023030004981224858,0.5404428238939056,0.6905878209302292,38.12201672299069,76.16856082396909,50.04954315874939
2022,2087,DEIS,30,0.0216142067431433,0.5091356083587862,0.6879873717921681,35.77841826730094,75.88174361935167,47.1502321385464
2023,2088,DEIS,30,0.02024188761455941,0.47844130403524904,0.6856413186124503,33.506791630146274,75.62298508220445,44.307681842661175
2024,2089,DEIS,30,0.018249578400713548,0.43283072580324344,0.6832968059175197,30.208883304485074,75.36439645322191,40.083759342829055
2025,2090,ONU proyectado,30,0.022565833815251568,0.5371999832224973,0.6807537347879137,37.35366513270707,75.08390777076272,49.74922888503732
2026,2091,ONU proyectado,30,0.022785715648378214,0.5443256825525423,0.6783885124466842,37.71763982252453,74.82303496603026,50.40912847179799
2027,2092,ONU proyectado,30,0.02298407420083009,0.5510293885203809,0.6759691727420746,38.045986605770274,74.55619327282434,51.029947930077576
2028,2093,ONU proyectado,30,0.023164828608316007,0.557264699415954,0.6736622258012426,38.345192904273034,74.30174796832458,51.60739007192656
2029,2094,ONU proyectado,30,0.02337445519774486,0.5643645335219509,0.6712069139964627,38.69219188904552,74.03093872310465,52.264894321770775
2030,2095,ONU proyectado,30,0.023600304220998052,0.5717952507576071,0.6688853669051312,39.06604418514135,73.77488309126105,52.95304112758245
2031,2096,ONU proyectado,30,0.023794273740692557,0.5784911420384657,0.6665770820817365,39.38712571680288,73.52029022466088,53.573136880234024
2032,2097,ONU proyectado,30,0.023989788944326112,0.5852524921068855,0.6642901198556967,39.7107658492559,73.26804913940458,54.199294666218826
2033,2098,ONU proyectado,30,0.024187365575412192,0.5919809349850983,0.6621486318575676,40.03781830280405,73.03185317142531,54.82240497009512
2034,2099,ONU proyectado,30,0.024348398139761796,0.5978919602005487,0.6599671495818727,40.30437864945123,72.79124602434466,55.369815535197226
2035,2100,ONU proyectado,30,0.024468818145705333,0.6027966756648947,0.6578347060919734,40.50371223553185,72.55604762272024,55.824033368168884
