vintage,tabla,edad,periodo,valor
wpp2012,tfrprojMed,,2015-2020,2.119
wpp2012,tfrprojMed,,2020-2025,2.062
wpp2012,percentASFR,15-19,2015-2020,12.29
wpp2012,percentASFR,15-19,2020-2025,12.12
wpp2012,percentASFR,20-24,2015-2020,24.27
wpp2012,percentASFR,20-24,2020-2025,24.36
wpp2012,percentASFR,25-29,2015-2020,26.32
wpp2012,percentASFR,25-29,2020-2025,26.67
wpp2012,percentASFR,30-34,2015-2020,21.72
wpp2012,percentASFR,30-34,2020-2025,21.73
wpp2012,percentASFR,35-39,2015-2020,11.69
wpp2012,percentASFR,35-39,2020-2025,11.51
wpp2012,percentASFR,40-44,2015-2020,3.43
wpp2012,percentASFR,40-44,2020-2025,3.35
wpp2012,percentASFR,45-49,2015-2020,0.27
wpp2012,percentASFR,45-49,2020-2025,0.27
wpp2012,popFprojMed,0-4,2015,1679.228
wpp2012,popFprojMed,0-4,2020,1659.924
wpp2012,popFprojMed,0-4,2025,1623.941
wpp2012,popFprojMed,5-9,2015,1651.842
wpp2012,popFprojMed,5-9,2020,1670.374
wpp2012,popFprojMed,5-9,2025,1654.564
wpp2012,popFprojMed,10-14,2015,1605.95
wpp2012,popFprojMed,10-14,2020,1645.1
wpp2012,popFprojMed,10-14,2025,1666.401
wpp2012,popFprojMed,15-19,2015,1653.159
wpp2012,popFprojMed,15-19,2020,1598.933
wpp2012,popFprojMed,15-19,2025,1640.863
wpp2012,popFprojMed,20-24,2015,1671.522
wpp2012,popFprojMed,20-24,2020,1642.953
wpp2012,popFprojMed,20-24,2025,1592.756
wpp2012,popFprojMed,25-29,2015,1624.58
wpp2012,popFprojMed,25-29,2020,1660.847
wpp2012,popFprojMed,25-29,2025,1636.071
wpp2012,popFprojMed,30-34,2015,1568.065
wpp2012,popFprojMed,30-34,2020,1614.953
wpp2012,popFprojMed,30-34,2025,1653.837
wpp2012,popFprojMed,35-39,2015,1601.705
wpp2012,popFprojMed,35-39,2020,1558.282
wpp2012,popFprojMed,35-39,2025,1607.015
wpp2012,popFprojMed,40-44,2015,1342.737
wpp2012,popFprojMed,40-44,2020,1589.782
wpp2012,popFprojMed,40-44,2025,1548.256
wpp2012,popFprojMed,45-49,2015,1177.965
wpp2012,popFprojMed,45-49,2020,1328.765
wpp2012,popFprojMed,45-49,2025,1575.148
wpp2012,popFprojMed,50-54,2015,1111.843
wpp2012,popFprojMed,50-54,2020,1160.455
wpp2012,popFprojMed,50-54,2025,1310.733
wpp2012,popFprojMed,55-59,2015,1050.449
wpp2012,popFprojMed,55-59,2020,1087.746
wpp2012,popFprojMed,55-59,2025,1137.17
wpp2012,popFprojMed,60-64,2015,961.942
wpp2012,popFprojMed,60-64,2020,1016.799
wpp2012,popFprojMed,60-64,2025,1055.353
wpp2012,popFprojMed,65-69,2015,821.467
wpp2012,popFprojMed,65-69,2020,915.341
wpp2012,popFprojMed,65-69,2025,970.864
wpp2012,popFprojMed,70-74,2015,667.494
wpp2012,popFprojMed,70-74,2020,759.598
wpp2012,popFprojMed,70-74,2025,850.765
wpp2012,popFprojMed,75-79,2015,534.086
wpp2012,popFprojMed,75-79,2020,585.649
wpp2012,popFprojMed,75-79,2025,671.877
wpp2012,popFprojMed,80-84,2015,399.571
wpp2012,popFprojMed,80-84,2020,421.64
wpp2012,popFprojMed,80-84,2025,468.726
wpp2012,popFprojMed,85-89,2015,247.714
wpp2012,popFprojMed,85-89,2020,265.055
wpp2012,popFprojMed,85-89,2025,285.615
wpp2012,popFprojMed,90-94,2015,108.734
wpp2012,popFprojMed,90-94,2020,129.626
wpp2012,popFprojMed,90-94,2025,142.443
wpp2012,popFprojMed,95-99,2015,32.665
wpp2012,popFprojMed,95-99,2020,41.954
wpp2012,popFprojMed,95-99,2025,51.485
wpp2012,popFprojMed,100+,2015,7.075
wpp2012,popFprojMed,100+,2020,9.472
wpp2012,popFprojMed,100+,2025,12.401
wpp2012,popMprojMed,0-4,2015,1742.565
wpp2012,popMprojMed,0-4,2020,1724.45
wpp2012,popMprojMed,0-4,2025,1688.478
wpp2012,popMprojMed,5-9,2015,1713.257
wpp2012,popMprojMed,5-9,2020,1733.667
wpp2012,popMprojMed,5-9,2025,1718.982
wpp2012,popMprojMed,10-14,2015,1663.097
wpp2012,popMprojMed,10-14,2020,1706.226
wpp2012,popMprojMed,10-14,2025,1729.368
wpp2012,popMprojMed,15-19,2015,1707.758
wpp2012,popMprojMed,15-19,2020,1654.864
wpp2012,popMprojMed,15-19,2025,1700.805
wpp2012,popMprojMed,20-24,2015,1719.661
wpp2012,popMprojMed,20-24,2020,1693.504
wpp2012,popMprojMed,20-24,2025,1645.043
wpp2012,popMprojMed,25-29,2015,1663.343
wpp2012,popMprojMed,25-29,2020,1703.015
wpp2012,popMprojMed,25-29,2025,1681.052
wpp2012,popMprojMed,30-34,2015,1591.794
wpp2012,popMprojMed,30-34,2020,1646.295
wpp2012,popMprojMed,30-34,2025,1689.152
wpp2012,popMprojMed,35-39,2015,1603.359
wpp2012,popMprojMed,35-39,2020,1573.737
wpp2012,popMprojMed,35-39,2025,1630.729
wpp2012,popMprojMed,40-44,2015,1329.197
wpp2012,popMprojMed,40-44,2020,1581.054
wpp2012,popMprojMed,40-44,2025,1554.7
wpp2012,popMprojMed,45-49,2015,1151.603
wpp2012,popMprojMed,45-49,2020,1303.613
wpp2012,popMprojMed,45-49,2025,1554.178
wpp2012,popMprojMed,50-54,2015,1058.243
wpp2012,popMprojMed,50-54,2020,1118.846
wpp2012,popMprojMed,50-54,2025,1270.22
wpp2012,popMprojMed,55-59,2015,944.591
wpp2012,popMprojMed,55-59,2020,1012.474
wpp2012,popMprojMed,55-59,2025,1074.779
wpp2012,popMprojMed,60-64,2015,841.515
wpp2012,popMprojMed,60-64,2020,882.343
wpp2012,popMprojMed,60-64,2025,951.363
wpp2012,popMprojMed,65-69,2015,678.637
wpp2012,popMprojMed,65-69,2020,757.918
wpp2012,popMprojMed,65-69,2025,801.571
wpp2012,popMprojMed,70-74,2015,507.362
wpp2012,popMprojMed,70-74,2020,578.309
wpp2012,popMprojMed,70-74,2025,653.76
wpp2012,popMprojMed,75-79,2015,350.146
wpp2012,popMprojMed,75-79,2020,395.373
wpp2012,popMprojMed,75-79,2025,458.315
wpp2012,popMprojMed,80-84,2015,216.745
wpp2012,popMprojMed,80-84,2020,234.331
wpp2012,popMprojMed,80-84,2025,270.819
wpp2012,popMprojMed,85-89,2015,106.776
wpp2012,popMprojMed,85-89,2020,116.295
wpp2012,popMprojMed,85-89,2025,129.346
wpp2012,popMprojMed,90-94,2015,35.88
wpp2012,popMprojMed,90-94,2020,43.508
wpp2012,popMprojMed,90-94,2025,48.758
wpp2012,popMprojMed,95-99,2015,8.169
wpp2012,popMprojMed,95-99,2020,10.555
wpp2012,popMprojMed,95-99,2025,13.081
wpp2012,popMprojMed,100+,2015,1.423
wpp2012,popMprojMed,100+,2020,1.823
wpp2012,popMprojMed,100+,2025,2.353
wpp2015,tfrprojMed,,2015-2020,2.2687
wpp2015,tfrprojMed,,2020-2025,2.1962
wpp2015,percentASFR,15-19,2015-2020,14.03
wpp2015,percentASFR,15-19,2020-2025,13.98
wpp2015,percentASFR,20-24,2015-2020,22.21
wpp2015,percentASFR,20-24,2020-2025,21.73
wpp2015,percentASFR,25-29,2015-2020,21.93
wpp2015,percentASFR,25-29,2020-2025,21.39
wpp2015,percentASFR,30-34,2015-2020,22.21
wpp2015,percentASFR,30-34,2020-2025,22.48
wpp2015,percentASFR,35-39,2015-2020,14.74
wpp2015,percentASFR,35-39,2020-2025,15.36
wpp2015,percentASFR,40-44,2015-2020,4.29
wpp2015,percentASFR,40-44,2020-2025,4.4
wpp2015,percentASFR,45-49,2015-2020,0.58
wpp2015,percentASFR,45-49,2020-2025,0.66
wpp2015,popF,0-4,2015,1826.421
wpp2015,popF,5-9,2015,1787.912
wpp2015,popF,10-14,2015,1760.811
wpp2015,popF,15-19,2015,1690.892
wpp2015,popF,20-24,2015,1703.309
wpp2015,popF,25-29,2015,1651.499
wpp2015,popF,30-34,2015,1584.083
wpp2015,popF,35-39,2015,1615.07
wpp2015,popF,40-44,2015,1361.211
wpp2015,popF,45-49,2015,1198.194
wpp2015,popF,50-54,2015,1126.892
wpp2015,popF,55-59,2015,1059.146
wpp2015,popF,60-64,2015,968.185
wpp2015,popF,65-69,2015,824.791
wpp2015,popF,70-74,2015,668.658
wpp2015,popF,75-79,2015,527.347
wpp2015,popF,80-84,2015,400.97
wpp2015,popF,85-89,2015,260.327
wpp2015,popF,90-94,2015,118.214
wpp2015,popF,95-99,2015,33.043
wpp2015,popF,100+,2015,5.078
wpp2015,popFprojMed,0-4,2020,1817.22
wpp2015,popFprojMed,0-4,2025,1799.286
wpp2015,popFprojMed,5-9,2020,1824.232
wpp2015,popFprojMed,5-9,2025,1815.185
wpp2015,popFprojMed,10-14,2020,1788.41
wpp2015,popFprojMed,10-14,2025,1824.363
wpp2015,popFprojMed,15-19,2020,1760.735
wpp2015,popFprojMed,15-19,2025,1788.083
wpp2015,popFprojMed,20-24,2020,1689.796
wpp2015,popFprojMed,20-24,2025,1759.419
wpp2015,popFprojMed,25-29,2020,1700.828
wpp2015,popFprojMed,25-29,2025,1687.335
wpp2015,popFprojMed,30-34,2020,1647.213
wpp2015,popFprojMed,30-34,2025,1696.542
wpp2015,popFprojMed,35-39,2020,1577.608
wpp2015,popFprojMed,35-39,2025,1640.816
wpp2015,popFprojMed,40-44,2020,1605.298
wpp2015,popFprojMed,40-44,2025,1568.605
wpp2015,popFprojMed,45-49,2020,1349.151
wpp2015,popFprojMed,45-49,2025,1591.82
wpp2015,popFprojMed,50-54,2020,1182.383
wpp2015,popFprojMed,50-54,2025,1332.312
wpp2015,popFprojMed,55-59,2020,1104.193
wpp2015,popFprojMed,55-59,2025,1159.935
wpp2015,popFprojMed,60-64,2020,1025.925
wpp2015,popFprojMed,60-64,2025,1071.675
wpp2015,popFprojMed,65-69,2020,920.113
wpp2015,popFprojMed,65-69,2025,978.148
wpp2015,popFprojMed,70-74,2020,759.328
wpp2015,popFprojMed,70-74,2025,851.454
wpp2015,popFprojMed,75-79,2020,583.738
wpp2015,popFprojMed,75-79,2025,668.231
wpp2015,popFprojMed,80-84,2020,421.424
wpp2015,popFprojMed,80-84,2025,472.051
wpp2015,popFprojMed,85-89,2020,277.038
wpp2015,popFprojMed,85-89,2025,296.021
wpp2015,popFprojMed,90-94,2020,142.375
wpp2015,popFprojMed,90-94,2025,154.848
wpp2015,popFprojMed,95-99,2020,44.783
wpp2015,popFprojMed,95-99,2025,55.331
wpp2015,popFprojMed,100+,2020,7.686
wpp2015,popFprojMed,100+,2025,11.081
wpp2015,popM,0-4,2015,1891.719
wpp2015,popM,5-9,2015,1850.432
wpp2015,popM,10-14,2015,1821.208
wpp2015,popM,15-19,2015,1747.022
wpp2015,popM,20-24,2015,1753.557
wpp2015,popM,25-29,2015,1684.921
wpp2015,popM,30-34,2015,1605.006
wpp2015,popM,35-39,2015,1606.998
wpp2015,popM,40-44,2015,1332.012
wpp2015,popM,45-49,2015,1161.548
wpp2015,popM,50-54,2015,1065.621
wpp2015,popM,55-59,2015,971.897
wpp2015,popM,60-64,2015,847.234
wpp2015,popM,65-69,2015,688.372
wpp2015,popM,70-74,2015,504.461
wpp2015,popM,75-79,2015,346.331
wpp2015,popM,80-84,2015,215.859
wpp2015,popM,85-89,2015,107.822
wpp2015,popM,90-94,2015,35.107
wpp2015,popM,95-99,2015,6.697
wpp2015,popM,100+,2015,0.878
wpp2015,popMprojMed,0-4,2020,1885.132
wpp2015,popMprojMed,0-4,2025,1868.88
wpp2015,popMprojMed,5-9,2020,1888.789
wpp2015,popMprojMed,5-9,2025,1882.58
wpp2015,popMprojMed,10-14,2020,1849.721
wpp2015,popMprojMed,10-14,2025,1887.958
wpp2015,popMprojMed,15-19,2020,1819.326
wpp2015,popMprojMed,15-19,2025,1847.8
wpp2015,popMprojMed,20-24,2020,1740.967
wpp2015,popMprojMed,20-24,2025,1813.386
wpp2015,popMprojMed,25-29,2020,1743.486
wpp2015,popMprojMed,25-29,2025,1731.669
wpp2015,popMprojMed,30-34,2020,1673.175
wpp2015,popMprojMed,30-34,2025,1732.129
wpp2015,popMprojMed,35-39,2020,1591.388
wpp2015,popMprojMed,35-39,2025,1659.893
wpp2015,popMprojMed,40-44,2020,1588.059
wpp2015,popMprojMed,40-44,2025,1573.957
wpp2015,popMprojMed,45-49,2020,1308.457
wpp2015,popMprojMed,45-49,2025,1561.947
wpp2015,popMprojMed,50-54,2020,1129.8
wpp2015,popMprojMed,50-54,2025,1275.38
wpp2015,popMprojMed,55-59,2020,1020.511
wpp2015,popMprojMed,55-59,2025,1085.644
wpp2015,popMprojMed,60-64,2020,908.402
wpp2015,popMprojMed,60-64,2025,958.932
wpp2015,popMprojMed,65-69,2020,762.363
wpp2015,popMprojMed,65-69,2025,824.08
wpp2015,popMprojMed,70-74,2020,583.81
wpp2015,popMprojMed,70-74,2025,654.291
wpp2015,popMprojMed,75-79,2020,390.332
wpp2015,popMprojMed,75-79,2025,459.283
wpp2015,popMprojMed,80-84,2020,232.873
wpp2015,popMprojMed,80-84,2025,268.182
wpp2015,popMprojMed,85-89,2020,117.531
wpp2015,popMprojMed,85-89,2025,130.085
wpp2015,popMprojMed,90-94,2020,43.122
wpp2015,popMprojMed,90-94,2025,48.319
wpp2015,popMprojMed,95-99,2020,8.984
wpp2015,popMprojMed,95-99,2025,11.335
wpp2015,popMprojMed,100+,2020,1.176
wpp2015,popMprojMed,100+,2025,1.536
wpp2017,tfrprojMed,,2015-2020,2.2683
wpp2017,tfrprojMed,,2020-2025,2.1956
wpp2017,percentASFR,15-19,2015-2020,13.8408
wpp2017,percentASFR,15-19,2020-2025,13.7325
wpp2017,percentASFR,20-24,2015-2020,22.669
wpp2017,percentASFR,20-24,2020-2025,22.119
wpp2017,percentASFR,25-29,2015-2020,22.6837
wpp2017,percentASFR,25-29,2020-2025,22.1288
wpp2017,percentASFR,30-34,2015-2020,22.0758
wpp2017,percentASFR,30-34,2020-2025,22.4428
wpp2017,percentASFR,35-39,2015-2020,14.0949
wpp2017,percentASFR,35-39,2020-2025,14.7536
wpp2017,percentASFR,40-44,2015-2020,4.1368
wpp2017,percentASFR,40-44,2020-2025,4.2592
wpp2017,percentASFR,45-49,2015-2020,0.4991
wpp2017,percentASFR,45-49,2020-2025,0.5641
wpp2017,popF,0-4,2015,1826.421
wpp2017,popF,5-9,2015,1788.408
wpp2017,popF,10-14,2015,1760.811
wpp2017,popF,15-19,2015,1690.893
wpp2017,popF,20-24,2015,1703.308
wpp2017,popF,25-29,2015,1651.499
wpp2017,popF,30-34,2015,1584.083
wpp2017,popF,35-39,2015,1615.071
wpp2017,popF,40-44,2015,1361.212
wpp2017,popF,45-49,2015,1198.193
wpp2017,popF,50-54,2015,1126.892
wpp2017,popF,55-59,2015,1059.145
wpp2017,popF,60-64,2015,968.185
wpp2017,popF,65-69,2015,824.791
wpp2017,popF,70-74,2015,668.658
wpp2017,popF,75-79,2015,527.347
wpp2017,popF,80-84,2015,400.97
wpp2017,popF,85-89,2015,260.327
wpp2017,popF,90-94,2015,118.214
wpp2017,popF,95-99,2015,33.044
wpp2017,popF,100+,2015,5.078
wpp2017,popFprojMed,0-4,2020,1818.015
wpp2017,popFprojMed,0-4,2025,1799.383
wpp2017,popFprojMed,5-9,2020,1824.197
wpp2017,popFprojMed,5-9,2025,1815.942
wpp2017,popFprojMed,10-14,2020,1788.888
wpp2017,popFprojMed,10-14,2025,1824.309
wpp2017,popFprojMed,15-19,2020,1760.717
wpp2017,popFprojMed,15-19,2025,1788.524
wpp2017,popFprojMed,20-24,2020,1689.779
wpp2017,popFprojMed,20-24,2025,1759.365
wpp2017,popFprojMed,25-29,2020,1700.794
wpp2017,popFprojMed,25-29,2025,1687.285
wpp2017,popFprojMed,30-34,2020,1647.181
wpp2017,popFprojMed,30-34,2025,1696.458
wpp2017,popFprojMed,35-39,2020,1577.576
wpp2017,popFprojMed,35-39,2025,1640.733
wpp2017,popFprojMed,40-44,2020,1605.251
wpp2017,popFprojMed,40-44,2025,1568.51
wpp2017,popFprojMed,45-49,2020,1349.097
wpp2017,popFprojMed,45-49,2025,1591.676
wpp2017,popFprojMed,50-54,2020,1182.299
wpp2017,popFprojMed,50-54,2025,1332.136
wpp2017,popFprojMed,55-59,2020,1104.081
wpp2017,popFprojMed,55-59,2025,1159.7
wpp2017,popFprojMed,60-64,2020,1025.756
wpp2017,popFprojMed,60-64,2025,1071.323
wpp2017,popFprojMed,65-69,2020,919.852
wpp2017,popFprojMed,65-69,2025,977.597
wpp2017,popFprojMed,70-74,2020,758.957
wpp2017,popFprojMed,70-74,2025,850.659
wpp2017,popFprojMed,75-79,2020,583.27
wpp2017,popFprojMed,75-79,2025,667.184
wpp2017,popFprojMed,80-84,2020,420.891
wpp2017,popFprojMed,80-84,2025,470.868
wpp2017,popFprojMed,85-89,2020,276.522
wpp2017,popFprojMed,85-89,2025,294.897
wpp2017,popFprojMed,90-94,2020,142.011
wpp2017,popFprojMed,90-94,2025,154.015
wpp2017,popFprojMed,95-99,2020,44.646
wpp2017,popFprojMed,95-99,2025,55.049
wpp2017,popFprojMed,100+,2020,7.282
wpp2017,popFprojMed,100+,2025,10.156
wpp2017,popM,0-4,2015,1891.719
wpp2017,popM,5-9,2015,1850.947
wpp2017,popM,10-14,2015,1821.208
wpp2017,popM,15-19,2015,1747.022
wpp2017,popM,20-24,2015,1753.558
wpp2017,popM,25-29,2015,1684.921
wpp2017,popM,30-34,2015,1605.006
wpp2017,popM,35-39,2015,1606.998
wpp2017,popM,40-44,2015,1332.013
wpp2017,popM,45-49,2015,1161.547
wpp2017,popM,50-54,2015,1065.621
wpp2017,popM,55-59,2015,971.897
wpp2017,popM,60-64,2015,847.233
wpp2017,popM,65-69,2015,688.372
wpp2017,popM,70-74,2015,504.461
wpp2017,popM,75-79,2015,346.33
wpp2017,popM,80-84,2015,215.858
wpp2017,popM,85-89,2015,107.821
wpp2017,popM,90-94,2015,35.107
wpp2017,popM,95-99,2015,6.697
wpp2017,popM,100+,2015,0.878
wpp2017,popMprojMed,0-4,2020,1885.632
wpp2017,popMprojMed,0-4,2025,1868.45
wpp2017,popMprojMed,5-9,2020,1888.713
wpp2017,popMprojMed,5-9,2025,1883.021
wpp2017,popMprojMed,10-14,2020,1850.199
wpp2017,popMprojMed,10-14,2025,1887.825
wpp2017,popMprojMed,15-19,2020,1819.291
wpp2017,popMprojMed,15-19,2025,1848.202
wpp2017,popMprojMed,20-24,2020,1740.897
wpp2017,popMprojMed,20-24,2025,1813.224
wpp2017,popMprojMed,25-29,2020,1743.416
wpp2017,popMprojMed,25-29,2025,1731.459
wpp2017,popMprojMed,30-34,2020,1673.108
wpp2017,popMprojMed,30-34,2025,1731.92
wpp2017,popMprojMed,35-39,2020,1591.308
wpp2017,popMprojMed,35-39,2025,1659.676
wpp2017,popMprojMed,40-44,2020,1587.946
wpp2017,popMprojMed,40-44,2025,1573.655
wpp2017,popMprojMed,45-49,2020,1308.297
wpp2017,popMprojMed,45-49,2025,1561.503
wpp2017,popMprojMed,50-54,2020,1129.579
wpp2017,popMprojMed,50-54,2025,1274.753
wpp2017,popMprojMed,55-59,2020,1020.158
wpp2017,popMprojMed,55-59,2025,1084.777
wpp2017,popMprojMed,60-64,2020,907.897
wpp2017,popMprojMed,60-64,2025,957.662
wpp2017,popMprojMed,65-69,2020,761.71
wpp2017,popMprojMed,65-69,2025,822.379
wpp2017,popMprojMed,70-74,2020,583.053
wpp2017,popMprojMed,70-74,2025,652.244
wpp2017,popMprojMed,75-79,2020,389.61
wpp2017,popMprojMed,75-79,2025,457.183
wpp2017,popMprojMed,80-84,2020,232.288
wpp2017,popMprojMed,80-84,2025,266.477
wpp2017,popMprojMed,85-89,2020,117.156
wpp2017,popMprojMed,85-89,2025,128.999
wpp2017,popMprojMed,90-94,2020,42.962
wpp2017,popMprojMed,90-94,2025,47.827
wpp2017,popMprojMed,95-99,2020,8.95
wpp2017,popMprojMed,95-99,2025,11.203
wpp2017,popMprojMed,100+,2020,1.18
wpp2017,popMprojMed,100+,2025,1.587
wpp2019,tfrprojMed,,2020-2025,2.1985
wpp2019,percentASFR,15-19,2015-2020,13.84083
wpp2019,percentASFR,15-19,2020-2025,14.03207
wpp2019,percentASFR,20-24,2015-2020,22.66887
wpp2019,percentASFR,20-24,2020-2025,22.06982
wpp2019,percentASFR,25-29,2015-2020,22.68364
wpp2019,percentASFR,25-29,2020-2025,21.47009
wpp2019,percentASFR,30-34,2015-2020,22.07584
wpp2019,percentASFR,30-34,2020-2025,22.22197
wpp2019,percentASFR,35-39,2015-2020,14.0948
wpp2019,percentASFR,35-39,2020-2025,15.14715
wpp2019,percentASFR,40-44,2015-2020,4.13713
wpp2019,percentASFR,40-44,2020-2025,4.41301
wpp2019,percentASFR,45-49,2015-2020,0.4989
wpp2019,percentASFR,45-49,2020-2025,0.64589
wpp2019,popF,0-4,2015,1822.773
wpp2019,popF,0-4,2020,1833.225
wpp2019,popF,5-9,2015,1767.44
wpp2019,popF,5-9,2020,1820.688
wpp2019,popF,10-14,2015,1740.807
wpp2019,popF,10-14,2020,1766.041
wpp2019,popF,15-19,2015,1715.767
wpp2019,popF,15-19,2020,1739.689
wpp2019,popF,20-24,2015,1746.835
wpp2019,popF,20-24,2020,1714.597
wpp2019,popF,25-29,2015,1663.577
wpp2019,popF,25-29,2020,1745.039
wpp2019,popF,30-34,2015,1577.655
wpp2019,popF,30-34,2020,1660.236
wpp2019,popF,35-39,2015,1580.666
wpp2019,popF,35-39,2020,1572.135
wpp2019,popF,40-44,2015,1372.602
wpp2019,popF,40-44,2020,1571.745
wpp2019,popF,45-49,2015,1216.798
wpp2019,popF,45-49,2020,1359.574
wpp2019,popF,50-54,2015,1146.637
wpp2019,popF,50-54,2020,1198.262
wpp2019,popF,55-59,2015,1043.578
wpp2019,popF,55-59,2020,1119.816
wpp2019,popF,60-64,2015,949.178
wpp2019,popF,60-64,2020,1006.668
wpp2019,popF,65-69,2015,824.015
wpp2019,popF,65-69,2020,899.258
wpp2019,popF,70-74,2015,661.678
wpp2019,popF,70-74,2020,758.347
wpp2019,popF,75-79,2015,516.326
wpp2019,popF,75-79,2020,577.676
wpp2019,popF,80-84,2015,385.157
wpp2019,popF,80-84,2020,406.456
wpp2019,popF,85-89,2015,237.144
wpp2019,popF,85-89,2020,251.28
wpp2019,popF,90-94,2015,93.986
wpp2019,popF,90-94,2020,114.056
wpp2019,popF,95-99,2015,21.238
wpp2019,popF,95-99,2020,28.42
wpp2019,popF,100+,2015,2.409
wpp2019,popF,100+,2020,3.423
wpp2019,popFprojMed,0-4,2025,1815.328
wpp2019,popFprojMed,5-9,2025,1831.315
wpp2019,popFprojMed,10-14,2025,1819.331
wpp2019,popFprojMed,15-19,2025,1764.791
wpp2019,popFprojMed,20-24,2025,1738.211
wpp2019,popFprojMed,25-29,2025,1712.632
wpp2019,popFprojMed,30-34,2025,1741.377
wpp2019,popFprojMed,35-39,2025,1654.475
wpp2019,popFprojMed,40-44,2025,1563.576
wpp2019,popFprojMed,45-49,2025,1557.406
wpp2019,popFprojMed,50-54,2025,1339.815
wpp2019,popFprojMed,55-59,2025,1171.648
wpp2019,popFprojMed,60-64,2025,1082.303
wpp2019,popFprojMed,65-69,2025,956.584
wpp2019,popFprojMed,70-74,2025,831.381
wpp2019,popFprojMed,75-79,2025,666.807
wpp2019,popFprojMed,80-84,2025,459.971
wpp2019,popFprojMed,85-89,2025,269.89
wpp2019,popFprojMed,90-94,2025,123.865
wpp2019,popFprojMed,95-99,2025,35.57
wpp2019,popFprojMed,100+,2025,4.729
wpp2019,popM,0-4,2015,1891.834
wpp2019,popM,0-4,2020,1903.426
wpp2019,popM,5-9,2015,1833.101
wpp2019,popM,5-9,2020,1889.129
wpp2019,popM,10-14,2015,1803.86
wpp2019,popM,10-14,2020,1831.221
wpp2019,popM,15-19,2015,1772.868
wpp2019,popM,15-19,2020,1799.76
wpp2019,popM,20-24,2015,1787.282
wpp2019,popM,20-24,2020,1762.738
wpp2019,popM,25-29,2015,1670.208
wpp2019,popM,25-29,2020,1775.21
wpp2019,popM,30-34,2015,1562.516
wpp2019,popM,30-34,2020,1658.744
wpp2019,popM,35-39,2015,1533.678
wpp2019,popM,35-39,2020,1550.297
wpp2019,popM,40-44,2015,1297.799
wpp2019,popM,40-44,2020,1518.156
wpp2019,popM,45-49,2015,1131.592
wpp2019,popM,45-49,2020,1278.269
wpp2019,popM,50-54,2015,1048.597
wpp2019,popM,50-54,2020,1103.469
wpp2019,popM,55-59,2015,942.417
wpp2019,popM,55-59,2020,1003.393
wpp2019,popM,60-64,2015,833.869
wpp2019,popM,60-64,2020,877.065
wpp2019,popM,65-69,2015,685.959
wpp2019,popM,65-69,2020,745.751
wpp2019,popM,70-74,2015,498.431
wpp2019,popM,70-74,2020,578.876
wpp2019,popM,75-79,2015,341.298
wpp2019,popM,75-79,2020,385.738
wpp2019,popM,80-84,2015,214.327
wpp2019,popM,80-84,2020,228.228
wpp2019,popM,85-89,2015,102.058
wpp2019,popM,85-89,2020,113.405
wpp2019,popM,90-94,2015,31.455
wpp2019,popM,90-94,2020,38.29
wpp2019,popM,95-99,2015,5.483
wpp2019,popM,95-99,2020,7.286
wpp2019,popM,100+,2015,0.518
wpp2019,popM,100+,2020,0.695
wpp2019,popMprojMed,0-4,2025,1885.501
wpp2019,popMprojMed,5-9,2025,1900.996
wpp2019,popMprojMed,10-14,2025,1887.338
wpp2019,popMprojMed,15-19,2025,1827.216
wpp2019,popMprojMed,20-24,2025,1789.871
wpp2019,popMprojMed,25-29,2025,1751.291
wpp2019,popMprojMed,30-34,2025,1763.359
wpp2019,popMprojMed,35-39,2025,1646.23
wpp2019,popMprojMed,40-44,2025,1535.309
wpp2019,popMprojMed,45-49,2025,1496.379
wpp2019,popMprojMed,50-54,2025,1248.176
wpp2019,popMprojMed,55-59,2025,1058.612
wpp2019,popMprojMed,60-64,2025,937.898
wpp2019,popMprojMed,65-69,2025,789.848
wpp2019,popMprojMed,70-74,2025,635.952
wpp2019,popMprojMed,75-79,2025,454.799
wpp2019,popMprojMed,80-84,2025,263.562
wpp2019,popMprojMed,85-89,2025,124.379
wpp2019,popMprojMed,90-94,2025,44.162
wpp2019,popMprojMed,95-99,2025,9.257
wpp2019,popMprojMed,100+,2025,0.955
